book_id,book_title,current_section_id,current_sec_position,current_kind,current_part_title,current_chapter_label,current_chapter_title,current_section_title,stored_word_count,canonical_node_id,canonical_source_key,canonical_node_type,canonical_title,confidence,score,recommended_action
1,O Livro dos Espíritos,4143,1,content,null,null,null,I,220,,,,,unmatched,0.0,review
1,O Livro dos Espíritos,4144,2,content,null,null,null,Ii,1082,,,,,unmatched,0.0,review
1,O Livro dos Espíritos,4145,3,content,null,null,null,Iii,1186,,,,,unmatched,0.0,review
1,O Livro dos Espíritos,4146,4,content,null,null,null,Iv,661,,,,,unmatched,0.0,review
1,O Livro dos Espíritos,4147,5,content,null,null,null,V,655,,,,,unmatched,0.0,review
1,O Livro dos Espíritos,4148,6,content,null,null,null,Vi,1680,,,,,unmatched,0.0,review
1,O Livro dos Espíritos,4149,7,content,null,null,null,Vii,1250,,,,,unmatched,0.0,review
1,O Livro dos Espíritos,4150,8,content,null,null,null,Viii,506,,,,,unmatched,0.0,review
1,O Livro dos Espíritos,4151,9,content,null,null,null,Ix,595,,,,,unmatched,0.0,review
1,O Livro dos Espíritos,4152,10,content,null,null,null,X,603,,,,,unmatched,0.0,review
1,O Livro dos Espíritos,4153,11,content,null,null,null,Xi,269,,,,,unmatched,0.0,review
1,O Livro dos Espíritos,4154,12,content,null,null,null,Xii,968,,,,,unmatched,0.0,review
1,O Livro dos Espíritos,4155,13,content,null,null,null,Xiii,587,,,,,unmatched,0.0,review
1,O Livro dos Espíritos,4156,14,content,null,null,null,Xiv,339,,,,,unmatched,0.0,review
1,O Livro dos Espíritos,4157,15,content,null,null,null,Xv,731,,,,,unmatched,0.0,review
1,O Livro dos Espíritos,4158,16,content,null,null,null,Xvi,1383,,,,,unmatched,0.0,review
1,O Livro dos Espíritos,4159,17,content,null,null,null,Xvii,589,,,,,unmatched,0.0,review
1,O Livro dos Espíritos,4160,18,content,null,null,null,Prolegômenos,903,o-livro-dos-espiritos:front_matter:0e6da772f1cebf11,0e6da772f1cebf11,front_matter,Prolegômenos,exact,1.0,reclassify
1,O Livro dos Espíritos,4161,19,part_intro,Parte Primeira — Das causas primárias,null,null,null,3,o-livro-dos-espiritos:division:ebde4b3effbf1881,ebde4b3effbf1881,division,PARTE PRIMEIRA — Das causas primárias,exact,1.0,keep
1,O Livro dos Espíritos,4162,20,content,Parte Primeira — Das causas primárias,null,null,null,20,,,,,unmatched,0.0,review
1,O Livro dos Espíritos,4163,21,chapter_intro,Parte Primeira — Das causas primárias,CAPÍTULO I,De Deus,null,14,o-livro-dos-espiritos:chapter:872ad5d38ea86464,872ad5d38ea86464,chapter,De Deus,chapter,1.0,keep
1,O Livro dos Espíritos,4164,22,content,Parte Primeira — Das causas primárias,CAPÍTULO I,De Deus,Deus e o infinito,328,o-livro-dos-espiritos:section:89c605b46f3c6ab9,89c605b46f3c6ab9,section,Deus e o infinito,exact,1.0,keep
1,O Livro dos Espíritos,4165,23,content,Parte Primeira — Das causas primárias,CAPÍTULO I,De Deus,Provas da existência de Deus,496,o-livro-dos-espiritos:section:b6a20d9c50f11b9b,b6a20d9c50f11b9b,section,Provas da existência de Deus,exact,1.0,keep
1,O Livro dos Espíritos,4166,24,content,Parte Primeira — Das causas primárias,CAPÍTULO I,De Deus,Atributos da Divindade,441,o-livro-dos-espiritos:section:ab6709ea61cd283d,ab6709ea61cd283d,section,Atributos da Divindade,exact,1.0,keep
1,O Livro dos Espíritos,4167,25,content,Parte Primeira — Das causas primárias,CAPÍTULO I,De Deus,Panteísmo,462,o-livro-dos-espiritos:section:bc4e273d707c1d95,bc4e273d707c1d95,section,Panteísmo,exact,1.0,keep
1,O Livro dos Espíritos,4168,26,chapter_intro,Parte Primeira — Das causas primárias,CAPÍTULO II,Dos elementos gerais do Universo,null,14,o-livro-dos-espiritos:chapter:0f21e3591c06280b,0f21e3591c06280b,chapter,Dos elementos gerais do Universo,chapter,1.0,keep
1,O Livro dos Espíritos,4169,27,content,Parte Primeira — Das causas primárias,CAPÍTULO II,Dos elementos gerais do Universo,Conhecimento do princípio das coisas,220,o-livro-dos-espiritos:section:1a43423b52e02301,1a43423b52e02301,section,Conhecimento do princípio das coisas,exact,1.0,keep
1,O Livro dos Espíritos,4170,28,content,Parte Primeira — Das causas primárias,CAPÍTULO II,Dos elementos gerais do Universo,Espírito e matéria,825,o-livro-dos-espiritos:section:d18124090b9e82aa,d18124090b9e82aa,section,Espírito e matéria,exact,1.0,keep
1,O Livro dos Espíritos,4171,29,content,Parte Primeira — Das causas primárias,CAPÍTULO II,Dos elementos gerais do Universo,Propriedades da matéria,554,o-livro-dos-espiritos:section:d1584aaf395ff8a3,d1584aaf395ff8a3,section,Propriedades da matéria,exact,1.0,keep
1,O Livro dos Espíritos,4172,30,content,Parte Primeira — Das causas primárias,CAPÍTULO II,Dos elementos gerais do Universo,Espaço universal,132,o-livro-dos-espiritos:section:0bb24a2586a2e15a,0bb24a2586a2e15a,section,Espaço universal,exact,1.0,keep
1,O Livro dos Espíritos,4173,31,chapter_intro,Parte Primeira — Das causas primárias,CAPÍTULO III,Da criação,null,26,o-livro-dos-espiritos:chapter:e2cb7feb2d244637,e2cb7feb2d244637,chapter,Da criação,chapter,1.0,keep
1,O Livro dos Espíritos,4174,32,content,Parte Primeira — Das causas primárias,CAPÍTULO III,Da criação,Formação dos mundos,287,o-livro-dos-espiritos:section:f7eb03ad22487fd3,f7eb03ad22487fd3,section,Formação dos mundos,exact,1.0,keep
1,O Livro dos Espíritos,4175,33,content,Parte Primeira — Das causas primárias,CAPÍTULO III,Da criação,Formação dos seres vivos,554,o-livro-dos-espiritos:section:b0f43c5b7491d2bf,b0f43c5b7491d2bf,section,Formação dos seres vivos,exact,1.0,keep
1,O Livro dos Espíritos,4176,34,content,Parte Primeira — Das causas primárias,CAPÍTULO III,Da criação,Povoamento da Terra. Adão,151,o-livro-dos-espiritos:section:a340ad23aff9f0e9,a340ad23aff9f0e9,section,Povoamento da Terra. Adão,exact,1.0,keep
1,O Livro dos Espíritos,4177,35,content,Parte Primeira — Das causas primárias,CAPÍTULO III,Da criação,Diversidade das raças humanas,172,o-livro-dos-espiritos:section:36056597aad6f488,36056597aad6f488,section,Diversidade das raças humanas,exact,1.0,keep
1,O Livro dos Espíritos,4178,36,content,Parte Primeira — Das causas primárias,CAPÍTULO III,Da criação,Pluralidade dos mundos,425,o-livro-dos-espiritos:section:44cc4a330291f43f,44cc4a330291f43f,section,Pluralidade dos mundos,exact,1.0,keep
1,O Livro dos Espíritos,4179,37,content,Parte Primeira — Das causas primárias,CAPÍTULO III,Da criação,concernentes à Criação,1230,o-livro-dos-espiritos:chapter:e2cb7feb2d244637,e2cb7feb2d244637,chapter,Da criação,chapter-aggregate,0.6,split
1,O Livro dos Espíritos,4180,38,chapter_intro,Parte Primeira — Das causas primárias,CAPÍTULO IV,Do princípio vital,null,13,o-livro-dos-espiritos:chapter:fbf5afa69b837271,fbf5afa69b837271,chapter,Do princípio vital,chapter,1.0,keep
1,O Livro dos Espíritos,4181,39,content,Parte Primeira — Das causas primárias,CAPÍTULO IV,Do princípio vital,Seres orgânicos e inorgânicos,534,o-livro-dos-espiritos:section:048e354ea05b4ae4,048e354ea05b4ae4,section,Seres orgânicos e inorgânicos,exact,1.0,keep
1,O Livro dos Espíritos,4182,40,content,Parte Primeira — Das causas primárias,CAPÍTULO IV,Do princípio vital,A vida e a morte,529,o-livro-dos-espiritos:section:6b2ac889843632cd,6b2ac889843632cd,section,A vida e a morte,exact,1.0,keep
1,O Livro dos Espíritos,4183,41,content,Parte Primeira — Das causas primárias,CAPÍTULO IV,Do princípio vital,Inteligência e instinto,480,o-livro-dos-espiritos:section:60bfb323273be3de,60bfb323273be3de,section,Inteligência e instinto,exact,1.0,keep
1,O Livro dos Espíritos,4184,42,part_intro,Parte Segunda — Do mundo espírita ou mundo dos Espíritos,null,null,null,7,o-livro-dos-espiritos:division:20ca3a4d1b9795b2,20ca3a4d1b9795b2,division,PARTE SEGUNDA — Do mundo espírita ou mundo dos Espíritos,exact,1.0,keep
1,O Livro dos Espíritos,4185,43,content,Parte Segunda — Do mundo espírita ou mundo dos Espíritos,null,null,null,79,,,,,unmatched,0.0,review
1,O Livro dos Espíritos,4186,44,chapter_intro,Parte Segunda — Do mundo espírita ou mundo dos Espíritos,CAPÍTULO I,Dos Espíritos,null,42,o-livro-dos-espiritos:chapter:4a7586bee3a51565,4a7586bee3a51565,chapter,Dos Espíritos,chapter,1.0,keep
1,O Livro dos Espíritos,4187,45,content,Parte Segunda — Do mundo espírita ou mundo dos Espíritos,CAPÍTULO I,Dos Espíritos,Origem e natureza dos Espíritos,647,o-livro-dos-espiritos:section:272497554a8d6863,272497554a8d6863,section,Origem e natureza dos Espíritos,exact,1.0,keep
1,O Livro dos Espíritos,4188,46,content,Parte Segunda — Do mundo espírita ou mundo dos Espíritos,CAPÍTULO I,Dos Espíritos,Mundo normal primitivo,156,o-livro-dos-espiritos:section:1fef70d32f93dd1e,1fef70d32f93dd1e,section,Mundo normal primitivo,exact,1.0,keep
1,O Livro dos Espíritos,4189,47,content,Parte Segunda — Do mundo espírita ou mundo dos Espíritos,CAPÍTULO I,Dos Espíritos,Forma e ubiquidade dos Espíritos,414,o-livro-dos-espiritos:section:1cb41316817bc6a9,1cb41316817bc6a9,section,Forma e ubiquidade dos Espíritos,exact,1.0,keep
1,O Livro dos Espíritos,4190,48,content,Parte Segunda — Do mundo espírita ou mundo dos Espíritos,CAPÍTULO I,Dos Espíritos,Perispírito,178,o-livro-dos-espiritos:section:abad294a42268a74,abad294a42268a74,section,Perispírito,exact,1.0,keep
1,O Livro dos Espíritos,4191,49,content,Parte Segunda — Do mundo espírita ou mundo dos Espíritos,CAPÍTULO I,Dos Espíritos,Diferentes ordens de Espíritos,262,o-livro-dos-espiritos:section:cb7ab7ca5a1482a2,cb7ab7ca5a1482a2,section,Diferentes ordens de Espíritos,exact,1.0,keep
1,O Livro dos Espíritos,4192,50,content,Parte Segunda — Do mundo espírita ou mundo dos Espíritos,CAPÍTULO I,Dos Espíritos,Escala espírita,693,o-livro-dos-espiritos:section:56956d1982806155,56956d1982806155,section,Escala espírita,exact,1.0,keep
1,O Livro dos Espíritos,4193,51,content,Parte Segunda — Do mundo espírita ou mundo dos Espíritos,CAPÍTULO I,Dos Espíritos,Terceira ordem – Espíritos imperfeitos,960,o-livro-dos-espiritos:section:902491b971ec7953,902491b971ec7953,section,Terceira ordem – Espíritos imperfeitos,exact,1.0,keep
1,O Livro dos Espíritos,4194,52,content,Parte Segunda — Do mundo espírita ou mundo dos Espíritos,CAPÍTULO I,Dos Espíritos,Segunda ordem – Bons Espíritos,536,o-livro-dos-espiritos:section:595bfbb3f2d01e65,595bfbb3f2d01e65,section,Segunda ordem – Bons Espíritos,exact,1.0,keep
1,O Livro dos Espíritos,4195,53,content,Parte Segunda — Do mundo espírita ou mundo dos Espíritos,CAPÍTULO I,Dos Espíritos,Primeira Ordem – Espíritos puros,207,o-livro-dos-espiritos:section:c05e53894280b35e,c05e53894280b35e,section,Primeira Ordem – Espíritos puros,exact,1.0,keep
1,O Livro dos Espíritos,4196,54,content,Parte Segunda — Do mundo espírita ou mundo dos Espíritos,CAPÍTULO I,Dos Espíritos,Progressão dos Espíritos,1157,o-livro-dos-espiritos:section:518d77310533f5b2,518d77310533f5b2,section,Progressão dos Espíritos,exact,1.0,keep
1,O Livro dos Espíritos,4197,55,content,Parte Segunda — Do mundo espírita ou mundo dos Espíritos,CAPÍTULO I,Dos Espíritos,Anjos e demônios,980,o-livro-dos-espiritos:section:5eb83ed8dd360709,5eb83ed8dd360709,section,Anjos e demônios,exact,1.0,keep
1,O Livro dos Espíritos,4198,56,chapter_intro,Parte Segunda — Do mundo espírita ou mundo dos Espíritos,CAPÍTULO II,Da encarnação dos Espíritos,null,7,o-livro-dos-espiritos:chapter:c5dea371968b57af,c5dea371968b57af,chapter,Da encarnação dos Espíritos,chapter,1.0,keep
1,O Livro dos Espíritos,4199,57,content,Parte Segunda — Do mundo espírita ou mundo dos Espíritos,CAPÍTULO II,Da encarnação dos Espíritos,Objetivo da encarnação,278,o-livro-dos-espiritos:section:d5756c37f84f451c,d5756c37f84f451c,section,Objetivo da encarnação,exact,1.0,keep
1,O Livro dos Espíritos,4200,58,content,Parte Segunda — Do mundo espírita ou mundo dos Espíritos,CAPÍTULO II,Da encarnação dos Espíritos,A alma,1337,o-livro-dos-espiritos:section:9747ad34f814e1ee,9747ad34f814e1ee,section,A alma,exact,1.0,keep
1,O Livro dos Espíritos,4201,59,content,Parte Segunda — Do mundo espírita ou mundo dos Espíritos,CAPÍTULO II,Da encarnação dos Espíritos,Materialismo,1053,o-livro-dos-espiritos:section:a21109031efa7f44,a21109031efa7f44,section,Materialismo,exact,1.0,keep
1,O Livro dos Espíritos,4202,60,chapter_intro,Parte Segunda — Do mundo espírita ou mundo dos Espíritos,CAPÍTULO III,"Da volta do Espírito, extinta a vida corpórea, à vida espiritual",null,18,o-livro-dos-espiritos:chapter:c37ec5f131ccad39,c37ec5f131ccad39,chapter,"Da volta do Espírito, extinta a vida corpórea, à vida espiritual",chapter,1.0,keep
1,O Livro dos Espíritos,4203,61,content,Parte Segunda — Do mundo espírita ou mundo dos Espíritos,CAPÍTULO III,"Da volta do Espírito, extinta a vida corpórea, à vida espiritual","A alma após a morte, sua individualidade. Vida eterna",549,o-livro-dos-espiritos:section:8668b32e34d99e27,8668b32e34d99e27,section,"A alma após a morte, sua individualidade. Vida eterna",exact,1.0,keep
1,O Livro dos Espíritos,4204,62,content,Parte Segunda — Do mundo espírita ou mundo dos Espíritos,CAPÍTULO III,"Da volta do Espírito, extinta a vida corpórea, à vida espiritual",Separação da alma e do corpo,1009,o-livro-dos-espiritos:section:bc47f7c7ef4d7f99,bc47f7c7ef4d7f99,section,Separação da alma e do corpo,exact,1.0,keep
1,O Livro dos Espíritos,4205,63,content,Parte Segunda — Do mundo espírita ou mundo dos Espíritos,CAPÍTULO III,"Da volta do Espírito, extinta a vida corpórea, à vida espiritual",Perturbação espiritual,706,o-livro-dos-espiritos:section:accd480ba10e514f,accd480ba10e514f,section,Perturbação espiritual,exact,1.0,keep
1,O Livro dos Espíritos,4206,64,chapter_intro,Parte Segunda — Do mundo espírita ou mundo dos Espíritos,CAPÍTULO IV,Da pluralidade das existências,null,29,o-livro-dos-espiritos:chapter:d4e7ef1f4ae78d93,d4e7ef1f4ae78d93,chapter,Da pluralidade das existências,chapter,1.0,keep
1,O Livro dos Espíritos,4207,65,content,Parte Segunda — Do mundo espírita ou mundo dos Espíritos,CAPÍTULO IV,Da pluralidade das existências,A reencarnação,217,o-livro-dos-espiritos:section:f58c3fdcee27f162,f58c3fdcee27f162,section,A reencarnação,exact,1.0,keep
1,O Livro dos Espíritos,4208,66,content,Parte Segunda — Do mundo espírita ou mundo dos Espíritos,CAPÍTULO IV,Da pluralidade das existências,Justiça da reencarnação,376,o-livro-dos-espiritos:section:9f31dcbf65b822bc,9f31dcbf65b822bc,section,Justiça da reencarnação,exact,1.0,keep
1,O Livro dos Espíritos,4209,67,content,Parte Segunda — Do mundo espírita ou mundo dos Espíritos,CAPÍTULO IV,Da pluralidade das existências,Encarnação nos diferentes mundos,1280,o-livro-dos-espiritos:section:9cb67401ccf0b315,9cb67401ccf0b315,section,Encarnação nos diferentes mundos,exact,1.0,keep
1,O Livro dos Espíritos,4210,68,content,Parte Segunda — Do mundo espírita ou mundo dos Espíritos,CAPÍTULO IV,Da pluralidade das existências,Transmigrações progressivas,1660,o-livro-dos-espiritos:section:7ca038dcc3f96b91,7ca038dcc3f96b91,section,Transmigrações progressivas,exact,1.0,keep
1,O Livro dos Espíritos,4211,69,content,Parte Segunda — Do mundo espírita ou mundo dos Espíritos,CAPÍTULO IV,Da pluralidade das existências,Sorte das crianças depois da morte,508,o-livro-dos-espiritos:section:454114085bccca65,454114085bccca65,section,Sorte das crianças depois da morte,exact,1.0,keep
1,O Livro dos Espíritos,4212,70,content,Parte Segunda — Do mundo espírita ou mundo dos Espíritos,CAPÍTULO IV,Da pluralidade das existências,Sexos nos Espíritos,143,o-livro-dos-espiritos:section:54413ba9d6215c09,54413ba9d6215c09,section,Sexos nos Espíritos,exact,1.0,keep
1,O Livro dos Espíritos,4213,71,content,Parte Segunda — Do mundo espírita ou mundo dos Espíritos,CAPÍTULO IV,Da pluralidade das existências,"Parentesco, filiação",437,o-livro-dos-espiritos:section:95c3281bb251f370,95c3281bb251f370,section,"Parentesco, filiação",exact,1.0,keep
1,O Livro dos Espíritos,4214,72,content,Parte Segunda — Do mundo espírita ou mundo dos Espíritos,CAPÍTULO IV,Da pluralidade das existências,Parecenças físicas e morais,994,o-livro-dos-espiritos:section:c6ba1093822abee7,c6ba1093822abee7,section,Parecenças físicas e morais,exact,1.0,keep
1,O Livro dos Espíritos,4215,73,content,Parte Segunda — Do mundo espírita ou mundo dos Espíritos,CAPÍTULO IV,Da pluralidade das existências,Ideias inatas,383,o-livro-dos-espiritos:section:9cf75f20d8694837,9cf75f20d8694837,section,Ideias inatas,exact,1.0,keep
1,O Livro dos Espíritos,4216,74,chapter_intro,Parte Segunda — Do mundo espírita ou mundo dos Espíritos,CAPÍTULO V,Considerações sobre a pluralidade das existências,null,0,o-livro-dos-espiritos:chapter:107a6b5c0c461c16,107a6b5c0c461c16,chapter,Considerações sobre a pluralidade das existências,chapter,1.0,keep
1,O Livro dos Espíritos,4217,75,content,Parte Segunda — Do mundo espírita ou mundo dos Espíritos,CAPÍTULO V,Considerações sobre a pluralidade das existências,null,3469,o-livro-dos-espiritos:chapter:107a6b5c0c461c16,107a6b5c0c461c16,chapter,Considerações sobre a pluralidade das existências,chapter-aggregate,0.6,split
1,O Livro dos Espíritos,4218,76,chapter_intro,Parte Segunda — Do mundo espírita ou mundo dos Espíritos,CAPÍTULO VI,Da vida espírita,null,43,o-livro-dos-espiritos:chapter:d30952b47f4ea17f,d30952b47f4ea17f,chapter,Da vida espírita,chapter,1.0,keep
1,O Livro dos Espíritos,4219,77,content,Parte Segunda — Do mundo espírita ou mundo dos Espíritos,CAPÍTULO VI,Da vida espírita,Espíritos errantes,771,o-livro-dos-espiritos:section:ba14a0660fcb6a67,ba14a0660fcb6a67,section,Espíritos errantes,exact,1.0,keep
1,O Livro dos Espíritos,4220,78,content,Parte Segunda — Do mundo espírita ou mundo dos Espíritos,CAPÍTULO VI,Da vida espírita,Mundos transitórios,504,o-livro-dos-espiritos:section:8072049a59ae2088,8072049a59ae2088,section,Mundos transitórios,exact,1.0,keep
1,O Livro dos Espíritos,4221,79,content,Parte Segunda — Do mundo espírita ou mundo dos Espíritos,CAPÍTULO VI,Da vida espírita,"Percepções, sensações e sofrimentos dos Espíritos",1423,o-livro-dos-espiritos:section:e9c2b2edfcbe0bc6,e9c2b2edfcbe0bc6,section,"Percepções, sensações e sofrimentos dos Espíritos",exact,1.0,keep
1,O Livro dos Espíritos,4222,80,content,Parte Segunda — Do mundo espírita ou mundo dos Espíritos,CAPÍTULO VI,Da vida espírita,Ensaio teórico da sensação nos Espíritos,2036,o-livro-dos-espiritos:section:a8def8a3e1698c75,a8def8a3e1698c75,section,Ensaio teórico da sensação nos Espíritos,exact,1.0,keep
1,O Livro dos Espíritos,4223,81,content,Parte Segunda — Do mundo espírita ou mundo dos Espíritos,CAPÍTULO VI,Da vida espírita,Escolha das provas,2685,o-livro-dos-espiritos:section:3b7d85819a5ad978,3b7d85819a5ad978,section,Escolha das provas,exact,1.0,keep
1,O Livro dos Espíritos,4224,82,content,Parte Segunda — Do mundo espírita ou mundo dos Espíritos,CAPÍTULO VI,Da vida espírita,As relações no além-túmulo,1027,o-livro-dos-espiritos:section:9d4cc803c6779464,9d4cc803c6779464,section,As relações no além-túmulo,exact,1.0,keep
1,O Livro dos Espíritos,4225,83,content,Parte Segunda — Do mundo espírita ou mundo dos Espíritos,CAPÍTULO VI,Da vida espírita,os Espíritos. Metades eternas,806,o-livro-dos-espiritos:chapter:d30952b47f4ea17f,d30952b47f4ea17f,chapter,Da vida espírita,chapter-aggregate,0.6,split
1,O Livro dos Espíritos,4226,84,content,Parte Segunda — Do mundo espírita ou mundo dos Espíritos,CAPÍTULO VI,Da vida espírita,Recordação da existência corpórea,1283,o-livro-dos-espiritos:section:d70bebcb0f947a7e,d70bebcb0f947a7e,section,Recordação da existência corpórea,exact,1.0,keep
1,O Livro dos Espíritos,4227,85,content,Parte Segunda — Do mundo espírita ou mundo dos Espíritos,CAPÍTULO VI,Da vida espírita,Comemoração dos mortos. Funerais,727,o-livro-dos-espiritos:section:5907b72503715c4b,5907b72503715c4b,section,Comemoração dos mortos. Funerais,exact,1.0,keep
1,O Livro dos Espíritos,4228,86,chapter_intro,Parte Segunda — Do mundo espírita ou mundo dos Espíritos,CAPÍTULO VII,Da volta do Espírito à vida corporal,null,30,o-livro-dos-espiritos:chapter:8ca1225ae9943fd1,8ca1225ae9943fd1,chapter,Da volta do Espírito à vida corporal,chapter,1.0,keep
1,O Livro dos Espíritos,4229,87,content,Parte Segunda — Do mundo espírita ou mundo dos Espíritos,CAPÍTULO VII,Da volta do Espírito à vida corporal,Prelúdio da volta,917,o-livro-dos-espiritos:section:450b9643d755446c,450b9643d755446c,section,Prelúdio da volta,exact,1.0,keep
1,O Livro dos Espíritos,4230,88,content,Parte Segunda — Do mundo espírita ou mundo dos Espíritos,CAPÍTULO VII,Da volta do Espírito à vida corporal,União da alma e do corpo,1037,o-livro-dos-espiritos:section:a9bb848afa81a2a1,a9bb848afa81a2a1,section,União da alma e do corpo,exact,1.0,keep
1,O Livro dos Espíritos,4231,89,content,Parte Segunda — Do mundo espírita ou mundo dos Espíritos,CAPÍTULO VII,Da volta do Espírito à vida corporal,Faculdades morais e intelectuais do homem,554,o-livro-dos-espiritos:section:4ead136f4600fc88,4ead136f4600fc88,section,Faculdades morais e intelectuais do homem,exact,1.0,keep
1,O Livro dos Espíritos,4232,90,content,Parte Segunda — Do mundo espírita ou mundo dos Espíritos,CAPÍTULO VII,Da volta do Espírito à vida corporal,Influência do organismo,550,o-livro-dos-espiritos:section:2417c1f7bd00cb43,2417c1f7bd00cb43,section,Influência do organismo,exact,1.0,keep
1,O Livro dos Espíritos,4233,91,content,Parte Segunda — Do mundo espírita ou mundo dos Espíritos,CAPÍTULO VII,Da volta do Espírito à vida corporal,"Idiotismo, loucura",840,o-livro-dos-espiritos:section:a1dc5aa96d3c2c79,a1dc5aa96d3c2c79,section,"Idiotismo, loucura",exact,1.0,keep
1,O Livro dos Espíritos,4234,92,content,Parte Segunda — Do mundo espírita ou mundo dos Espíritos,CAPÍTULO VII,Da volta do Espírito à vida corporal,A infância,962,o-livro-dos-espiritos:section:4f911ca0d4cab845,4f911ca0d4cab845,section,A infância,exact,1.0,keep
1,O Livro dos Espíritos,4235,93,content,Parte Segunda — Do mundo espírita ou mundo dos Espíritos,CAPÍTULO VII,Da volta do Espírito à vida corporal,Simpatia e antipatia terrenas,364,o-livro-dos-espiritos:section:2861ddb73f68e4e1,2861ddb73f68e4e1,section,Simpatia e antipatia terrenas,exact,1.0,keep
1,O Livro dos Espíritos,4236,94,content,Parte Segunda — Do mundo espírita ou mundo dos Espíritos,CAPÍTULO VII,Da volta do Espírito à vida corporal,Esquecimento do passado,1725,o-livro-dos-espiritos:section:e69d3686e0e0318e,e69d3686e0e0318e,section,Esquecimento do passado,exact,1.0,keep
1,O Livro dos Espíritos,4237,95,chapter_intro,Parte Segunda — Do mundo espírita ou mundo dos Espíritos,CAPÍTULO VIII,Da emancipação da alma,null,33,o-livro-dos-espiritos:chapter:d46c925f0d53d40f,d46c925f0d53d40f,chapter,Da emancipação da alma,chapter,1.0,keep
1,O Livro dos Espíritos,4238,96,content,Parte Segunda — Do mundo espírita ou mundo dos Espíritos,CAPÍTULO VIII,Da emancipação da alma,O sono e os sonhos,1844,o-livro-dos-espiritos:section:e9e470c3c53e7719,e9e470c3c53e7719,section,O sono e os sonhos,exact,1.0,keep
1,O Livro dos Espíritos,4239,97,content,Parte Segunda — Do mundo espírita ou mundo dos Espíritos,CAPÍTULO VIII,Da emancipação da alma,Visitas espíritas entre pessoas vivas,455,o-livro-dos-espiritos:section:262973c40564b80e,262973c40564b80e,section,Visitas espíritas entre pessoas vivas,exact,1.0,keep
1,O Livro dos Espíritos,4240,98,content,Parte Segunda — Do mundo espírita ou mundo dos Espíritos,CAPÍTULO VIII,Da emancipação da alma,Transmissão oculta do pensamento,231,o-livro-dos-espiritos:section:2fdf476a3c6ece2a,2fdf476a3c6ece2a,section,Transmissão oculta do pensamento,exact,1.0,keep
1,O Livro dos Espíritos,4241,99,content,Parte Segunda — Do mundo espírita ou mundo dos Espíritos,CAPÍTULO VIII,Da emancipação da alma,"Letargia, catalepsia, mortes aparentes",368,o-livro-dos-espiritos:section:cb9f1b48c21ad762,cb9f1b48c21ad762,section,"Letargia, catalepsia, mortes aparentes",exact,1.0,keep
1,O Livro dos Espíritos,4242,100,content,Parte Segunda — Do mundo espírita ou mundo dos Espíritos,CAPÍTULO VIII,Da emancipação da alma,Sonambulismo,1199,o-livro-dos-espiritos:section:bd8a2ebd31a4dbbb,bd8a2ebd31a4dbbb,section,Sonambulismo,exact,1.0,keep
1,O Livro dos Espíritos,4243,101,content,Parte Segunda — Do mundo espírita ou mundo dos Espíritos,CAPÍTULO VIII,Da emancipação da alma,Êxtase,415,o-livro-dos-espiritos:section:d9493f5d86c5b461,d9493f5d86c5b461,section,Êxtase,exact,1.0,keep
1,O Livro dos Espíritos,4244,102,content,Parte Segunda — Do mundo espírita ou mundo dos Espíritos,CAPÍTULO VIII,Da emancipação da alma,Dupla vista,532,o-livro-dos-espiritos:section:5e62a81a3b023d59,5e62a81a3b023d59,section,Dupla vista,exact,1.0,keep
1,O Livro dos Espíritos,4245,103,content,Parte Segunda — Do mundo espírita ou mundo dos Espíritos,CAPÍTULO VIII,Da emancipação da alma,"Resumo teórico do sonambulismo, do êxtase e da dupla vista",1851,o-livro-dos-espiritos:section:f917af7a3e27ed4a,f917af7a3e27ed4a,section,"Resumo teórico do sonambulismo, do êxtase e da dupla vista",exact,1.0,keep
1,O Livro dos Espíritos,4246,104,chapter_intro,Parte Segunda — Do mundo espírita ou mundo dos Espíritos,CAPÍTULO IX,Da intervenção dos Espíritos no mundo corporal,null,66,o-livro-dos-espiritos:chapter:5d6fba1a034ccb46,5d6fba1a034ccb46,chapter,Da intervenção dos Espíritos no mundo corporal,chapter,1.0,keep
1,O Livro dos Espíritos,4247,105,content,Parte Segunda — Do mundo espírita ou mundo dos Espíritos,CAPÍTULO IX,Da intervenção dos Espíritos no mundo corporal,penetrar os nossos pensamentos,137,o-livro-dos-espiritos:chapter:5d6fba1a034ccb46,5d6fba1a034ccb46,chapter,Da intervenção dos Espíritos no mundo corporal,chapter-aggregate,0.6,split
1,O Livro dos Espíritos,4248,106,content,Parte Segunda — Do mundo espírita ou mundo dos Espíritos,CAPÍTULO IX,Da intervenção dos Espíritos no mundo corporal,Influência oculta dos Espíritos em nossos pensamentos e atos,988,o-livro-dos-espiritos:section:0b57880f626dea52,0b57880f626dea52,section,Influência oculta dos Espíritos em nossos pensamentos e atos,exact,1.0,keep
1,O Livro dos Espíritos,4249,107,content,Parte Segunda — Do mundo espírita ou mundo dos Espíritos,CAPÍTULO IX,Da intervenção dos Espíritos no mundo corporal,Possessos,728,o-livro-dos-espiritos:section:bdeb8be7a8aaa867,bdeb8be7a8aaa867,section,Possessos,exact,1.0,keep
1,O Livro dos Espíritos,4250,108,content,Parte Segunda — Do mundo espírita ou mundo dos Espíritos,CAPÍTULO IX,Da intervenção dos Espíritos no mundo corporal,Convulsionários,481,o-livro-dos-espiritos:section:4bf1c0e173d858f7,4bf1c0e173d858f7,section,Convulsionários,exact,1.0,keep
1,O Livro dos Espíritos,4251,109,content,Parte Segunda — Do mundo espírita ou mundo dos Espíritos,CAPÍTULO IX,Da intervenção dos Espíritos no mundo corporal,Afeição que os Espíritos votam a certas pessoas,422,o-livro-dos-espiritos:section:4396a63cb3f1bab1,4396a63cb3f1bab1,section,Afeição que os Espíritos votam a certas pessoas,exact,1.0,keep
1,O Livro dos Espíritos,4252,110,content,Parte Segunda — Do mundo espírita ou mundo dos Espíritos,CAPÍTULO IX,Da intervenção dos Espíritos no mundo corporal,familiares ou simpáticos,3220,o-livro-dos-espiritos:chapter:5d6fba1a034ccb46,5d6fba1a034ccb46,chapter,Da intervenção dos Espíritos no mundo corporal,chapter-aggregate,0.6,split
1,O Livro dos Espíritos,4253,111,content,Parte Segunda — Do mundo espírita ou mundo dos Espíritos,CAPÍTULO IX,Da intervenção dos Espíritos no mundo corporal,Pressentimentos,273,o-livro-dos-espiritos:section:7881c45cd397bf10,7881c45cd397bf10,section,Pressentimentos,exact,1.0,keep
1,O Livro dos Espíritos,4254,112,content,Parte Segunda — Do mundo espírita ou mundo dos Espíritos,CAPÍTULO IX,Da intervenção dos Espíritos no mundo corporal,Influência dos Espíritos nos acontecimentos da vida,1262,o-livro-dos-espiritos:section:8c6a11686eabd422,8c6a11686eabd422,section,Influência dos Espíritos nos acontecimentos da vida,exact,1.0,keep
1,O Livro dos Espíritos,4255,113,content,Parte Segunda — Do mundo espírita ou mundo dos Espíritos,CAPÍTULO IX,Da intervenção dos Espíritos no mundo corporal,Ação dos Espíritos nos fenômenos da Natureza,580,o-livro-dos-espiritos:section:b856084697d0c7d4,b856084697d0c7d4,section,Ação dos Espíritos nos fenômenos da Natureza,exact,1.0,keep
1,O Livro dos Espíritos,4256,114,content,Parte Segunda — Do mundo espírita ou mundo dos Espíritos,CAPÍTULO IX,Da intervenção dos Espíritos no mundo corporal,Os Espíritos durante os combates,505,o-livro-dos-espiritos:section:dd6b67aa356a5d4e,dd6b67aa356a5d4e,section,Os Espíritos durante os combates,exact,1.0,keep
1,O Livro dos Espíritos,4257,115,content,Parte Segunda — Do mundo espírita ou mundo dos Espíritos,CAPÍTULO IX,Da intervenção dos Espíritos no mundo corporal,Pactos,391,o-livro-dos-espiritos:section:eae96b244b6271cf,eae96b244b6271cf,section,Pactos,exact,1.0,keep
1,O Livro dos Espíritos,4258,116,content,Parte Segunda — Do mundo espírita ou mundo dos Espíritos,CAPÍTULO IX,Da intervenção dos Espíritos no mundo corporal,Poder oculto. Talismãs. Feiticeiros,585,o-livro-dos-espiritos:section:7f3f9c64792024c6,7f3f9c64792024c6,section,Poder oculto. Talismãs. Feiticeiros,exact,1.0,keep
1,O Livro dos Espíritos,4259,117,content,Parte Segunda — Do mundo espírita ou mundo dos Espíritos,CAPÍTULO IX,Da intervenção dos Espíritos no mundo corporal,Bênçãos e maldições,122,o-livro-dos-espiritos:section:153f6deaf2dda963,153f6deaf2dda963,section,Bênçãos e maldições,exact,1.0,keep
1,O Livro dos Espíritos,4260,118,chapter_intro,Parte Segunda — Do mundo espírita ou mundo dos Espíritos,CAPÍTULO X,Das ocupações e missões dos Espíritos,null,0,o-livro-dos-espiritos:chapter:e389ef21b03022c2,e389ef21b03022c2,chapter,Das ocupações e missões dos Espíritos,chapter,1.0,keep
1,O Livro dos Espíritos,4261,119,content,Parte Segunda — Do mundo espírita ou mundo dos Espíritos,CAPÍTULO X,Das ocupações e missões dos Espíritos,null,2446,o-livro-dos-espiritos:chapter:e389ef21b03022c2,e389ef21b03022c2,chapter,Das ocupações e missões dos Espíritos,chapter-aggregate,0.6,split
1,O Livro dos Espíritos,4262,120,chapter_intro,Parte Segunda — Do mundo espírita ou mundo dos Espíritos,CAPÍTULO XI,Dos três reinos,null,12,o-livro-dos-espiritos:chapter:ed76f876ac44ebbf,ed76f876ac44ebbf,chapter,Dos três reinos,chapter,1.0,keep
1,O Livro dos Espíritos,4263,121,content,Parte Segunda — Do mundo espírita ou mundo dos Espíritos,CAPÍTULO XI,Dos três reinos,Os minerais e as plantas,556,o-livro-dos-espiritos:section:4921b17feda20172,4921b17feda20172,section,Os minerais e as plantas,exact,1.0,keep
1,O Livro dos Espíritos,4264,122,content,Parte Segunda — Do mundo espírita ou mundo dos Espíritos,CAPÍTULO XI,Dos três reinos,Os animais e o homem,2437,o-livro-dos-espiritos:section:80404e6cfc738087,80404e6cfc738087,section,Os animais e o homem,exact,1.0,keep
1,O Livro dos Espíritos,4265,123,content,Parte Segunda — Do mundo espírita ou mundo dos Espíritos,CAPÍTULO XI,Dos três reinos,Metempsicose,955,o-livro-dos-espiritos:section:ba250d129d97d8a4,ba250d129d97d8a4,section,Metempsicose,exact,1.0,keep
1,O Livro dos Espíritos,4266,124,part_intro,Parte Terceira — Das leis morais,null,null,null,3,o-livro-dos-espiritos:division:1f8d47440393d1f5,1f8d47440393d1f5,division,PARTE TERCEIRA — Das leis morais,exact,1.0,keep
1,O Livro dos Espíritos,4267,125,content,Parte Terceira — Das leis morais,null,null,null,77,,,,,unmatched,0.0,review
1,O Livro dos Espíritos,4268,126,chapter_intro,Parte Terceira — Das leis morais,CAPÍTULO I,Da lei divina ou natural,null,20,o-livro-dos-espiritos:chapter:e8a8ed8f8296d729,e8a8ed8f8296d729,chapter,Da lei divina ou natural,chapter,1.0,keep
1,O Livro dos Espíritos,4269,127,content,Parte Terceira — Das leis morais,CAPÍTULO I,Da lei divina ou natural,Caracteres da lei natural,344,o-livro-dos-espiritos:section:506030451b860e98,506030451b860e98,section,Caracteres da lei natural,exact,1.0,keep
1,O Livro dos Espíritos,4270,128,content,Parte Terceira — Das leis morais,CAPÍTULO I,Da lei divina ou natural,Conhecimento da lei natural,1040,o-livro-dos-espiritos:section:e0d2e48b24446fe2,e0d2e48b24446fe2,section,Conhecimento da lei natural,exact,1.0,keep
1,O Livro dos Espíritos,4271,129,content,Parte Terceira — Das leis morais,CAPÍTULO I,Da lei divina ou natural,O bem e o mal,1276,o-livro-dos-espiritos:section:fd67cf33cb50ab3e,fd67cf33cb50ab3e,section,O bem e o mal,exact,1.0,keep
1,O Livro dos Espíritos,4272,130,content,Parte Terceira — Das leis morais,CAPÍTULO I,Da lei divina ou natural,Divisão da lei natural,207,o-livro-dos-espiritos:section:448e47bef504ea82,448e47bef504ea82,section,Divisão da lei natural,exact,1.0,keep
1,O Livro dos Espíritos,4273,131,chapter_intro,Parte Terceira — Das leis morais,CAPÍTULO II,Da lei de adoração,null,12,o-livro-dos-espiritos:chapter:fc4351cd7ace6579,fc4351cd7ace6579,chapter,Da lei de adoração,chapter,1.0,keep
1,O Livro dos Espíritos,4274,132,content,Parte Terceira — Das leis morais,CAPÍTULO II,Da lei de adoração,Objetivo da adoração,118,o-livro-dos-espiritos:section:6579bc6a57e8e288,6579bc6a57e8e288,section,Objetivo da adoração,exact,1.0,keep
1,O Livro dos Espíritos,4275,133,content,Parte Terceira — Das leis morais,CAPÍTULO II,Da lei de adoração,Adoração exterior,474,o-livro-dos-espiritos:section:741e6a73118bc2da,741e6a73118bc2da,section,Adoração exterior,exact,1.0,keep
1,O Livro dos Espíritos,4276,134,content,Parte Terceira — Das leis morais,CAPÍTULO II,Da lei de adoração,Vida contemplativa,116,o-livro-dos-espiritos:section:0aa38d673b9761a9,0aa38d673b9761a9,section,Vida contemplativa,exact,1.0,keep
1,O Livro dos Espíritos,4277,135,content,Parte Terceira — Das leis morais,CAPÍTULO II,Da lei de adoração,A prece,1183,o-livro-dos-espiritos:section:c44d18198d8317b7,c44d18198d8317b7,section,A prece,exact,1.0,keep
1,O Livro dos Espíritos,4278,136,content,Parte Terceira — Das leis morais,CAPÍTULO II,Da lei de adoração,Politeísmo,523,o-livro-dos-espiritos:section:454bf7b5f98c7c69,454bf7b5f98c7c69,section,Politeísmo,exact,1.0,keep
1,O Livro dos Espíritos,4279,137,content,Parte Terceira — Das leis morais,CAPÍTULO II,Da lei de adoração,Sacrifícios,917,o-livro-dos-espiritos:section:71b900658e539621,71b900658e539621,section,Sacrifícios,exact,1.0,keep
1,O Livro dos Espíritos,4280,138,chapter_intro,Parte Terceira — Das leis morais,CAPÍTULO III,Da lei do trabalho,null,8,o-livro-dos-espiritos:chapter:681e0ede5940c2a1,681e0ede5940c2a1,chapter,Da lei do trabalho,chapter,1.0,keep
1,O Livro dos Espíritos,4281,139,content,Parte Terceira — Das leis morais,CAPÍTULO III,Da lei do trabalho,Necessidade do trabalho,568,o-livro-dos-espiritos:section:5170534e974f2b36,5170534e974f2b36,section,Necessidade do trabalho,exact,1.0,keep
1,O Livro dos Espíritos,4282,140,content,Parte Terceira — Das leis morais,CAPÍTULO III,Da lei do trabalho,Limite do trabalho. Repouso,446,o-livro-dos-espiritos:section:bd0be4033be6a8bd,bd0be4033be6a8bd,section,Limite do trabalho. Repouso,exact,1.0,keep
1,O Livro dos Espíritos,4283,141,chapter_intro,Parte Terceira — Das leis morais,CAPÍTULO IV,Da lei de reprodução,null,16,o-livro-dos-espiritos:chapter:bc85d1940cf4a7b2,bc85d1940cf4a7b2,chapter,Da lei de reprodução,chapter,1.0,keep
1,O Livro dos Espíritos,4284,142,content,Parte Terceira — Das leis morais,CAPÍTULO IV,Da lei de reprodução,População do globo,66,o-livro-dos-espiritos:section:d610b124b1daf36a,d610b124b1daf36a,section,População do globo,exact,1.0,keep
1,O Livro dos Espíritos,4285,143,content,Parte Terceira — Das leis morais,CAPÍTULO IV,Da lei de reprodução,Sucessão e aperfeiçoamento das raças,394,o-livro-dos-espiritos:section:33a5db2c547d2d04,33a5db2c547d2d04,section,Sucessão e aperfeiçoamento das raças,exact,1.0,keep
1,O Livro dos Espíritos,4286,144,content,Parte Terceira — Das leis morais,CAPÍTULO IV,Da lei de reprodução,Obstáculos à reprodução,213,o-livro-dos-espiritos:section:f96f10b58e71ca36,f96f10b58e71ca36,section,Obstáculos à reprodução,exact,1.0,keep
1,O Livro dos Espíritos,4287,145,content,Parte Terceira — Das leis morais,CAPÍTULO IV,Da lei de reprodução,Casamento e celibato,302,o-livro-dos-espiritos:section:10b0c9d3e5dd5f4e,10b0c9d3e5dd5f4e,section,Casamento e celibato,exact,1.0,keep
1,O Livro dos Espíritos,4288,146,content,Parte Terceira — Das leis morais,CAPÍTULO IV,Da lei de reprodução,Poligamia,127,o-livro-dos-espiritos:section:b809967f4b153903,b809967f4b153903,section,Poligamia,exact,1.0,keep
1,O Livro dos Espíritos,4289,147,chapter_intro,Parte Terceira — Das leis morais,CAPÍTULO V,Da lei de conservação,null,17,o-livro-dos-espiritos:chapter:84c0c35c5d9c1858,84c0c35c5d9c1858,chapter,Da lei de conservação,chapter,1.0,keep
1,O Livro dos Espíritos,4290,148,content,Parte Terceira — Das leis morais,CAPÍTULO V,Da lei de conservação,Instinto de conservação,84,o-livro-dos-espiritos:section:be9fdeb11282f72c,be9fdeb11282f72c,section,Instinto de conservação,exact,1.0,keep
1,O Livro dos Espíritos,4291,149,content,Parte Terceira — Das leis morais,CAPÍTULO V,Da lei de conservação,Meios de conservação,944,o-livro-dos-espiritos:section:60b7c016fb8f1121,60b7c016fb8f1121,section,Meios de conservação,exact,1.0,keep
1,O Livro dos Espíritos,4292,150,content,Parte Terceira — Das leis morais,CAPÍTULO V,Da lei de conservação,Gozo dos bens terrenos,291,o-livro-dos-espiritos:section:af04aa480d1ef01a,af04aa480d1ef01a,section,Gozo dos bens terrenos,exact,1.0,keep
1,O Livro dos Espíritos,4293,151,content,Parte Terceira — Das leis morais,CAPÍTULO V,Da lei de conservação,Necessário e supérfluo,222,o-livro-dos-espiritos:section:42597ed9482211a4,42597ed9482211a4,section,Necessário e supérfluo,exact,1.0,keep
1,O Livro dos Espíritos,4294,152,content,Parte Terceira — Das leis morais,CAPÍTULO V,Da lei de conservação,Privações voluntárias. Mortificações,714,o-livro-dos-espiritos:section:da1c19edc1f59287,da1c19edc1f59287,section,Privações voluntárias. Mortificações,exact,1.0,keep
1,O Livro dos Espíritos,4295,153,chapter_intro,Parte Terceira — Das leis morais,CAPÍTULO VI,Da lei de destruição,null,15,o-livro-dos-espiritos:chapter:a18b53eb72230c17,a18b53eb72230c17,chapter,Da lei de destruição,chapter,1.0,keep
1,O Livro dos Espíritos,4296,154,content,Parte Terceira — Das leis morais,CAPÍTULO VI,Da lei de destruição,Destruição necessária e destruição abusiva,632,o-livro-dos-espiritos:section:348c3016571353e4,348c3016571353e4,section,Destruição necessária e destruição abusiva,exact,1.0,keep
1,O Livro dos Espíritos,4297,155,content,Parte Terceira — Das leis morais,CAPÍTULO VI,Da lei de destruição,Flagelos destruidores,790,o-livro-dos-espiritos:section:be358c4d55ef6e7d,be358c4d55ef6e7d,section,Flagelos destruidores,exact,1.0,keep
1,O Livro dos Espíritos,4298,156,content,Parte Terceira — Das leis morais,CAPÍTULO VI,Da lei de destruição,Guerras,196,o-livro-dos-espiritos:section:af9db75061878416,af9db75061878416,section,Guerras,exact,1.0,keep
1,O Livro dos Espíritos,4299,157,content,Parte Terceira — Das leis morais,CAPÍTULO VI,Da lei de destruição,Assassínio,207,o-livro-dos-espiritos:section:49b6d11cc4c1046e,49b6d11cc4c1046e,section,Assassínio,exact,1.0,keep
1,O Livro dos Espíritos,4300,158,content,Parte Terceira — Das leis morais,CAPÍTULO VI,Da lei de destruição,Crueldade,441,o-livro-dos-espiritos:section:9e8d78c376613667,9e8d78c376613667,section,Crueldade,exact,1.0,keep
1,O Livro dos Espíritos,4301,159,content,Parte Terceira — Das leis morais,CAPÍTULO VI,Da lei de destruição,Duelo,268,o-livro-dos-espiritos:section:a3fbdf0f557162d6,a3fbdf0f557162d6,section,Duelo,exact,1.0,keep
1,O Livro dos Espíritos,4302,160,content,Parte Terceira — Das leis morais,CAPÍTULO VI,Da lei de destruição,Pena de morte,624,o-livro-dos-espiritos:section:5607289c64e7cf4c,5607289c64e7cf4c,section,Pena de morte,exact,1.0,keep
1,O Livro dos Espíritos,4303,161,chapter_intro,Parte Terceira — Das leis morais,CAPÍTULO VII,Da lei de sociedade,null,14,o-livro-dos-espiritos:chapter:74ce300b149f1f6a,74ce300b149f1f6a,chapter,Da lei de sociedade,chapter,1.0,keep
1,O Livro dos Espíritos,4304,162,content,Parte Terceira — Das leis morais,CAPÍTULO VII,Da lei de sociedade,Necessidade da vida social,159,o-livro-dos-espiritos:section:78098a9a7bc90e93,78098a9a7bc90e93,section,Necessidade da vida social,exact,1.0,keep
1,O Livro dos Espíritos,4305,163,content,Parte Terceira — Das leis morais,CAPÍTULO VII,Da lei de sociedade,Vida de insulamento. Voto de silêncio,348,o-livro-dos-espiritos:section:c40daa69b4c5c3b2,c40daa69b4c5c3b2,section,Vida de insulamento. Voto de silêncio,exact,1.0,keep
1,O Livro dos Espíritos,4306,164,content,Parte Terceira — Das leis morais,CAPÍTULO VII,Da lei de sociedade,Laços de família,219,o-livro-dos-espiritos:section:0c36955d1e3d66a0,0c36955d1e3d66a0,section,Laços de família,exact,1.0,keep
1,O Livro dos Espíritos,4307,165,chapter_intro,Parte Terceira — Das leis morais,CAPÍTULO VIII,Da lei do progresso,null,19,o-livro-dos-espiritos:chapter:18ea3212f9c7c2ce,18ea3212f9c7c2ce,chapter,Da lei do progresso,chapter,1.0,keep
1,O Livro dos Espíritos,4308,166,content,Parte Terceira — Das leis morais,CAPÍTULO VIII,Da lei do progresso,Estado de natureza,253,o-livro-dos-espiritos:section:5cc7bf6e457c5d32,5cc7bf6e457c5d32,section,Estado de natureza,exact,1.0,keep
1,O Livro dos Espíritos,4309,167,content,Parte Terceira — Das leis morais,CAPÍTULO VIII,Da lei do progresso,Marcha do progresso,883,o-livro-dos-espiritos:section:30a0290ba85566cf,30a0290ba85566cf,section,Marcha do progresso,exact,1.0,keep
1,O Livro dos Espíritos,4310,168,content,Parte Terceira — Das leis morais,CAPÍTULO VIII,Da lei do progresso,Povos degenerados,1162,o-livro-dos-espiritos:section:8aa8155e246419ae,8aa8155e246419ae,section,Povos degenerados,exact,1.0,keep
1,O Livro dos Espíritos,4311,169,content,Parte Terceira — Das leis morais,CAPÍTULO VIII,Da lei do progresso,Civilização,447,o-livro-dos-espiritos:section:083f2f894f86e249,083f2f894f86e249,section,Civilização,exact,1.0,keep
1,O Livro dos Espíritos,4312,170,content,Parte Terceira — Das leis morais,CAPÍTULO VIII,Da lei do progresso,Progresso da legislação humana,302,o-livro-dos-espiritos:section:92b88f1dc8b58369,92b88f1dc8b58369,section,Progresso da legislação humana,exact,1.0,keep
1,O Livro dos Espíritos,4313,171,content,Parte Terceira — Das leis morais,CAPÍTULO VIII,Da lei do progresso,Influência do Espiritismo no progresso,651,o-livro-dos-espiritos:section:686770ae9ad9c76f,686770ae9ad9c76f,section,Influência do Espiritismo no progresso,exact,1.0,keep
1,O Livro dos Espíritos,4314,172,chapter_intro,Parte Terceira — Das leis morais,CAPÍTULO IX,Da lei de igualdade,null,30,o-livro-dos-espiritos:chapter:1bd4ba64f1f12e55,1bd4ba64f1f12e55,chapter,Da lei de igualdade,chapter,1.0,keep
1,O Livro dos Espíritos,4315,173,content,Parte Terceira — Das leis morais,CAPÍTULO IX,Da lei de igualdade,Igualdade natural,88,o-livro-dos-espiritos:section:a83008c02f744f67,a83008c02f744f67,section,Igualdade natural,exact,1.0,keep
1,O Livro dos Espíritos,4316,174,content,Parte Terceira — Das leis morais,CAPÍTULO IX,Da lei de igualdade,Desigualdade das aptidões,298,o-livro-dos-espiritos:section:43a93f093a392b0d,43a93f093a392b0d,section,Desigualdade das aptidões,exact,1.0,keep
1,O Livro dos Espíritos,4317,175,content,Parte Terceira — Das leis morais,CAPÍTULO IX,Da lei de igualdade,Desigualdades sociais,139,o-livro-dos-espiritos:section:886edf538c06154c,886edf538c06154c,section,Desigualdades sociais,exact,1.0,keep
1,O Livro dos Espíritos,4318,176,content,Parte Terceira — Das leis morais,CAPÍTULO IX,Da lei de igualdade,Desigualdade das riquezas,510,o-livro-dos-espiritos:section:6f6f91cf77a17b18,6f6f91cf77a17b18,section,Desigualdade das riquezas,exact,1.0,keep
1,O Livro dos Espíritos,4319,177,content,Parte Terceira — Das leis morais,CAPÍTULO IX,Da lei de igualdade,As provas de riqueza e de miséria,249,o-livro-dos-espiritos:section:e0232a0be1f1fbe1,e0232a0be1f1fbe1,section,As provas de riqueza e de miséria,exact,1.0,keep
1,O Livro dos Espíritos,4320,178,content,Parte Terceira — Das leis morais,CAPÍTULO IX,Da lei de igualdade,Igualdade dos direitos do homem e da mulher,392,o-livro-dos-espiritos:section:d43dffb056bf8384,d43dffb056bf8384,section,Igualdade dos direitos do homem e da mulher,exact,1.0,keep
1,O Livro dos Espíritos,4321,179,content,Parte Terceira — Das leis morais,CAPÍTULO IX,Da lei de igualdade,Igualdade perante o túmulo,239,o-livro-dos-espiritos:section:d73053d100ae7f8b,d73053d100ae7f8b,section,Igualdade perante o túmulo,exact,1.0,keep
1,O Livro dos Espíritos,4322,180,chapter_intro,Parte Terceira — Das leis morais,CAPÍTULO X,Da lei de liberdade,null,22,o-livro-dos-espiritos:chapter:00c1b20f978464cb,00c1b20f978464cb,chapter,Da lei de liberdade,chapter,1.0,keep
1,O Livro dos Espíritos,4323,181,content,Parte Terceira — Das leis morais,CAPÍTULO X,Da lei de liberdade,Liberdade natural,211,o-livro-dos-espiritos:section:e1e2ccf154283cc3,e1e2ccf154283cc3,section,Liberdade natural,exact,1.0,keep
1,O Livro dos Espíritos,4324,182,content,Parte Terceira — Das leis morais,CAPÍTULO X,Da lei de liberdade,Escravidão,387,o-livro-dos-espiritos:section:7e9b7aaee362ae5c,7e9b7aaee362ae5c,section,Escravidão,exact,1.0,keep
1,O Livro dos Espíritos,4325,183,content,Parte Terceira — Das leis morais,CAPÍTULO X,Da lei de liberdade,Liberdade de pensar,63,o-livro-dos-espiritos:section:4ee9e6e001cb5b58,4ee9e6e001cb5b58,section,Liberdade de pensar,exact,1.0,keep
1,O Livro dos Espíritos,4326,184,content,Parte Terceira — Das leis morais,CAPÍTULO X,Da lei de liberdade,Liberdade de consciência,450,o-livro-dos-espiritos:section:9b34809558cd54c7,9b34809558cd54c7,section,Liberdade de consciência,exact,1.0,keep
1,O Livro dos Espíritos,4327,185,content,Parte Terceira — Das leis morais,CAPÍTULO X,Da lei de liberdade,Livre-arbítrio,588,o-livro-dos-espiritos:section:ca0a9f830abd36bf,ca0a9f830abd36bf,section,Livre-arbítrio,exact,1.0,keep
1,O Livro dos Espíritos,4328,186,content,Parte Terceira — Das leis morais,CAPÍTULO X,Da lei de liberdade,Fatalidade,2021,o-livro-dos-espiritos:section:5e9204c217609806,5e9204c217609806,section,Fatalidade,exact,1.0,keep
1,O Livro dos Espíritos,4329,187,content,Parte Terceira — Das leis morais,CAPÍTULO X,Da lei de liberdade,Conhecimento do futuro,670,o-livro-dos-espiritos:section:c45b2f01cfa72748,c45b2f01cfa72748,section,Conhecimento do futuro,exact,1.0,keep
1,O Livro dos Espíritos,4330,188,content,Parte Terceira — Das leis morais,CAPÍTULO X,Da lei de liberdade,Resumo teórico do móvel das ações humanas,1311,o-livro-dos-espiritos:section:cba92e22d57c36da,cba92e22d57c36da,section,Resumo teórico do móvel das ações humanas,exact,1.0,keep
1,O Livro dos Espíritos,4331,189,chapter_intro,Parte Terceira — Das leis morais,CAPÍTULO XI,"Da lei de justiça, de amor e de caridade",null,18,o-livro-dos-espiritos:chapter:dde16443013e2432,dde16443013e2432,chapter,"Da lei de justiça, de amor e de caridade",chapter,1.0,keep
1,O Livro dos Espíritos,4332,190,content,Parte Terceira — Das leis morais,CAPÍTULO XI,"Da lei de justiça, de amor e de caridade",Justiça e direitos naturais,782,o-livro-dos-espiritos:section:b8333ac20653540b,b8333ac20653540b,section,Justiça e direitos naturais,exact,1.0,keep
1,O Livro dos Espíritos,4333,191,content,Parte Terceira — Das leis morais,CAPÍTULO XI,"Da lei de justiça, de amor e de caridade",Direito de propriedade. Roubo,381,o-livro-dos-espiritos:section:b3454b293db607d4,b3454b293db607d4,section,Direito de propriedade. Roubo,exact,1.0,keep
1,O Livro dos Espíritos,4334,192,content,Parte Terceira — Das leis morais,CAPÍTULO XI,"Da lei de justiça, de amor e de caridade",Caridade e amor do próximo,745,o-livro-dos-espiritos:section:72b735a3ef6dd246,72b735a3ef6dd246,section,Caridade e amor do próximo,exact,1.0,keep
1,O Livro dos Espíritos,4335,193,content,Parte Terceira — Das leis morais,CAPÍTULO XI,"Da lei de justiça, de amor e de caridade",Amor materno e filial,281,o-livro-dos-espiritos:section:615e79db0982afa9,615e79db0982afa9,section,Amor materno e filial,exact,1.0,keep
1,O Livro dos Espíritos,4336,194,chapter_intro,Parte Terceira — Das leis morais,CAPÍTULO XII,Da perfeição moral,null,18,o-livro-dos-espiritos:chapter:c3f9ad458cd64b5e,c3f9ad458cd64b5e,chapter,Da perfeição moral,chapter,1.0,keep
1,O Livro dos Espíritos,4337,195,content,Parte Terceira — Das leis morais,CAPÍTULO XII,Da perfeição moral,As virtudes e os vícios,1737,o-livro-dos-espiritos:section:f31bd51fa50979ad,f31bd51fa50979ad,section,As virtudes e os vícios,exact,1.0,keep
1,O Livro dos Espíritos,4338,196,content,Parte Terceira — Das leis morais,CAPÍTULO XII,Da perfeição moral,Paixões,450,o-livro-dos-espiritos:section:fde0e28a80a97bc4,fde0e28a80a97bc4,section,Paixões,exact,1.0,keep
1,O Livro dos Espíritos,4339,197,content,Parte Terceira — Das leis morais,CAPÍTULO XII,Da perfeição moral,O egoísmo,1304,o-livro-dos-espiritos:section:383dd3bbafbe9e09,383dd3bbafbe9e09,section,O egoísmo,exact,1.0,keep
1,O Livro dos Espíritos,4340,198,content,Parte Terceira — Das leis morais,CAPÍTULO XII,Da perfeição moral,Caracteres do homem de bem,320,o-livro-dos-espiritos:section:7806c39877585f8a,7806c39877585f8a,section,Caracteres do homem de bem,exact,1.0,keep
1,O Livro dos Espíritos,4341,199,content,Parte Terceira — Das leis morais,CAPÍTULO XII,Da perfeição moral,Conhecimento de si mesmo,825,o-livro-dos-espiritos:section:84bd0a5b6779a6b6,84bd0a5b6779a6b6,section,Conhecimento de si mesmo,exact,1.0,keep
1,O Livro dos Espíritos,4342,200,part_intro,Parte Quarta — Das esperanças e consolações,null,null,null,4,o-livro-dos-espiritos:division:2db50fec14e0dbef,2db50fec14e0dbef,division,PARTE QUARTA — Das esperanças e consolações,exact,1.0,keep
1,O Livro dos Espíritos,4343,201,content,Parte Quarta — Das esperanças e consolações,null,null,null,14,,,,,unmatched,0.0,review
1,O Livro dos Espíritos,4344,202,chapter_intro,Parte Quarta — Das esperanças e consolações,CAPÍTULO I,Das penas e gozos terrestres,null,22,o-livro-dos-espiritos:chapter:2f2fe37e410cd33f,2f2fe37e410cd33f,chapter,Das penas e gozos terrestres,chapter,1.0,keep
1,O Livro dos Espíritos,4345,203,content,Parte Quarta — Das esperanças e consolações,CAPÍTULO I,Das penas e gozos terrestres,Felicidade e infelicidade relativas,1792,o-livro-dos-espiritos:section:d924879ce05743e5,d924879ce05743e5,section,Felicidade e infelicidade relativas,exact,1.0,keep
1,O Livro dos Espíritos,4346,204,content,Parte Quarta — Das esperanças e consolações,CAPÍTULO I,Das penas e gozos terrestres,Perda dos entes queridos,651,o-livro-dos-espiritos:section:535b6ec806e8a081,535b6ec806e8a081,section,Perda dos entes queridos,exact,1.0,keep
1,O Livro dos Espíritos,4347,205,content,Parte Quarta — Das esperanças e consolações,CAPÍTULO I,Das penas e gozos terrestres,Decepções. Ingratidão. Afeições destruídas,405,o-livro-dos-espiritos:section:8b83e6ea164ff4d4,8b83e6ea164ff4d4,section,Decepções. Ingratidão. Afeições destruídas,exact,1.0,keep
1,O Livro dos Espíritos,4348,206,content,Parte Quarta — Das esperanças e consolações,CAPÍTULO I,Das penas e gozos terrestres,Uniões antipáticas,407,o-livro-dos-espiritos:section:0329f37894ce4349,0329f37894ce4349,section,Uniões antipáticas,exact,1.0,keep
1,O Livro dos Espíritos,4349,207,content,Parte Quarta — Das esperanças e consolações,CAPÍTULO I,Das penas e gozos terrestres,Temor da morte,383,o-livro-dos-espiritos:section:c3e0be883848d79c,c3e0be883848d79c,section,Temor da morte,exact,1.0,keep
1,O Livro dos Espíritos,4350,208,content,Parte Quarta — Das esperanças e consolações,CAPÍTULO I,Das penas e gozos terrestres,Desgosto da vida. Suicídio,1877,o-livro-dos-espiritos:section:6bcff82f0ee58890,6bcff82f0ee58890,section,Desgosto da vida. Suicídio,exact,1.0,keep
1,O Livro dos Espíritos,4351,209,chapter_intro,Parte Quarta — Das esperanças e consolações,CAPÍTULO II,Das penas e gozos futuros,null,40,o-livro-dos-espiritos:chapter:69361133c38be55e,69361133c38be55e,chapter,Das penas e gozos futuros,chapter,1.0,keep
1,O Livro dos Espíritos,4352,210,content,Parte Quarta — Das esperanças e consolações,CAPÍTULO II,Das penas e gozos futuros,O nada. Vida futura,299,o-livro-dos-espiritos:section:1a4a37c051f5e263,1a4a37c051f5e263,section,O nada. Vida futura,exact,1.0,keep
1,O Livro dos Espíritos,4353,211,content,Parte Quarta — Das esperanças e consolações,CAPÍTULO II,Das penas e gozos futuros,Intuição das penas e gozos futuros,282,o-livro-dos-espiritos:section:6a11563d63e2a94e,6a11563d63e2a94e,section,Intuição das penas e gozos futuros,exact,1.0,keep
1,O Livro dos Espíritos,4354,212,content,Parte Quarta — Das esperanças e consolações,CAPÍTULO II,Das penas e gozos futuros,Intervenção de Deus nas penas e recompensas,397,o-livro-dos-espiritos:section:b45f866dbb996870,b45f866dbb996870,section,Intervenção de Deus nas penas e recompensas,exact,1.0,keep
1,O Livro dos Espíritos,4355,213,content,Parte Quarta — Das esperanças e consolações,CAPÍTULO II,Das penas e gozos futuros,Natureza das penas e gozos futuros,2428,o-livro-dos-espiritos:section:0433728dbe4a30c8,0433728dbe4a30c8,section,Natureza das penas e gozos futuros,exact,1.0,keep
1,O Livro dos Espíritos,4356,214,content,Parte Quarta — Das esperanças e consolações,CAPÍTULO II,Das penas e gozos futuros,Penas temporais,773,o-livro-dos-espiritos:section:966c2a183ab57f76,966c2a183ab57f76,section,Penas temporais,exact,1.0,keep
1,O Livro dos Espíritos,4357,215,content,Parte Quarta — Das esperanças e consolações,CAPÍTULO II,Das penas e gozos futuros,Expiação e arrependimento,1131,o-livro-dos-espiritos:section:6798030da5e6f0c4,6798030da5e6f0c4,section,Expiação e arrependimento,exact,1.0,keep
1,O Livro dos Espíritos,4358,216,content,Parte Quarta — Das esperanças e consolações,CAPÍTULO II,Das penas e gozos futuros,Duração das penas futuras,2302,o-livro-dos-espiritos:section:11a71afa5b2cac33,11a71afa5b2cac33,section,Duração das penas futuras,exact,1.0,keep
1,O Livro dos Espíritos,4359,217,content,Parte Quarta — Das esperanças e consolações,CAPÍTULO II,Das penas e gozos futuros,Ressurreição da carne,735,o-livro-dos-espiritos:section:0b34cdfc48d4b1aa,0b34cdfc48d4b1aa,section,Ressurreição da carne,exact,1.0,keep
1,O Livro dos Espíritos,4360,218,content,Parte Quarta — Das esperanças e consolações,CAPÍTULO II,Das penas e gozos futuros,"Paraíso, inferno e purgatório",1389,o-livro-dos-espiritos:section:a1a7e8faddeb5306,a1a7e8faddeb5306,section,"Paraíso, inferno e purgatório",exact,1.0,keep
1,O Livro dos Espíritos,4361,219,content,Parte Quarta — Das esperanças e consolações,CAPÍTULO II,Das penas e gozos futuros,I,362,o-livro-dos-espiritos:chapter:69361133c38be55e,69361133c38be55e,chapter,Das penas e gozos futuros,chapter-aggregate,0.6,split
1,O Livro dos Espíritos,4362,220,content,Parte Quarta — Das esperanças e consolações,CAPÍTULO II,Das penas e gozos futuros,Ii,394,o-livro-dos-espiritos:chapter:69361133c38be55e,69361133c38be55e,chapter,Das penas e gozos futuros,chapter-aggregate,0.6,split
1,O Livro dos Espíritos,4363,221,content,Parte Quarta — Das esperanças e consolações,CAPÍTULO II,Das penas e gozos futuros,Iii,410,o-livro-dos-espiritos:chapter:69361133c38be55e,69361133c38be55e,chapter,Das penas e gozos futuros,chapter-aggregate,0.6,split
1,O Livro dos Espíritos,4364,222,content,Parte Quarta — Das esperanças e consolações,CAPÍTULO II,Das penas e gozos futuros,Iv,505,o-livro-dos-espiritos:chapter:69361133c38be55e,69361133c38be55e,chapter,Das penas e gozos futuros,chapter-aggregate,0.6,split
1,O Livro dos Espíritos,4365,223,content,Parte Quarta — Das esperanças e consolações,CAPÍTULO II,Das penas e gozos futuros,V,722,o-livro-dos-espiritos:chapter:69361133c38be55e,69361133c38be55e,chapter,Das penas e gozos futuros,chapter-aggregate,0.6,split
1,O Livro dos Espíritos,4366,224,content,Parte Quarta — Das esperanças e consolações,CAPÍTULO II,Das penas e gozos futuros,Vi,753,o-livro-dos-espiritos:chapter:69361133c38be55e,69361133c38be55e,chapter,Das penas e gozos futuros,chapter-aggregate,0.6,split
1,O Livro dos Espíritos,4367,225,content,Parte Quarta — Das esperanças e consolações,CAPÍTULO II,Das penas e gozos futuros,Vii,841,o-livro-dos-espiritos:chapter:69361133c38be55e,69361133c38be55e,chapter,Das penas e gozos futuros,chapter-aggregate,0.6,split
1,O Livro dos Espíritos,4368,226,content,Parte Quarta — Das esperanças e consolações,CAPÍTULO II,Das penas e gozos futuros,Viii,719,o-livro-dos-espiritos:chapter:69361133c38be55e,69361133c38be55e,chapter,Das penas e gozos futuros,chapter-aggregate,0.6,split
1,O Livro dos Espíritos,4369,227,content,Parte Quarta — Das esperanças e consolações,CAPÍTULO II,Das penas e gozos futuros,Ix,885,o-livro-dos-espiritos:chapter:69361133c38be55e,69361133c38be55e,chapter,Das penas e gozos futuros,chapter-aggregate,0.6,split
1,O Livro dos Espíritos,4370,228,content,Parte Quarta — Das esperanças e consolações,CAPÍTULO II,Das penas e gozos futuros,Nota explicativa,1797,o-livro-dos-espiritos:chapter:69361133c38be55e,69361133c38be55e,chapter,Das penas e gozos futuros,chapter-aggregate,0.6,split
2,O Livro dos Médiuns,4371,1,part_intro,Primeira Parte — Noções preliminares,null,null,null,2,o-livro-dos-mediuns:division:ce54d9f5aa9aaa25,ce54d9f5aa9aaa25,division,PRIMEIRA PARTE — Noções preliminares,exact,1.0,keep
2,O Livro dos Médiuns,4372,2,content,Primeira Parte — Noções preliminares,null,null,null,19,,,,,unmatched,0.0,review
2,O Livro dos Médiuns,4373,3,chapter_intro,Primeira Parte — Noções preliminares,CAPÍTULO I,Há Espíritos?,null,0,o-livro-dos-mediuns:chapter:653172c9ddc23db3,653172c9ddc23db3,chapter,Há Espíritos?,chapter,1.0,keep
2,O Livro dos Médiuns,4374,4,content,Primeira Parte — Noções preliminares,CAPÍTULO I,Há Espíritos?,null,2125,o-livro-dos-mediuns:chapter:653172c9ddc23db3,653172c9ddc23db3,chapter,Há Espíritos?,chapter-aggregate,0.6,split
2,O Livro dos Médiuns,4375,5,chapter_intro,Primeira Parte — Noções preliminares,CAPÍTULO II,Do maravilhoso e do sobrenatural,null,0,o-livro-dos-mediuns:chapter:289eb11f923408ba,289eb11f923408ba,chapter,Do maravilhoso e do sobrenatural,chapter,1.0,keep
2,O Livro dos Médiuns,4376,6,content,Primeira Parte — Noções preliminares,CAPÍTULO II,Do maravilhoso e do sobrenatural,null,3331,o-livro-dos-mediuns:chapter:289eb11f923408ba,289eb11f923408ba,chapter,Do maravilhoso e do sobrenatural,chapter-aggregate,0.6,split
2,O Livro dos Médiuns,4377,7,chapter_intro,Primeira Parte — Noções preliminares,CAPÍTULO III,Do método,null,0,o-livro-dos-mediuns:chapter:4b9264287d47031b,4b9264287d47031b,chapter,Do método,chapter,1.0,keep
2,O Livro dos Médiuns,4378,8,content,Primeira Parte — Noções preliminares,CAPÍTULO III,Do método,null,4176,o-livro-dos-mediuns:chapter:4b9264287d47031b,4b9264287d47031b,chapter,Do método,chapter-aggregate,0.6,split
2,O Livro dos Médiuns,4379,9,chapter_intro,Primeira Parte — Noções preliminares,CAPÍTULO IV,Dos sistemas,null,0,o-livro-dos-mediuns:chapter:c0a949c06c345717,c0a949c06c345717,chapter,Dos sistemas,chapter,1.0,keep
2,O Livro dos Médiuns,4380,10,content,Primeira Parte — Noções preliminares,CAPÍTULO IV,Dos sistemas,null,6307,o-livro-dos-mediuns:chapter:c0a949c06c345717,c0a949c06c345717,chapter,Dos sistemas,chapter-aggregate,0.6,split
2,O Livro dos Médiuns,4381,11,part_intro,Segunda Parte — Das manifestações espíritas,null,null,null,3,o-livro-dos-mediuns:division:9a46cfdb5ddce442,9a46cfdb5ddce442,division,SEGUNDA PARTE — Das manifestações espíritas,exact,1.0,keep
2,O Livro dos Médiuns,4382,12,content,Segunda Parte — Das manifestações espíritas,null,null,null,206,,,,,unmatched,0.0,review
2,O Livro dos Médiuns,4383,13,chapter_intro,Segunda Parte — Das manifestações espíritas,CAPÍTULO I,Da ação dos Espíritos sobre a matéria,null,0,o-livro-dos-mediuns:chapter:2b8022a478590fa5,2b8022a478590fa5,chapter,Da ação dos Espíritos sobre a matéria,chapter,1.0,keep
2,O Livro dos Médiuns,4384,14,content,Segunda Parte — Das manifestações espíritas,CAPÍTULO I,Da ação dos Espíritos sobre a matéria,null,2052,o-livro-dos-mediuns:chapter:2b8022a478590fa5,2b8022a478590fa5,chapter,Da ação dos Espíritos sobre a matéria,chapter-aggregate,0.6,split
2,O Livro dos Médiuns,4385,15,chapter_intro,Segunda Parte — Das manifestações espíritas,CAPÍTULO II,Das manifestações físicas. Das mesas girantes,null,0,o-livro-dos-mediuns:chapter:d850638572f86339,d850638572f86339,chapter,Das manifestações físicas Das mesas girantes,chapter,1.0,keep
2,O Livro dos Médiuns,4386,16,content,Segunda Parte — Das manifestações espíritas,CAPÍTULO II,Das manifestações físicas. Das mesas girantes,null,1035,o-livro-dos-mediuns:chapter:d850638572f86339,d850638572f86339,chapter,Das manifestações físicas Das mesas girantes,chapter-aggregate,0.6,review
2,O Livro dos Médiuns,4387,17,chapter_intro,Segunda Parte — Das manifestações espíritas,CAPÍTULO III,Das manifestações inteligentes,null,0,o-livro-dos-mediuns:chapter:4ecf3808bb4c77c3,4ecf3808bb4c77c3,chapter,Das manifestações inteligentes,chapter,1.0,keep
2,O Livro dos Médiuns,4388,18,content,Segunda Parte — Das manifestações espíritas,CAPÍTULO III,Das manifestações inteligentes,null,1079,o-livro-dos-mediuns:chapter:4ecf3808bb4c77c3,4ecf3808bb4c77c3,chapter,Das manifestações inteligentes,chapter-aggregate,0.6,review
2,O Livro dos Médiuns,4389,19,chapter_intro,Segunda Parte — Das manifestações espíritas,CAPÍTULO IV,Da teoria das manifestações físicas,null,12,o-livro-dos-mediuns:chapter:acf42d7c091810f0,acf42d7c091810f0,chapter,Da teoria das manifestações físicas,chapter,1.0,keep
2,O Livro dos Médiuns,4390,20,content,Segunda Parte — Das manifestações espíritas,CAPÍTULO IV,Da teoria das manifestações físicas,null,4230,o-livro-dos-mediuns:chapter:acf42d7c091810f0,acf42d7c091810f0,chapter,Da teoria das manifestações físicas,chapter-aggregate,0.6,split
2,O Livro dos Médiuns,4391,21,chapter_intro,Segunda Parte — Das manifestações espíritas,CAPÍTULO V,Das manifestações físicas espontâneas,null,18,o-livro-dos-mediuns:chapter:5f48dcea2c262c15,5f48dcea2c262c15,chapter,Das manifestações físicas espontâneas,chapter,1.0,keep
2,O Livro dos Médiuns,4392,22,content,Segunda Parte — Das manifestações espíritas,CAPÍTULO V,Das manifestações físicas espontâneas,null,4103,o-livro-dos-mediuns:chapter:5f48dcea2c262c15,5f48dcea2c262c15,chapter,Das manifestações físicas espontâneas,chapter-aggregate,0.6,split
2,O Livro dos Médiuns,4393,23,content,Segunda Parte — Das manifestações espíritas,CAPÍTULO V,Das manifestações físicas espontâneas,Fenômeno de transporte,3063,o-livro-dos-mediuns:section:4d1ac87a45e0b5c1,4d1ac87a45e0b5c1,section,Fenômeno de transporte,exact,1.0,keep
2,O Livro dos Médiuns,4394,24,chapter_intro,Segunda Parte — Das manifestações espíritas,CAPÍTULO VI,Das manifestações visuais,null,15,o-livro-dos-mediuns:chapter:5ea189b44d549473,5ea189b44d549473,chapter,Das manifestações visuais,chapter,1.0,keep
2,O Livro dos Médiuns,4395,25,content,Segunda Parte — Das manifestações espíritas,CAPÍTULO VI,Das manifestações visuais,null,2684,o-livro-dos-mediuns:chapter:5ea189b44d549473,5ea189b44d549473,chapter,Das manifestações visuais,chapter-aggregate,0.6,split
2,O Livro dos Médiuns,4396,26,content,Segunda Parte — Das manifestações espíritas,CAPÍTULO VI,Das manifestações visuais,Ensaio teórico sobre as aparições,2490,o-livro-dos-mediuns:section:aff87903ba83758a,aff87903ba83758a,section,Ensaio teórico sobre as aparições,exact,1.0,keep
2,O Livro dos Médiuns,4397,27,content,Segunda Parte — Das manifestações espíritas,CAPÍTULO VI,Das manifestações visuais,Teoria da alucinação,1511,o-livro-dos-mediuns:section:e9d02a2a430a5f5d,e9d02a2a430a5f5d,section,Teoria da alucinação,exact,1.0,keep
2,O Livro dos Médiuns,4398,28,chapter_intro,Segunda Parte — Das manifestações espíritas,CAPÍTULO VII,Da bicorporeidade e da transfiguração,null,21,o-livro-dos-mediuns:chapter:ae5e12179576b97f,ae5e12179576b97f,chapter,Da bicorporeidade e da transfiguração,chapter,1.0,keep
2,O Livro dos Médiuns,4399,29,content,Segunda Parte — Das manifestações espíritas,CAPÍTULO VII,Da bicorporeidade e da transfiguração,null,3323,o-livro-dos-mediuns:chapter:ae5e12179576b97f,ae5e12179576b97f,chapter,Da bicorporeidade e da transfiguração,chapter-aggregate,0.6,split
2,O Livro dos Médiuns,4400,30,chapter_intro,Segunda Parte — Das manifestações espíritas,CAPÍTULO VIII,Do laboratório do Mundo Invisível,null,17,o-livro-dos-mediuns:chapter:80d8b11a5624d43d,80d8b11a5624d43d,chapter,Do laboratório do Mundo Invisível,chapter,1.0,keep
2,O Livro dos Médiuns,4401,31,content,Segunda Parte — Das manifestações espíritas,CAPÍTULO VIII,Do laboratório do Mundo Invisível,null,2561,o-livro-dos-mediuns:chapter:80d8b11a5624d43d,80d8b11a5624d43d,chapter,Do laboratório do Mundo Invisível,chapter-aggregate,0.6,split
2,O Livro dos Médiuns,4402,32,chapter_intro,Segunda Parte — Das manifestações espíritas,CAPÍTULO IX,Dos lugares assombrados,null,0,o-livro-dos-mediuns:chapter:4728f2d16389a2fd,4728f2d16389a2fd,chapter,Dos lugares assombrados,chapter,1.0,keep
2,O Livro dos Médiuns,4403,33,content,Segunda Parte — Das manifestações espíritas,CAPÍTULO IX,Dos lugares assombrados,null,1567,o-livro-dos-mediuns:chapter:4728f2d16389a2fd,4728f2d16389a2fd,chapter,Dos lugares assombrados,chapter-aggregate,0.6,split
2,O Livro dos Médiuns,4404,34,chapter_intro,Segunda Parte — Das manifestações espíritas,CAPÍTULO X,Da natureza das comunicações,null,0,o-livro-dos-mediuns:chapter:0e497610f9692a5f,0e497610f9692a5f,chapter,Da natureza das comunicações,chapter,1.0,keep
2,O Livro dos Médiuns,4405,35,content,Segunda Parte — Das manifestações espíritas,CAPÍTULO X,Da natureza das comunicações,"• Comunicações grosseiras, frívolas, sérias e instrutivas",1063,o-livro-dos-mediuns:section:8a9bfd20c165e6e2,8a9bfd20c165e6e2,section,"Comunicações grosseiras, frívolas, sérias e instrutivas",exact,1.0,keep
2,O Livro dos Médiuns,4406,36,chapter_intro,Segunda Parte — Das manifestações espíritas,CAPÍTULO XI,Da sematologia e da tiptologia,null,9,o-livro-dos-mediuns:chapter:17da9e59a0380c05,17da9e59a0380c05,chapter,Da sematologia e da tiptologia,chapter,1.0,keep
2,O Livro dos Médiuns,4407,37,content,Segunda Parte — Das manifestações espíritas,CAPÍTULO XI,Da sematologia e da tiptologia,null,1860,o-livro-dos-mediuns:chapter:17da9e59a0380c05,17da9e59a0380c05,chapter,Da sematologia e da tiptologia,chapter-aggregate,0.6,split
2,O Livro dos Médiuns,4408,38,chapter_intro,Segunda Parte — Das manifestações espíritas,CAPÍTULO XII,Da pneumatografia ou escrita direta. Da pneumatofonia,null,0,o-livro-dos-mediuns:chapter:13154add20cd2e31,13154add20cd2e31,chapter,Da pneumatografia ou escrita direta Da pneumatofonia,chapter,1.0,keep
2,O Livro dos Médiuns,4409,39,content,Segunda Parte — Das manifestações espíritas,CAPÍTULO XII,Da pneumatografia ou escrita direta. Da pneumatofonia,Escrita direta,1281,o-livro-dos-mediuns:chapter:13154add20cd2e31,13154add20cd2e31,chapter,Da pneumatografia ou escrita direta Da pneumatofonia,chapter-aggregate,0.6,split
2,O Livro dos Médiuns,4410,40,content,Segunda Parte — Das manifestações espíritas,CAPÍTULO XII,Da pneumatografia ou escrita direta. Da pneumatofonia,Pneumatofonia,378,o-livro-dos-mediuns:chapter:13154add20cd2e31,13154add20cd2e31,chapter,Da pneumatografia ou escrita direta Da pneumatofonia,chapter-aggregate,0.6,review
2,O Livro dos Médiuns,4411,41,chapter_intro,Segunda Parte — Das manifestações espíritas,CAPÍTULO XIII,Da psicografia,null,10,o-livro-dos-mediuns:chapter:b0fc1a2efa66b5a2,b0fc1a2efa66b5a2,chapter,Da psicografia,chapter,1.0,keep
2,O Livro dos Médiuns,4412,42,content,Segunda Parte — Das manifestações espíritas,CAPÍTULO XIII,Da psicografia,null,1347,o-livro-dos-mediuns:chapter:b0fc1a2efa66b5a2,b0fc1a2efa66b5a2,chapter,Da psicografia,chapter-aggregate,0.6,split
2,O Livro dos Médiuns,4413,43,chapter_intro,Segunda Parte — Das manifestações espíritas,CAPÍTULO XIV,Dos médiuns,null,23,o-livro-dos-mediuns:chapter:68cf49fbe3c4db92,68cf49fbe3c4db92,chapter,Dos médiuns,chapter,1.0,keep
2,O Livro dos Médiuns,4414,44,content,Segunda Parte — Das manifestações espíritas,CAPÍTULO XIV,Dos médiuns,null,165,o-livro-dos-mediuns:chapter:68cf49fbe3c4db92,68cf49fbe3c4db92,chapter,Dos médiuns,chapter-aggregate,0.6,split
2,O Livro dos Médiuns,4415,45,content,Segunda Parte — Das manifestações espíritas,CAPÍTULO XIV,Dos médiuns,Médiuns de efeitos físicos,1493,o-livro-dos-mediuns:section:33a173f2998c4501,33a173f2998c4501,section,Médiuns de efeitos físicos,exact,1.0,keep
2,O Livro dos Médiuns,4416,46,content,Segunda Parte — Das manifestações espíritas,CAPÍTULO XIV,Dos médiuns,Médiuns sensitivos ou impressionáveis,248,o-livro-dos-mediuns:section:b360ce5ecff5a57d,b360ce5ecff5a57d,section,Médiuns sensitivos ou impressionáveis,exact,1.0,keep
2,O Livro dos Médiuns,4417,47,content,Segunda Parte — Das manifestações espíritas,CAPÍTULO XIV,Dos médiuns,Médiuns audientes,152,o-livro-dos-mediuns:section:cdcb59d353d57e4d,cdcb59d353d57e4d,section,Médiuns audientes,exact,1.0,keep
2,O Livro dos Médiuns,4418,48,content,Segunda Parte — Das manifestações espíritas,CAPÍTULO XIV,Dos médiuns,Médiuns falantes,192,o-livro-dos-mediuns:section:55522858a73ac12e,55522858a73ac12e,section,Médiuns falantes,exact,1.0,keep
2,O Livro dos Médiuns,4419,49,content,Segunda Parte — Das manifestações espíritas,CAPÍTULO XIV,Dos médiuns,Médiuns videntes,1296,o-livro-dos-mediuns:section:3ecc100b34861336,3ecc100b34861336,section,Médiuns videntes,exact,1.0,keep
2,O Livro dos Médiuns,4420,50,content,Segunda Parte — Das manifestações espíritas,CAPÍTULO XIV,Dos médiuns,Médiuns sonambúlicos,545,o-livro-dos-mediuns:section:994b29fa8bbc6d4c,994b29fa8bbc6d4c,section,Médiuns sonambúlicos,exact,1.0,keep
2,O Livro dos Médiuns,4421,51,content,Segunda Parte — Das manifestações espíritas,CAPÍTULO XIV,Dos médiuns,Médiuns curadores,657,o-livro-dos-mediuns:section:12ad5eb93b770e9a,12ad5eb93b770e9a,section,Médiuns curadores,exact,1.0,keep
2,O Livro dos Médiuns,4422,52,content,Segunda Parte — Das manifestações espíritas,CAPÍTULO XIV,Dos médiuns,Médiuns pneumatógrafos,210,o-livro-dos-mediuns:section:4b9ea04d5ffc1ffc,4b9ea04d5ffc1ffc,section,Médiuns pneumatógrafos,exact,1.0,keep
2,O Livro dos Médiuns,4423,53,chapter_intro,Segunda Parte — Das manifestações espíritas,CAPÍTULO XV,Dos médiuns escreventes ou psicógrafos,null,10,o-livro-dos-mediuns:chapter:6615a1e9e3ee3507,6615a1e9e3ee3507,chapter,Dos médiuns escreventes ou psicógrafos,chapter,1.0,keep
2,O Livro dos Médiuns,4424,54,content,Segunda Parte — Das manifestações espíritas,CAPÍTULO XV,Dos médiuns escreventes ou psicógrafos,null,114,o-livro-dos-mediuns:chapter:6615a1e9e3ee3507,6615a1e9e3ee3507,chapter,Dos médiuns escreventes ou psicógrafos,chapter-aggregate,0.6,split
2,O Livro dos Médiuns,4425,55,content,Segunda Parte — Das manifestações espíritas,CAPÍTULO XV,Dos médiuns escreventes ou psicógrafos,Médiuns mecânicos,278,o-livro-dos-mediuns:chapter:6615a1e9e3ee3507,6615a1e9e3ee3507,chapter,Dos médiuns escreventes ou psicógrafos,chapter-aggregate,0.6,split
2,O Livro dos Médiuns,4426,56,content,Segunda Parte — Das manifestações espíritas,CAPÍTULO XV,Dos médiuns escreventes ou psicógrafos,Médiuns intuitivos,277,o-livro-dos-mediuns:chapter:6615a1e9e3ee3507,6615a1e9e3ee3507,chapter,Dos médiuns escreventes ou psicógrafos,chapter-aggregate,0.6,split
2,O Livro dos Médiuns,4427,57,content,Segunda Parte — Das manifestações espíritas,CAPÍTULO XV,Dos médiuns escreventes ou psicógrafos,Médiuns semimecânicos,80,o-livro-dos-mediuns:chapter:6615a1e9e3ee3507,6615a1e9e3ee3507,chapter,Dos médiuns escreventes ou psicógrafos,chapter-aggregate,0.6,split
2,O Livro dos Médiuns,4428,58,content,Segunda Parte — Das manifestações espíritas,CAPÍTULO XV,Dos médiuns escreventes ou psicógrafos,Médiuns inspirados ou involuntários,678,o-livro-dos-mediuns:chapter:6615a1e9e3ee3507,6615a1e9e3ee3507,chapter,Dos médiuns escreventes ou psicógrafos,chapter-aggregate,0.6,split
2,O Livro dos Médiuns,4429,59,content,Segunda Parte — Das manifestações espíritas,CAPÍTULO XV,Dos médiuns escreventes ou psicógrafos,Médiuns de pressentimentos,78,o-livro-dos-mediuns:chapter:6615a1e9e3ee3507,6615a1e9e3ee3507,chapter,Dos médiuns escreventes ou psicógrafos,chapter-aggregate,0.6,split
2,O Livro dos Médiuns,4430,60,chapter_intro,Segunda Parte — Das manifestações espíritas,CAPÍTULO XVI,Dos médiuns especiais,null,12,o-livro-dos-mediuns:chapter:df364177219af5cd,df364177219af5cd,chapter,Dos médiuns especiais,chapter,1.0,keep
2,O Livro dos Médiuns,4431,61,content,Segunda Parte — Das manifestações espíritas,CAPÍTULO XVI,Dos médiuns especiais,null,1676,o-livro-dos-mediuns:chapter:df364177219af5cd,df364177219af5cd,chapter,Dos médiuns especiais,chapter-aggregate,0.6,split
2,O Livro dos Médiuns,4432,62,content,Segunda Parte — Das manifestações espíritas,CAPÍTULO XVI,Dos médiuns especiais,Diversas,458,o-livro-dos-mediuns:chapter:df364177219af5cd,df364177219af5cd,chapter,Dos médiuns especiais,chapter-aggregate,0.6,split
2,O Livro dos Médiuns,4433,63,content,Segunda Parte — Das manifestações espíritas,CAPÍTULO XVI,Dos médiuns especiais,Variedades dos médiuns escreventes:,2889,o-livro-dos-mediuns:chapter:df364177219af5cd,df364177219af5cd,chapter,Dos médiuns especiais,chapter-aggregate,0.6,split
2,O Livro dos Médiuns,4434,64,chapter_intro,Segunda Parte — Das manifestações espíritas,CAPÍTULO XVII,Da formação dos médiuns,null,12,o-livro-dos-mediuns:chapter:f931dcb245b67695,f931dcb245b67695,chapter,Da formação dos médiuns,chapter,1.0,keep
2,O Livro dos Médiuns,4435,65,content,Segunda Parte — Das manifestações espíritas,CAPÍTULO XVII,Da formação dos médiuns,Desenvolvimento da mediunidade,3862,o-livro-dos-mediuns:section:89777b0ea6a53288,89777b0ea6a53288,section,Desenvolvimento da mediunidade,exact,1.0,keep
2,O Livro dos Médiuns,4436,66,content,Segunda Parte — Das manifestações espíritas,CAPÍTULO XVII,Da formação dos médiuns,Mudança de caligrafia,182,o-livro-dos-mediuns:section:47e8dc19213612d0,47e8dc19213612d0,section,Mudança de caligrafia,exact,1.0,keep
2,O Livro dos Médiuns,4437,67,content,Segunda Parte — Das manifestações espíritas,CAPÍTULO XVII,Da formação dos médiuns,Perda e suspensão da mediunidade,1276,o-livro-dos-mediuns:section:62279df3504d41af,62279df3504d41af,section,Perda e suspensão da mediunidade,exact,1.0,keep
2,O Livro dos Médiuns,4438,68,chapter_intro,Segunda Parte — Das manifestações espíritas,CAPÍTULO XVIII,Dos inconvenientes e perigos da mediunidade,null,17,o-livro-dos-mediuns:chapter:deb8e99e0473f4ff,deb8e99e0473f4ff,chapter,Dos inconvenientes e perigos da mediunidade,chapter,1.0,keep
2,O Livro dos Médiuns,4439,69,content,Segunda Parte — Das manifestações espíritas,CAPÍTULO XVIII,Dos inconvenientes e perigos da mediunidade,null,864,o-livro-dos-mediuns:chapter:deb8e99e0473f4ff,deb8e99e0473f4ff,chapter,Dos inconvenientes e perigos da mediunidade,chapter-aggregate,0.6,split
2,O Livro dos Médiuns,4440,70,chapter_intro,Segunda Parte — Das manifestações espíritas,CAPÍTULO XIX,Do papel dos médiuns nas comunicações espíritas,null,34,o-livro-dos-mediuns:chapter:79567ea3539ea567,79567ea3539ea567,chapter,Do papel dos médiuns nas comunicações espíritas,chapter,1.0,keep
2,O Livro dos Médiuns,4441,71,content,Segunda Parte — Das manifestações espíritas,CAPÍTULO XIX,Do papel dos médiuns nas comunicações espíritas,null,4225,o-livro-dos-mediuns:chapter:79567ea3539ea567,79567ea3539ea567,chapter,Do papel dos médiuns nas comunicações espíritas,chapter-aggregate,0.6,split
2,O Livro dos Médiuns,4442,72,chapter_intro,Segunda Parte — Das manifestações espíritas,CAPÍTULO XX,Da influência moral do médium,null,11,o-livro-dos-mediuns:chapter:7e7707b357633fe7,7e7707b357633fe7,chapter,Da influência moral do médium,chapter,1.0,keep
2,O Livro dos Médiuns,4443,73,content,Segunda Parte — Das manifestações espíritas,CAPÍTULO XX,Da influência moral do médium,null,2971,o-livro-dos-mediuns:chapter:7e7707b357633fe7,7e7707b357633fe7,chapter,Da influência moral do médium,chapter-aggregate,0.6,split
2,O Livro dos Médiuns,4444,74,chapter_intro,Segunda Parte — Das manifestações espíritas,CAPÍTULO XXI,Da influência do meio,null,0,o-livro-dos-mediuns:chapter:58089c6f104dbeaf,58089c6f104dbeaf,chapter,Da influência do meio,chapter,1.0,keep
2,O Livro dos Médiuns,4445,75,content,Segunda Parte — Das manifestações espíritas,CAPÍTULO XXI,Da influência do meio,null,819,o-livro-dos-mediuns:chapter:58089c6f104dbeaf,58089c6f104dbeaf,chapter,Da influência do meio,chapter-aggregate,0.6,review
2,O Livro dos Médiuns,4446,76,chapter_intro,Segunda Parte — Das manifestações espíritas,CAPÍTULO XXII,Da mediunidade nos animais,null,0,o-livro-dos-mediuns:chapter:4a634808acd15f35,4a634808acd15f35,chapter,Da mediunidade nos animais,chapter,1.0,keep
2,O Livro dos Médiuns,4447,77,content,Segunda Parte — Das manifestações espíritas,CAPÍTULO XXII,Da mediunidade nos animais,null,2245,o-livro-dos-mediuns:chapter:4a634808acd15f35,4a634808acd15f35,chapter,Da mediunidade nos animais,chapter-aggregate,0.6,split
2,O Livro dos Médiuns,4448,78,chapter_intro,Segunda Parte — Das manifestações espíritas,CAPÍTULO XXIII,Da obsessão,null,12,o-livro-dos-mediuns:chapter:09cd84160cb379a3,09cd84160cb379a3,chapter,Da obsessão,chapter,1.0,keep
2,O Livro dos Médiuns,4449,79,content,Segunda Parte — Das manifestações espíritas,CAPÍTULO XXIII,Da obsessão,null,5495,o-livro-dos-mediuns:chapter:09cd84160cb379a3,09cd84160cb379a3,chapter,Da obsessão,chapter-aggregate,0.6,split
2,O Livro dos Médiuns,4450,80,chapter_intro,Segunda Parte — Das manifestações espíritas,CAPÍTULO XXIV,Da identidade dos Espíritos,null,22,o-livro-dos-mediuns:chapter:83f3600ecf97ed90,83f3600ecf97ed90,chapter,Da identidade dos Espíritos,chapter,1.0,keep
2,O Livro dos Médiuns,4451,81,content,Segunda Parte — Das manifestações espíritas,CAPÍTULO XXIV,Da identidade dos Espíritos,Provas possíveis de identidade,1836,o-livro-dos-mediuns:section:7cf24fd67444aae7,7cf24fd67444aae7,section,Provas possíveis de identidade,exact,1.0,keep
2,O Livro dos Médiuns,4452,82,content,Segunda Parte — Das manifestações espíritas,CAPÍTULO XXIV,Da identidade dos Espíritos,Modo de se distinguirem os bons dos maus Espíritos,4788,o-livro-dos-mediuns:section:3e31b6d762fd8aa9,3e31b6d762fd8aa9,section,Modo de se distinguirem os bons dos maus Espíritos,exact,1.0,keep
2,O Livro dos Médiuns,4453,83,chapter_intro,Segunda Parte — Das manifestações espíritas,CAPÍTULO XXV,Das evocações,null,34,o-livro-dos-mediuns:chapter:573ec2b2b3eaa683,573ec2b2b3eaa683,chapter,Das evocações,chapter,1.0,keep
2,O Livro dos Médiuns,4454,84,content,Segunda Parte — Das manifestações espíritas,CAPÍTULO XXV,Das evocações,Considerações gerais,1185,o-livro-dos-mediuns:section:9f6a3eae58b1acb9,9f6a3eae58b1acb9,section,Considerações gerais,exact,1.0,keep
2,O Livro dos Médiuns,4455,85,content,Segunda Parte — Das manifestações espíritas,CAPÍTULO XXV,Das evocações,Espíritos que se podem evocar,1039,o-livro-dos-mediuns:section:845ad9f9d4d51587,845ad9f9d4d51587,section,Espíritos que se podem evocar,exact,1.0,keep
2,O Livro dos Médiuns,4456,86,content,Segunda Parte — Das manifestações espíritas,CAPÍTULO XXV,Das evocações,Linguagem de que se deve usar com os Espíritos,599,o-livro-dos-mediuns:section:492a6180c6ba6fe2,492a6180c6ba6fe2,section,Linguagem de que se deve usar com os Espíritos,exact,1.0,keep
2,O Livro dos Médiuns,4457,87,content,Segunda Parte — Das manifestações espíritas,CAPÍTULO XXV,Das evocações,Utilidade das evocações particulares,6123,o-livro-dos-mediuns:section:2acab01b60b0ea7e,2acab01b60b0ea7e,section,Utilidade das evocações particulares,exact,1.0,keep
2,O Livro dos Médiuns,4458,88,chapter_intro,Segunda Parte — Das manifestações espíritas,CAPÍTULO XXVI,Das perguntas que se podem fazer aos Espíritos,null,44,o-livro-dos-mediuns:chapter:b35891906a8c3b1c,b35891906a8c3b1c,chapter,Das perguntas que se podem fazer aos Espíritos,chapter,1.0,keep
2,O Livro dos Médiuns,4459,89,content,Segunda Parte — Das manifestações espíritas,CAPÍTULO XXVI,Das perguntas que se podem fazer aos Espíritos,Observações preliminares,5621,o-livro-dos-mediuns:section:5ba3129a10c07ce9,5ba3129a10c07ce9,section,Observações preliminares,exact,1.0,keep
2,O Livro dos Médiuns,4460,90,chapter_intro,Segunda Parte — Das manifestações espíritas,CAPÍTULO XXVII,Das contradições e das mistificações,null,0,o-livro-dos-mediuns:chapter:c770c7120076c1e5,c770c7120076c1e5,chapter,Das contradições e das mistificações,chapter,1.0,keep
2,O Livro dos Médiuns,4461,91,content,Segunda Parte — Das manifestações espíritas,CAPÍTULO XXVII,Das contradições e das mistificações,Das contradições,2841,o-livro-dos-mediuns:chapter:c770c7120076c1e5,c770c7120076c1e5,chapter,Das contradições e das mistificações,chapter-aggregate,0.6,split
2,O Livro dos Médiuns,4462,92,content,Segunda Parte — Das manifestações espíritas,CAPÍTULO XXVII,Das contradições e das mistificações,Das mistificações,692,o-livro-dos-mediuns:chapter:c770c7120076c1e5,c770c7120076c1e5,chapter,Das contradições e das mistificações,chapter-aggregate,0.6,review
2,O Livro dos Médiuns,4463,93,chapter_intro,Segunda Parte — Das manifestações espíritas,CAPÍTULO XXVIII,Do charlatanismo e do embuste,null,5,o-livro-dos-mediuns:chapter:4e904250e991756e,4e904250e991756e,chapter,Do charlatanismo e do embuste,chapter,1.0,keep
2,O Livro dos Médiuns,4464,94,content,Segunda Parte — Das manifestações espíritas,CAPÍTULO XXVIII,Do charlatanismo e do embuste,Médiuns interesseiros,1803,o-livro-dos-mediuns:section:b94ab3e3419f09c1,b94ab3e3419f09c1,section,Médiuns interesseiros,exact,1.0,keep
2,O Livro dos Médiuns,4465,95,content,Segunda Parte — Das manifestações espíritas,CAPÍTULO XXVIII,Do charlatanismo e do embuste,Fraudes espíritas,1949,o-livro-dos-mediuns:section:8f8ab860f9245161,8f8ab860f9245161,section,Fraudes espíritas,exact,1.0,keep
2,O Livro dos Médiuns,4466,96,chapter_intro,Segunda Parte — Das manifestações espíritas,CAPÍTULO XXIX,Das reuniões e das Sociedades Espíritas,null,16,o-livro-dos-mediuns:chapter:2f0342bc10e59b7f,2f0342bc10e59b7f,chapter,Das reuniões e das Sociedades Espíritas,chapter,1.0,keep
2,O Livro dos Médiuns,4467,97,content,Segunda Parte — Das manifestações espíritas,CAPÍTULO XXIX,Das reuniões e das Sociedades Espíritas,Das reuniões em geral,2525,o-livro-dos-mediuns:section:af9f20c96c2ac242,af9f20c96c2ac242,section,Das reuniões em geral,exact,1.0,keep
2,O Livro dos Médiuns,4468,98,content,Segunda Parte — Das manifestações espíritas,CAPÍTULO XXIX,Das reuniões e das Sociedades Espíritas,Das Sociedades propriamente ditas,2469,o-livro-dos-mediuns:section:8b21899a6a96df5a,8b21899a6a96df5a,section,Das Sociedades propriamente ditas,exact,1.0,keep
2,O Livro dos Médiuns,4469,99,content,Segunda Parte — Das manifestações espíritas,CAPÍTULO XXIX,Das reuniões e das Sociedades Espíritas,Assuntos de estudo,918,o-livro-dos-mediuns:section:ea7f85d849f687bf,ea7f85d849f687bf,section,Assuntos de estudo,exact,1.0,keep
2,O Livro dos Médiuns,4470,100,content,Segunda Parte — Das manifestações espíritas,CAPÍTULO XXIX,Das reuniões e das Sociedades Espíritas,Rivalidades entre as Sociedades,802,o-livro-dos-mediuns:section:4f7eac7c6f70650c,4f7eac7c6f70650c,section,Rivalidades entre as Sociedades,exact,1.0,keep
2,O Livro dos Médiuns,4471,101,chapter_intro,Segunda Parte — Das manifestações espíritas,CAPÍTULO XXX,Regulamento da Sociedade Parisiense de Estudos Espíritas,null,0,o-livro-dos-mediuns:chapter:b01470c0d02fef18,b01470c0d02fef18,chapter,Regulamento da Sociedade Parisiense de Estudos Espíritas,chapter,1.0,keep
2,O Livro dos Médiuns,4472,102,content,Segunda Parte — Das manifestações espíritas,CAPÍTULO XXX,Regulamento da Sociedade Parisiense de Estudos Espíritas,Fundada a 1º de abril de 1858,138,o-livro-dos-mediuns:chapter:b01470c0d02fef18,b01470c0d02fef18,chapter,Regulamento da Sociedade Parisiense de Estudos Espíritas,chapter-aggregate,0.6,review
2,O Livro dos Médiuns,4473,103,content,Segunda Parte — Das manifestações espíritas,CAPÍTULO XXX,Regulamento da Sociedade Parisiense de Estudos Espíritas,Capítulo I — Fins e formação da Sociedade,605,o-livro-dos-mediuns:chapter:b01470c0d02fef18,b01470c0d02fef18,chapter,Regulamento da Sociedade Parisiense de Estudos Espíritas,chapter-aggregate,0.6,review
2,O Livro dos Médiuns,4474,104,content,Segunda Parte — Das manifestações espíritas,CAPÍTULO XXX,Regulamento da Sociedade Parisiense de Estudos Espíritas,Capítulo II — Administração,760,o-livro-dos-mediuns:chapter:b01470c0d02fef18,b01470c0d02fef18,chapter,Regulamento da Sociedade Parisiense de Estudos Espíritas,chapter-aggregate,0.6,review
2,O Livro dos Médiuns,4475,105,content,Segunda Parte — Das manifestações espíritas,CAPÍTULO XXX,Regulamento da Sociedade Parisiense de Estudos Espíritas,Capítulo III — Das sessões,705,o-livro-dos-mediuns:chapter:b01470c0d02fef18,b01470c0d02fef18,chapter,Regulamento da Sociedade Parisiense de Estudos Espíritas,chapter-aggregate,0.6,review
2,O Livro dos Médiuns,4476,106,content,Segunda Parte — Das manifestações espíritas,CAPÍTULO XXX,Regulamento da Sociedade Parisiense de Estudos Espíritas,Capítulo IV — Disposições diversas,550,o-livro-dos-mediuns:chapter:b01470c0d02fef18,b01470c0d02fef18,chapter,Regulamento da Sociedade Parisiense de Estudos Espíritas,chapter-aggregate,0.6,review
2,O Livro dos Médiuns,4477,107,chapter_intro,Segunda Parte — Das manifestações espíritas,CAPÍTULO XXXI,Dissertações espíritas,null,13,o-livro-dos-mediuns:chapter:9e2d3cf0d9c500c2,9e2d3cf0d9c500c2,chapter,Dissertações espíritas,chapter,1.0,keep
2,O Livro dos Médiuns,4478,108,content,Segunda Parte — Das manifestações espíritas,CAPÍTULO XXXI,Dissertações espíritas,null,65,o-livro-dos-mediuns:chapter:9e2d3cf0d9c500c2,9e2d3cf0d9c500c2,chapter,Dissertações espíritas,chapter-aggregate,0.6,split
2,O Livro dos Médiuns,4479,109,content,Segunda Parte — Das manifestações espíritas,CAPÍTULO XXXI,Dissertações espíritas,I,147,o-livro-dos-mediuns:chapter:9e2d3cf0d9c500c2,9e2d3cf0d9c500c2,chapter,Dissertações espíritas,chapter-aggregate,0.6,split
2,O Livro dos Médiuns,4480,110,content,Segunda Parte — Das manifestações espíritas,CAPÍTULO XXXI,Dissertações espíritas,Ii,216,o-livro-dos-mediuns:chapter:9e2d3cf0d9c500c2,9e2d3cf0d9c500c2,chapter,Dissertações espíritas,chapter-aggregate,0.6,split
2,O Livro dos Médiuns,4481,111,content,Segunda Parte — Das manifestações espíritas,CAPÍTULO XXXI,Dissertações espíritas,Iii,224,o-livro-dos-mediuns:chapter:9e2d3cf0d9c500c2,9e2d3cf0d9c500c2,chapter,Dissertações espíritas,chapter-aggregate,0.6,split
2,O Livro dos Médiuns,4482,112,content,Segunda Parte — Das manifestações espíritas,CAPÍTULO XXXI,Dissertações espíritas,Iv,210,o-livro-dos-mediuns:chapter:9e2d3cf0d9c500c2,9e2d3cf0d9c500c2,chapter,Dissertações espíritas,chapter-aggregate,0.6,split
2,O Livro dos Médiuns,4483,113,content,Segunda Parte — Das manifestações espíritas,CAPÍTULO XXXI,Dissertações espíritas,V,157,o-livro-dos-mediuns:chapter:9e2d3cf0d9c500c2,9e2d3cf0d9c500c2,chapter,Dissertações espíritas,chapter-aggregate,0.6,split
2,O Livro dos Médiuns,4484,114,content,Segunda Parte — Das manifestações espíritas,CAPÍTULO XXXI,Dissertações espíritas,Vi,99,o-livro-dos-mediuns:chapter:9e2d3cf0d9c500c2,9e2d3cf0d9c500c2,chapter,Dissertações espíritas,chapter-aggregate,0.6,split
2,O Livro dos Médiuns,4485,115,content,Segunda Parte — Das manifestações espíritas,CAPÍTULO XXXI,Dissertações espíritas,Vii,89,o-livro-dos-mediuns:chapter:9e2d3cf0d9c500c2,9e2d3cf0d9c500c2,chapter,Dissertações espíritas,chapter-aggregate,0.6,split
2,O Livro dos Médiuns,4486,116,content,Segunda Parte — Das manifestações espíritas,CAPÍTULO XXXI,Dissertações espíritas,Viii,150,o-livro-dos-mediuns:chapter:9e2d3cf0d9c500c2,9e2d3cf0d9c500c2,chapter,Dissertações espíritas,chapter-aggregate,0.6,split
2,O Livro dos Médiuns,4487,117,content,Segunda Parte — Das manifestações espíritas,CAPÍTULO XXXI,Dissertações espíritas,Ix,644,o-livro-dos-mediuns:chapter:9e2d3cf0d9c500c2,9e2d3cf0d9c500c2,chapter,Dissertações espíritas,chapter-aggregate,0.6,split
2,O Livro dos Médiuns,4488,118,content,Segunda Parte — Das manifestações espíritas,CAPÍTULO XXXI,Dissertações espíritas,X,242,o-livro-dos-mediuns:chapter:9e2d3cf0d9c500c2,9e2d3cf0d9c500c2,chapter,Dissertações espíritas,chapter-aggregate,0.6,split
2,O Livro dos Médiuns,4489,119,content,Segunda Parte — Das manifestações espíritas,CAPÍTULO XXXI,Dissertações espíritas,Xi,269,o-livro-dos-mediuns:chapter:9e2d3cf0d9c500c2,9e2d3cf0d9c500c2,chapter,Dissertações espíritas,chapter-aggregate,0.6,split
2,O Livro dos Médiuns,4490,120,content,Segunda Parte — Das manifestações espíritas,CAPÍTULO XXXI,Dissertações espíritas,Xii,234,o-livro-dos-mediuns:chapter:9e2d3cf0d9c500c2,9e2d3cf0d9c500c2,chapter,Dissertações espíritas,chapter-aggregate,0.6,split
2,O Livro dos Médiuns,4491,121,content,Segunda Parte — Das manifestações espíritas,CAPÍTULO XXXI,Dissertações espíritas,Xiii,212,o-livro-dos-mediuns:chapter:9e2d3cf0d9c500c2,9e2d3cf0d9c500c2,chapter,Dissertações espíritas,chapter-aggregate,0.6,split
2,O Livro dos Médiuns,4492,122,content,Segunda Parte — Das manifestações espíritas,CAPÍTULO XXXI,Dissertações espíritas,Xiv,199,o-livro-dos-mediuns:chapter:9e2d3cf0d9c500c2,9e2d3cf0d9c500c2,chapter,Dissertações espíritas,chapter-aggregate,0.6,split
2,O Livro dos Médiuns,4493,123,content,Segunda Parte — Das manifestações espíritas,CAPÍTULO XXXI,Dissertações espíritas,Xv,270,o-livro-dos-mediuns:chapter:9e2d3cf0d9c500c2,9e2d3cf0d9c500c2,chapter,Dissertações espíritas,chapter-aggregate,0.6,split
2,O Livro dos Médiuns,4494,124,content,Segunda Parte — Das manifestações espíritas,CAPÍTULO XXXI,Dissertações espíritas,Sobre as Sociedades Espíritas,41,o-livro-dos-mediuns:section:8667d0a9356064c3,8667d0a9356064c3,section,Sobre as Sociedades Espíritas,exact,1.0,keep
2,O Livro dos Médiuns,4495,125,content,Segunda Parte — Das manifestações espíritas,CAPÍTULO XXXI,Dissertações espíritas,Xvi,479,o-livro-dos-mediuns:chapter:9e2d3cf0d9c500c2,9e2d3cf0d9c500c2,chapter,Dissertações espíritas,chapter-aggregate,0.6,split
2,O Livro dos Médiuns,4496,126,content,Segunda Parte — Das manifestações espíritas,CAPÍTULO XXXI,Dissertações espíritas,Xvii,92,o-livro-dos-mediuns:chapter:9e2d3cf0d9c500c2,9e2d3cf0d9c500c2,chapter,Dissertações espíritas,chapter-aggregate,0.6,split
2,O Livro dos Médiuns,4497,127,content,Segunda Parte — Das manifestações espíritas,CAPÍTULO XXXI,Dissertações espíritas,Xviii,232,o-livro-dos-mediuns:chapter:9e2d3cf0d9c500c2,9e2d3cf0d9c500c2,chapter,Dissertações espíritas,chapter-aggregate,0.6,split
2,O Livro dos Médiuns,4498,128,content,Segunda Parte — Das manifestações espíritas,CAPÍTULO XXXI,Dissertações espíritas,Xix,121,o-livro-dos-mediuns:chapter:9e2d3cf0d9c500c2,9e2d3cf0d9c500c2,chapter,Dissertações espíritas,chapter-aggregate,0.6,split
2,O Livro dos Médiuns,4499,129,content,Segunda Parte — Das manifestações espíritas,CAPÍTULO XXXI,Dissertações espíritas,Xx,107,o-livro-dos-mediuns:chapter:9e2d3cf0d9c500c2,9e2d3cf0d9c500c2,chapter,Dissertações espíritas,chapter-aggregate,0.6,split
2,O Livro dos Médiuns,4500,130,content,Segunda Parte — Das manifestações espíritas,CAPÍTULO XXXI,Dissertações espíritas,Xxi,270,o-livro-dos-mediuns:chapter:9e2d3cf0d9c500c2,9e2d3cf0d9c500c2,chapter,Dissertações espíritas,chapter-aggregate,0.6,split
2,O Livro dos Médiuns,4501,131,content,Segunda Parte — Das manifestações espíritas,CAPÍTULO XXXI,Dissertações espíritas,Xxii,223,o-livro-dos-mediuns:chapter:9e2d3cf0d9c500c2,9e2d3cf0d9c500c2,chapter,Dissertações espíritas,chapter-aggregate,0.6,split
2,O Livro dos Médiuns,4502,132,content,Segunda Parte — Das manifestações espíritas,CAPÍTULO XXXI,Dissertações espíritas,Xxiii,146,o-livro-dos-mediuns:chapter:9e2d3cf0d9c500c2,9e2d3cf0d9c500c2,chapter,Dissertações espíritas,chapter-aggregate,0.6,split
2,O Livro dos Médiuns,4503,133,content,Segunda Parte — Das manifestações espíritas,CAPÍTULO XXXI,Dissertações espíritas,Xxiv,211,o-livro-dos-mediuns:chapter:9e2d3cf0d9c500c2,9e2d3cf0d9c500c2,chapter,Dissertações espíritas,chapter-aggregate,0.6,split
2,O Livro dos Médiuns,4504,134,content,Segunda Parte — Das manifestações espíritas,CAPÍTULO XXXI,Dissertações espíritas,Xxv,277,o-livro-dos-mediuns:chapter:9e2d3cf0d9c500c2,9e2d3cf0d9c500c2,chapter,Dissertações espíritas,chapter-aggregate,0.6,split
2,O Livro dos Médiuns,4505,135,content,Segunda Parte — Das manifestações espíritas,CAPÍTULO XXXI,Dissertações espíritas,Xxvi,212,o-livro-dos-mediuns:chapter:9e2d3cf0d9c500c2,9e2d3cf0d9c500c2,chapter,Dissertações espíritas,chapter-aggregate,0.6,split
2,O Livro dos Médiuns,4506,136,content,Segunda Parte — Das manifestações espíritas,CAPÍTULO XXXI,Dissertações espíritas,Xxvii,450,o-livro-dos-mediuns:chapter:9e2d3cf0d9c500c2,9e2d3cf0d9c500c2,chapter,Dissertações espíritas,chapter-aggregate,0.6,split
2,O Livro dos Médiuns,4507,137,content,Segunda Parte — Das manifestações espíritas,CAPÍTULO XXXI,Dissertações espíritas,Xxviii,502,o-livro-dos-mediuns:chapter:9e2d3cf0d9c500c2,9e2d3cf0d9c500c2,chapter,Dissertações espíritas,chapter-aggregate,0.6,split
2,O Livro dos Médiuns,4508,138,content,Segunda Parte — Das manifestações espíritas,CAPÍTULO XXXI,Dissertações espíritas,Comunicações apócrifas,64,o-livro-dos-mediuns:section:79a7d4d9521a9f82,79a7d4d9521a9f82,section,Comunicações apócrifas,exact,1.0,keep
2,O Livro dos Médiuns,4509,139,content,Segunda Parte — Das manifestações espíritas,CAPÍTULO XXXI,Dissertações espíritas,Xxix,486,o-livro-dos-mediuns:chapter:9e2d3cf0d9c500c2,9e2d3cf0d9c500c2,chapter,Dissertações espíritas,chapter-aggregate,0.6,split
2,O Livro dos Médiuns,4510,140,content,Segunda Parte — Das manifestações espíritas,CAPÍTULO XXXI,Dissertações espíritas,Xxx,341,o-livro-dos-mediuns:chapter:9e2d3cf0d9c500c2,9e2d3cf0d9c500c2,chapter,Dissertações espíritas,chapter-aggregate,0.6,split
2,O Livro dos Médiuns,4511,141,content,Segunda Parte — Das manifestações espíritas,CAPÍTULO XXXI,Dissertações espíritas,Xxxi,236,o-livro-dos-mediuns:chapter:9e2d3cf0d9c500c2,9e2d3cf0d9c500c2,chapter,Dissertações espíritas,chapter-aggregate,0.6,split
2,O Livro dos Médiuns,4512,142,content,Segunda Parte — Das manifestações espíritas,CAPÍTULO XXXI,Dissertações espíritas,Xxxii,164,o-livro-dos-mediuns:chapter:9e2d3cf0d9c500c2,9e2d3cf0d9c500c2,chapter,Dissertações espíritas,chapter-aggregate,0.6,split
2,O Livro dos Médiuns,4513,143,content,Segunda Parte — Das manifestações espíritas,CAPÍTULO XXXI,Dissertações espíritas,Xxxiii,520,o-livro-dos-mediuns:chapter:9e2d3cf0d9c500c2,9e2d3cf0d9c500c2,chapter,Dissertações espíritas,chapter-aggregate,0.6,split
2,O Livro dos Médiuns,4514,144,content,Segunda Parte — Das manifestações espíritas,CAPÍTULO XXXI,Dissertações espíritas,Xxxiv,678,o-livro-dos-mediuns:chapter:9e2d3cf0d9c500c2,9e2d3cf0d9c500c2,chapter,Dissertações espíritas,chapter-aggregate,0.6,split
2,O Livro dos Médiuns,4515,145,chapter_intro,Segunda Parte — Das manifestações espíritas,CAPÍTULO XXXII,Vocabulário espírita,null,0,o-livro-dos-mediuns:chapter:ff2d79a135314b4a,ff2d79a135314b4a,chapter,Vocabulário espírita,chapter,1.0,keep
2,O Livro dos Médiuns,4516,146,content,Segunda Parte — Das manifestações espíritas,CAPÍTULO XXXII,Vocabulário espírita,null,601,o-livro-dos-mediuns:chapter:ff2d79a135314b4a,ff2d79a135314b4a,chapter,Vocabulário espírita,chapter-aggregate,0.6,review
2,O Livro dos Médiuns,4517,147,content,Segunda Parte — Das manifestações espíritas,CAPÍTULO XXXII,Vocabulário espírita,Nota explicativa,1814,o-livro-dos-mediuns:chapter:ff2d79a135314b4a,ff2d79a135314b4a,chapter,Vocabulário espírita,chapter-aggregate,0.6,split
3,O Evangelho Segundo o Espiritismo,4518,1,content,null,null,null,Explicação,142,o-evangelho-segundo-o-espiritismo:front_matter:934c5644bdd4752e,934c5644bdd4752e,front_matter,Explicação,exact,1.0,reclassify
3,O Evangelho Segundo o Espiritismo,4519,2,content,null,null,null,Prefácio,199,o-evangelho-segundo-o-espiritismo:front_matter:bf747732e4175546,bf747732e4175546,front_matter,Prefácio,exact,1.0,reclassify
3,O Evangelho Segundo o Espiritismo,4520,3,content,null,null,null,I – Objetivo desta obra,892,,,,,unmatched,0.0,review
3,O Evangelho Segundo o Espiritismo,4521,4,content,null,null,null,II – Autoridade da Doutrina Espírita,2891,,,,,unmatched,0.0,review
3,O Evangelho Segundo o Espiritismo,4522,5,content,null,null,null,III – Notícias históricas,1864,,,,,unmatched,0.0,review
3,O Evangelho Segundo o Espiritismo,4523,6,content,null,null,null,ideia cristã e do Espiritismo,3234,,,,,unmatched,0.0,review
3,O Evangelho Segundo o Espiritismo,4524,7,chapter_intro,null,CAPÍTULO I,Não vim destruir a lei,null,13,o-evangelho-segundo-o-espiritismo:chapter:8a2818f098324598,8a2818f098324598,chapter,Não vim destruir a lei,chapter,1.0,keep
3,O Evangelho Segundo o Espiritismo,4525,8,content,null,CAPÍTULO I,Não vim destruir a lei,• Instruções dos Espíritos: A nova era,58,o-evangelho-segundo-o-espiritismo:section:ceacaa5287373f78,ceacaa5287373f78,section,Instruções dos Espíritos: A nova era,exact,1.0,keep
3,O Evangelho Segundo o Espiritismo,4526,9,content,null,CAPÍTULO I,Não vim destruir a lei,Moisés,688,o-evangelho-segundo-o-espiritismo:chapter:8a2818f098324598,8a2818f098324598,chapter,Não vim destruir a lei,chapter-aggregate,0.6,split
3,O Evangelho Segundo o Espiritismo,4527,10,content,null,CAPÍTULO I,Não vim destruir a lei,O Cristo,421,o-evangelho-segundo-o-espiritismo:chapter:8a2818f098324598,8a2818f098324598,chapter,Não vim destruir a lei,chapter-aggregate,0.6,split
3,O Evangelho Segundo o Espiritismo,4528,11,content,null,CAPÍTULO I,Não vim destruir a lei,O Espiritismo,323,o-evangelho-segundo-o-espiritismo:chapter:8a2818f098324598,8a2818f098324598,chapter,Não vim destruir a lei,chapter-aggregate,0.6,split
3,O Evangelho Segundo o Espiritismo,4529,12,content,null,CAPÍTULO I,Não vim destruir a lei,Aliança da Ciência e da Religião,424,o-evangelho-segundo-o-espiritismo:section:1eb085eb3da05c20,1eb085eb3da05c20,section,Aliança da Ciência e da Religião,exact,1.0,keep
3,O Evangelho Segundo o Espiritismo,4530,13,content,null,CAPÍTULO I,Não vim destruir a lei,A nova era,1251,o-evangelho-segundo-o-espiritismo:chapter:8a2818f098324598,8a2818f098324598,chapter,Não vim destruir a lei,chapter-aggregate,0.6,split
3,O Evangelho Segundo o Espiritismo,4531,14,chapter_intro,null,CAPÍTULO II,Meu Reino não é deste mundo,null,18,o-evangelho-segundo-o-espiritismo:chapter:feed99e9906b4d14,feed99e9906b4d14,chapter,Meu Reino não é deste mundo,chapter,1.0,keep
3,O Evangelho Segundo o Espiritismo,4532,15,content,null,CAPÍTULO II,Meu Reino não é deste mundo,null,102,o-evangelho-segundo-o-espiritismo:chapter:feed99e9906b4d14,feed99e9906b4d14,chapter,Meu Reino não é deste mundo,chapter-aggregate,0.6,split
3,O Evangelho Segundo o Espiritismo,4533,16,content,null,CAPÍTULO II,Meu Reino não é deste mundo,A vida futura,576,o-evangelho-segundo-o-espiritismo:section:eab2cc1864e46eb8,eab2cc1864e46eb8,section,A vida futura,exact,1.0,keep
3,O Evangelho Segundo o Espiritismo,4534,17,content,null,CAPÍTULO II,Meu Reino não é deste mundo,A realeza de Jesus,200,o-evangelho-segundo-o-espiritismo:section:4994984bdfaa5548,4994984bdfaa5548,section,A realeza de Jesus,exact,1.0,keep
3,O Evangelho Segundo o Espiritismo,4535,18,content,null,CAPÍTULO II,Meu Reino não é deste mundo,O ponto de vista,867,o-evangelho-segundo-o-espiritismo:section:8e5a80c61f2c722c,8e5a80c61f2c722c,section,O ponto de vista,exact,1.0,keep
3,O Evangelho Segundo o Espiritismo,4536,19,content,null,CAPÍTULO II,Meu Reino não é deste mundo,Uma realeza terrestre,331,o-evangelho-segundo-o-espiritismo:chapter:feed99e9906b4d14,feed99e9906b4d14,chapter,Meu Reino não é deste mundo,chapter-aggregate,0.6,split
3,O Evangelho Segundo o Espiritismo,4537,20,chapter_intro,null,CAPÍTULO III,Há muitas moradas na casa de meu Pai,null,41,o-evangelho-segundo-o-espiritismo:chapter:cb8bbbf90c300761,cb8bbbf90c300761,chapter,Há muitas moradas na casa de meu Pai,chapter,1.0,keep
3,O Evangelho Segundo o Espiritismo,4538,21,content,null,CAPÍTULO III,Há muitas moradas na casa de meu Pai,null,73,o-evangelho-segundo-o-espiritismo:chapter:cb8bbbf90c300761,cb8bbbf90c300761,chapter,Há muitas moradas na casa de meu Pai,chapter-aggregate,0.6,split
3,O Evangelho Segundo o Espiritismo,4539,22,content,null,CAPÍTULO III,Há muitas moradas na casa de meu Pai,Diferentes estados da alma na erraticidade,183,o-evangelho-segundo-o-espiritismo:section:6e95b00a2e65b8cc,6e95b00a2e65b8cc,section,Diferentes estados da alma na erraticidade,exact,1.0,keep
3,O Evangelho Segundo o Espiritismo,4540,23,content,null,CAPÍTULO III,Há muitas moradas na casa de meu Pai,Diferentes categorias de mundos habitados,386,o-evangelho-segundo-o-espiritismo:section:f2c23881d5ca18e6,f2c23881d5ca18e6,section,Diferentes categorias de mundos habitados,exact,1.0,keep
3,O Evangelho Segundo o Espiritismo,4541,24,content,null,CAPÍTULO III,Há muitas moradas na casa de meu Pai,Destinação da Terra. Causas das misérias humanas,328,o-evangelho-segundo-o-espiritismo:section:ca2433df464f9158,ca2433df464f9158,section,Destinação da Terra. Causas das misérias humanas,exact,1.0,keep
3,O Evangelho Segundo o Espiritismo,4542,25,content,null,CAPÍTULO III,Há muitas moradas na casa de meu Pai,Mundos inferiores e mundos superiores,1004,o-evangelho-segundo-o-espiritismo:chapter:cb8bbbf90c300761,cb8bbbf90c300761,chapter,Há muitas moradas na casa de meu Pai,chapter-aggregate,0.6,split
3,O Evangelho Segundo o Espiritismo,4543,26,content,null,CAPÍTULO III,Há muitas moradas na casa de meu Pai,Mundos de expiações e de provas,440,o-evangelho-segundo-o-espiritismo:section:2fd4b1ec5fafebd1,2fd4b1ec5fafebd1,section,Mundos de expiações e de provas,exact,1.0,keep
3,O Evangelho Segundo o Espiritismo,4544,27,content,null,CAPÍTULO III,Há muitas moradas na casa de meu Pai,Mundos regeneradores,553,o-evangelho-segundo-o-espiritismo:section:7666c08df9d43e93,7666c08df9d43e93,section,Mundos regeneradores,exact,1.0,keep
3,O Evangelho Segundo o Espiritismo,4545,28,content,null,CAPÍTULO III,Há muitas moradas na casa de meu Pai,Progressão dos mundos,288,o-evangelho-segundo-o-espiritismo:section:e90f6fb9cd0d33e0,e90f6fb9cd0d33e0,section,Progressão dos mundos,exact,1.0,keep
3,O Evangelho Segundo o Espiritismo,4546,29,chapter_intro,null,CAPÍTULO IV,Ninguém poderá ver o Reino de Deus se não nascer de novo,null,30,o-evangelho-segundo-o-espiritismo:chapter:20b609be29c3e1e6,20b609be29c3e1e6,chapter,Ninguém poderá ver o Reino de Deus se não nascer de novo,chapter,1.0,keep
3,O Evangelho Segundo o Espiritismo,4547,30,content,null,CAPÍTULO IV,Ninguém poderá ver o Reino de Deus se não nascer de novo,null,281,o-evangelho-segundo-o-espiritismo:chapter:20b609be29c3e1e6,20b609be29c3e1e6,chapter,Ninguém poderá ver o Reino de Deus se não nascer de novo,chapter-aggregate,0.6,split
3,O Evangelho Segundo o Espiritismo,4548,31,content,null,CAPÍTULO IV,Ninguém poderá ver o Reino de Deus se não nascer de novo,Ressurreição e reencarnação,2126,o-evangelho-segundo-o-espiritismo:section:3a8a76cf3b8f8253,3a8a76cf3b8f8253,section,Ressurreição e reencarnação,exact,1.0,keep
3,O Evangelho Segundo o Espiritismo,4549,32,content,null,CAPÍTULO IV,Ninguém poderá ver o Reino de Deus se não nascer de novo,passo que a unicidade da existência os rompe,1041,o-evangelho-segundo-o-espiritismo:chapter:20b609be29c3e1e6,20b609be29c3e1e6,chapter,Ninguém poderá ver o Reino de Deus se não nascer de novo,chapter-aggregate,0.6,split
3,O Evangelho Segundo o Espiritismo,4550,33,content,null,CAPÍTULO IV,Ninguém poderá ver o Reino de Deus se não nascer de novo,Limites da encarnação,272,o-evangelho-segundo-o-espiritismo:chapter:20b609be29c3e1e6,20b609be29c3e1e6,chapter,Ninguém poderá ver o Reino de Deus se não nascer de novo,chapter-aggregate,0.6,split
3,O Evangelho Segundo o Espiritismo,4551,34,content,null,CAPÍTULO IV,Ninguém poderá ver o Reino de Deus se não nascer de novo,Necessidade da encarnação,596,o-evangelho-segundo-o-espiritismo:section:7f471d65f6267a37,7f471d65f6267a37,section,Necessidade da encarnação,exact,1.0,keep
3,O Evangelho Segundo o Espiritismo,4552,35,chapter_intro,null,CAPÍTULO V,Bem-aventurados os aflitos,null,110,o-evangelho-segundo-o-espiritismo:chapter:abd764d47a7f62c4,abd764d47a7f62c4,chapter,Bem-aventurados os aflitos,chapter,1.0,keep
3,O Evangelho Segundo o Espiritismo,4553,36,content,null,CAPÍTULO V,Bem-aventurados os aflitos,null,116,o-evangelho-segundo-o-espiritismo:chapter:abd764d47a7f62c4,abd764d47a7f62c4,chapter,Bem-aventurados os aflitos,chapter-aggregate,0.6,split
3,O Evangelho Segundo o Espiritismo,4554,37,content,null,CAPÍTULO V,Bem-aventurados os aflitos,Justiça das aflições,267,o-evangelho-segundo-o-espiritismo:section:a02c06f96ef76f0f,a02c06f96ef76f0f,section,Justiça das aflições,exact,1.0,keep
3,O Evangelho Segundo o Espiritismo,4555,38,content,null,CAPÍTULO V,Bem-aventurados os aflitos,Causas atuais das aflições,666,o-evangelho-segundo-o-espiritismo:section:c38b20bca5083e82,c38b20bca5083e82,section,Causas atuais das aflições,exact,1.0,keep
3,O Evangelho Segundo o Espiritismo,4556,39,content,null,CAPÍTULO V,Bem-aventurados os aflitos,Causas anteriores das aflições,1211,o-evangelho-segundo-o-espiritismo:section:59f04d2c35094f8c,59f04d2c35094f8c,section,Causas anteriores das aflições,exact,1.0,keep
3,O Evangelho Segundo o Espiritismo,4557,40,content,null,CAPÍTULO V,Bem-aventurados os aflitos,Esquecimento do passado,417,o-evangelho-segundo-o-espiritismo:section:c4f913feb420d030,c4f913feb420d030,section,Esquecimento do passado,exact,1.0,keep
3,O Evangelho Segundo o Espiritismo,4558,41,content,null,CAPÍTULO V,Bem-aventurados os aflitos,Motivos de resignação,631,o-evangelho-segundo-o-espiritismo:section:1e9a8db489343788,1e9a8db489343788,section,Motivos de resignação,exact,1.0,keep
3,O Evangelho Segundo o Espiritismo,4559,42,content,null,CAPÍTULO V,Bem-aventurados os aflitos,O suicídio e a loucura,766,o-evangelho-segundo-o-espiritismo:section:ead2c8758446aa43,ead2c8758446aa43,section,O suicídio e a loucura,exact,1.0,keep
3,O Evangelho Segundo o Espiritismo,4560,43,content,null,CAPÍTULO V,Bem-aventurados os aflitos,Bem e mal sofrer,363,o-evangelho-segundo-o-espiritismo:chapter:abd764d47a7f62c4,abd764d47a7f62c4,chapter,Bem-aventurados os aflitos,chapter-aggregate,0.6,split
3,O Evangelho Segundo o Espiritismo,4561,44,content,null,CAPÍTULO V,Bem-aventurados os aflitos,O mal e o remédio,606,o-evangelho-segundo-o-espiritismo:section:28c6c6812ca142da,28c6c6812ca142da,section,O mal e o remédio,exact,1.0,keep
3,O Evangelho Segundo o Espiritismo,4562,45,content,null,CAPÍTULO V,Bem-aventurados os aflitos,A felicidade não é deste mundo,548,o-evangelho-segundo-o-espiritismo:section:c936cbd9e8957325,c936cbd9e8957325,section,A felicidade não é deste mundo,exact,1.0,keep
3,O Evangelho Segundo o Espiritismo,4563,46,content,null,CAPÍTULO V,Bem-aventurados os aflitos,Perda de pessoas amadas. Mortes prematuras,562,o-evangelho-segundo-o-espiritismo:section:9591e0797f814b76,9591e0797f814b76,section,Perda de pessoas amadas. Mortes prematuras,exact,1.0,keep
3,O Evangelho Segundo o Espiritismo,4564,47,content,null,CAPÍTULO V,Bem-aventurados os aflitos,"Se fosse um homem de bem, teria morrido",295,o-evangelho-segundo-o-espiritismo:section:bf8fefe0caee64aa,bf8fefe0caee64aa,section,"Se fosse um homem de bem, teria morrido",exact,1.0,keep
3,O Evangelho Segundo o Espiritismo,4565,48,content,null,CAPÍTULO V,Bem-aventurados os aflitos,Os tormentos voluntários,330,o-evangelho-segundo-o-espiritismo:section:0fe9158754c12daf,0fe9158754c12daf,section,Os tormentos voluntários,exact,1.0,keep
3,O Evangelho Segundo o Espiritismo,4566,49,content,null,CAPÍTULO V,Bem-aventurados os aflitos,A desgraça real,522,o-evangelho-segundo-o-espiritismo:section:740f29c13f7122eb,740f29c13f7122eb,section,A desgraça real,exact,1.0,keep
3,O Evangelho Segundo o Espiritismo,4567,50,content,null,CAPÍTULO V,Bem-aventurados os aflitos,A melancolia,248,o-evangelho-segundo-o-espiritismo:section:09d5650b176ce585,09d5650b176ce585,section,A melancolia,exact,1.0,keep
3,O Evangelho Segundo o Espiritismo,4568,51,content,null,CAPÍTULO V,Bem-aventurados os aflitos,Provas voluntárias. O verdadeiro cilício,584,o-evangelho-segundo-o-espiritismo:section:7cbccd2f02210ff3,7cbccd2f02210ff3,section,Provas voluntárias. O verdadeiro cilício,exact,1.0,keep
3,O Evangelho Segundo o Espiritismo,4569,52,content,null,CAPÍTULO V,Bem-aventurados os aflitos,Dever-se-á pôr termo às provas do próximo?,511,o-evangelho-segundo-o-espiritismo:section:c17ac1350afbdb75,c17ac1350afbdb75,section,Dever-se-á pôr termo às provas do próximo?,exact,1.0,keep
3,O Evangelho Segundo o Espiritismo,4570,53,content,null,CAPÍTULO V,Bem-aventurados os aflitos,que sofra sem esperança de cura?,254,o-evangelho-segundo-o-espiritismo:chapter:abd764d47a7f62c4,abd764d47a7f62c4,chapter,Bem-aventurados os aflitos,chapter-aggregate,0.6,split
3,O Evangelho Segundo o Espiritismo,4571,54,content,null,CAPÍTULO V,Bem-aventurados os aflitos,Sacrifício da própria vida,302,o-evangelho-segundo-o-espiritismo:section:7264231671aab9ae,7264231671aab9ae,section,Sacrifício da própria vida,exact,1.0,keep
3,O Evangelho Segundo o Espiritismo,4572,55,content,null,CAPÍTULO V,Bem-aventurados os aflitos,Proveito dos sofrimentos para outrem,109,o-evangelho-segundo-o-espiritismo:section:55c793a78f0e5513,55c793a78f0e5513,section,Proveito dos sofrimentos para outrem,exact,1.0,keep
3,O Evangelho Segundo o Espiritismo,4573,56,chapter_intro,null,CAPÍTULO VI,O Cristo Consolador,null,14,o-evangelho-segundo-o-espiritismo:chapter:b2f320bb88040a71,b2f320bb88040a71,chapter,O Cristo Consolador,chapter,1.0,keep
3,O Evangelho Segundo o Espiritismo,4574,57,content,null,CAPÍTULO VI,O Cristo Consolador,O jugo leve,183,o-evangelho-segundo-o-espiritismo:section:c546d626c7920c34,c546d626c7920c34,section,O jugo leve,exact,1.0,keep
3,O Evangelho Segundo o Espiritismo,4575,58,content,null,CAPÍTULO VI,O Cristo Consolador,Consolador Prometido,490,o-evangelho-segundo-o-espiritismo:section:6ca613754ad19867,6ca613754ad19867,section,Consolador Prometido,exact,1.0,keep
3,O Evangelho Segundo o Espiritismo,4576,59,content,null,CAPÍTULO VI,O Cristo Consolador,Advento do Espírito de Verdade,963,o-evangelho-segundo-o-espiritismo:chapter:b2f320bb88040a71,b2f320bb88040a71,chapter,O Cristo Consolador,chapter-aggregate,0.6,split
3,O Evangelho Segundo o Espiritismo,4577,60,chapter_intro,null,CAPÍTULO VII,Bem-aventurados os pobres de espírito,null,38,o-evangelho-segundo-o-espiritismo:chapter:8be239c4c28806e1,8be239c4c28806e1,chapter,Bem-aventurados os pobres de espírito,chapter,1.0,keep
3,O Evangelho Segundo o Espiritismo,4578,61,content,null,CAPÍTULO VII,Bem-aventurados os pobres de espírito,O que se deve entender por pobres de espírito,493,o-evangelho-segundo-o-espiritismo:section:2d2ff1edb420ccb6,2d2ff1edb420ccb6,section,O que se deve entender por pobres de espírito,exact,1.0,keep
3,O Evangelho Segundo o Espiritismo,4579,62,content,null,CAPÍTULO VII,Bem-aventurados os pobres de espírito,Aquele que se eleva será rebaixado,818,o-evangelho-segundo-o-espiritismo:section:a3a2d3aadfd5a342,a3a2d3aadfd5a342,section,Aquele que se eleva será rebaixado,exact,1.0,keep
3,O Evangelho Segundo o Espiritismo,4580,63,content,null,CAPÍTULO VII,Bem-aventurados os pobres de espírito,Mistérios ocultos aos doutos e aos prudentes,652,o-evangelho-segundo-o-espiritismo:section:2e32fd9f3e01da79,2e32fd9f3e01da79,section,Mistérios ocultos aos doutos e aos prudentes,exact,1.0,keep
3,O Evangelho Segundo o Espiritismo,4581,64,content,null,CAPÍTULO VII,Bem-aventurados os pobres de espírito,O orgulho e a humildade,2008,o-evangelho-segundo-o-espiritismo:chapter:8be239c4c28806e1,8be239c4c28806e1,chapter,Bem-aventurados os pobres de espírito,chapter-aggregate,0.6,split
3,O Evangelho Segundo o Espiritismo,4582,65,content,null,CAPÍTULO VII,Bem-aventurados os pobres de espírito,Missão do homem inteligente na Terra,319,o-evangelho-segundo-o-espiritismo:section:ee8f617e84e036d2,ee8f617e84e036d2,section,Missão do homem inteligente na Terra,exact,1.0,keep
3,O Evangelho Segundo o Espiritismo,4583,66,chapter_intro,null,CAPÍTULO VIII,Bem-aventurados os que têm puro o coração,null,43,o-evangelho-segundo-o-espiritismo:chapter:4429333fe7ab2487,4429333fe7ab2487,chapter,Bem-aventurados os que têm puro o coração,chapter,1.0,keep
3,O Evangelho Segundo o Espiritismo,4584,67,content,null,CAPÍTULO VIII,Bem-aventurados os que têm puro o coração,Simplicidade e pureza de coração,613,o-evangelho-segundo-o-espiritismo:section:8b7585b90c6151d0,8b7585b90c6151d0,section,Simplicidade e pureza de coração,exact,1.0,keep
3,O Evangelho Segundo o Espiritismo,4585,68,content,null,CAPÍTULO VIII,Bem-aventurados os que têm puro o coração,Pecado por pensamentos. Adultério,426,o-evangelho-segundo-o-espiritismo:section:3c75017da42158d8,3c75017da42158d8,section,Pecado por pensamentos. Adultério,exact,1.0,keep
3,O Evangelho Segundo o Espiritismo,4586,69,content,null,CAPÍTULO VIII,Bem-aventurados os que têm puro o coração,Verdadeira pureza. Mãos não lavadas,725,o-evangelho-segundo-o-espiritismo:section:19f0e72536966ed9,19f0e72536966ed9,section,Verdadeira pureza. Mãos não lavadas,exact,1.0,keep
3,O Evangelho Segundo o Espiritismo,4587,70,content,null,CAPÍTULO VIII,Bem-aventurados os que têm puro o coração,"motivo de escândalo, cortai-a",933,o-evangelho-segundo-o-espiritismo:chapter:4429333fe7ab2487,4429333fe7ab2487,chapter,Bem-aventurados os que têm puro o coração,chapter-aggregate,0.6,split
3,O Evangelho Segundo o Espiritismo,4588,71,content,null,CAPÍTULO VIII,Bem-aventurados os que têm puro o coração,Deixai que venham a mim as criancinhas,587,o-evangelho-segundo-o-espiritismo:chapter:4429333fe7ab2487,4429333fe7ab2487,chapter,Bem-aventurados os que têm puro o coração,chapter-aggregate,0.6,split
3,O Evangelho Segundo o Espiritismo,4589,72,content,null,CAPÍTULO VIII,Bem-aventurados os que têm puro o coração,Bem-aventurados os que têm fechados os olhos,761,o-evangelho-segundo-o-espiritismo:section:1e6c34348c75fbe9,1e6c34348c75fbe9,section,Bem-aventurados os que têm fechados os olhos,exact,1.0,keep
3,O Evangelho Segundo o Espiritismo,4590,73,chapter_intro,null,CAPÍTULO IX,Bem-aventurados os que são brandos e pacíficos,null,21,o-evangelho-segundo-o-espiritismo:chapter:c3bf6ff6b1463501,c3bf6ff6b1463501,chapter,Bem-aventurados os que são brandos e pacíficos,chapter,1.0,keep
3,O Evangelho Segundo o Espiritismo,4591,74,content,null,CAPÍTULO IX,Bem-aventurados os que são brandos e pacíficos,Injúrias e violências,468,o-evangelho-segundo-o-espiritismo:section:2857a8bdae6400a4,2857a8bdae6400a4,section,Injúrias e violências,exact,1.0,keep
3,O Evangelho Segundo o Espiritismo,4592,75,content,null,CAPÍTULO IX,Bem-aventurados os que são brandos e pacíficos,A afabilidade e a doçura,269,o-evangelho-segundo-o-espiritismo:chapter:c3bf6ff6b1463501,c3bf6ff6b1463501,chapter,Bem-aventurados os que são brandos e pacíficos,chapter-aggregate,0.6,split
3,O Evangelho Segundo o Espiritismo,4593,76,content,null,CAPÍTULO IX,Bem-aventurados os que são brandos e pacíficos,A paciência,234,o-evangelho-segundo-o-espiritismo:section:a8afea4eca39c89d,a8afea4eca39c89d,section,A paciência,exact,1.0,keep
3,O Evangelho Segundo o Espiritismo,4594,77,content,null,CAPÍTULO IX,Bem-aventurados os que são brandos e pacíficos,Obediência e resignação,303,o-evangelho-segundo-o-espiritismo:section:d5246ba836bb2ecf,d5246ba836bb2ecf,section,Obediência e resignação,exact,1.0,keep
3,O Evangelho Segundo o Espiritismo,4595,78,content,null,CAPÍTULO IX,Bem-aventurados os que são brandos e pacíficos,A cólera,670,o-evangelho-segundo-o-espiritismo:section:eff708244b44ad3e,eff708244b44ad3e,section,A cólera,exact,1.0,keep
3,O Evangelho Segundo o Espiritismo,4596,79,chapter_intro,null,CAPÍTULO X,Bem-aventurados os que são misericordiosos,null,64,o-evangelho-segundo-o-espiritismo:chapter:e13a7c25a85e52be,e13a7c25a85e52be,chapter,Bem-aventurados os que são misericordiosos,chapter,1.0,keep
3,O Evangelho Segundo o Espiritismo,4597,80,content,null,CAPÍTULO X,Bem-aventurados os que são misericordiosos,"Perdoai, para que Deus vos perdoe",404,o-evangelho-segundo-o-espiritismo:section:d2a81e0f376535b2,d2a81e0f376535b2,section,"Perdoai, para que Deus vos perdoe",exact,1.0,keep
3,O Evangelho Segundo o Espiritismo,4598,81,content,null,CAPÍTULO X,Bem-aventurados os que são misericordiosos,Reconciliação com os adversários,397,o-evangelho-segundo-o-espiritismo:section:c911194ed7716bcb,c911194ed7716bcb,section,Reconciliação com os adversários,exact,1.0,keep
3,O Evangelho Segundo o Espiritismo,4599,82,content,null,CAPÍTULO X,Bem-aventurados os que são misericordiosos,O sacrifício mais agradável a Deus,245,o-evangelho-segundo-o-espiritismo:section:f907cde882b7a119,f907cde882b7a119,section,O sacrifício mais agradável a Deus,exact,1.0,keep
3,O Evangelho Segundo o Espiritismo,4600,83,content,null,CAPÍTULO X,Bem-aventurados os que são misericordiosos,O argueiro e a trave no olho,278,o-evangelho-segundo-o-espiritismo:section:e99f761b382e193e,e99f761b382e193e,section,O argueiro e a trave no olho,exact,1.0,keep
3,O Evangelho Segundo o Espiritismo,4601,84,content,null,CAPÍTULO X,Bem-aventurados os que são misericordiosos,primeira pedra aquele que estiver sem pecado,516,o-evangelho-segundo-o-espiritismo:chapter:e13a7c25a85e52be,e13a7c25a85e52be,chapter,Bem-aventurados os que são misericordiosos,chapter-aggregate,0.6,split
3,O Evangelho Segundo o Espiritismo,4602,85,content,null,CAPÍTULO X,Bem-aventurados os que são misericordiosos,Perdão das ofensas,824,o-evangelho-segundo-o-espiritismo:chapter:e13a7c25a85e52be,e13a7c25a85e52be,chapter,Bem-aventurados os que são misericordiosos,chapter-aggregate,0.6,split
3,O Evangelho Segundo o Espiritismo,4603,86,content,null,CAPÍTULO X,Bem-aventurados os que são misericordiosos,A indulgência,1014,o-evangelho-segundo-o-espiritismo:section:28ad4e5c58dab161,28ad4e5c58dab161,section,A indulgência,exact,1.0,keep
3,O Evangelho Segundo o Espiritismo,4604,87,content,null,CAPÍTULO X,Bem-aventurados os que são misericordiosos,"de outrem, divulgar o mal de outrem?",381,o-evangelho-segundo-o-espiritismo:chapter:e13a7c25a85e52be,e13a7c25a85e52be,chapter,Bem-aventurados os que são misericordiosos,chapter-aggregate,0.6,split
3,O Evangelho Segundo o Espiritismo,4605,88,chapter_intro,null,CAPÍTULO XI,Amar o próximo como a si mesmo,null,59,o-evangelho-segundo-o-espiritismo:chapter:05a8e761c4362ed4,05a8e761c4362ed4,chapter,Amar o próximo como a si mesmo,chapter,1.0,keep
3,O Evangelho Segundo o Espiritismo,4606,89,content,null,CAPÍTULO XI,Amar o próximo como a si mesmo,Parábola dos Credores e dos Devedores,556,o-evangelho-segundo-o-espiritismo:chapter:05a8e761c4362ed4,05a8e761c4362ed4,chapter,Amar o próximo como a si mesmo,chapter-aggregate,0.6,split
3,O Evangelho Segundo o Espiritismo,4607,90,content,null,CAPÍTULO XI,Amar o próximo como a si mesmo,Dai a César o que é de César,413,o-evangelho-segundo-o-espiritismo:section:203af11a97b5071c,203af11a97b5071c,section,Dai a César o que é de César,exact,1.0,keep
3,O Evangelho Segundo o Espiritismo,4608,91,content,null,CAPÍTULO XI,Amar o próximo como a si mesmo,A lei de amor,1585,o-evangelho-segundo-o-espiritismo:chapter:05a8e761c4362ed4,05a8e761c4362ed4,chapter,Amar o próximo como a si mesmo,chapter-aggregate,0.6,split
3,O Evangelho Segundo o Espiritismo,4609,92,content,null,CAPÍTULO XI,Amar o próximo como a si mesmo,O egoísmo,533,o-evangelho-segundo-o-espiritismo:section:72056b82696c9f37,72056b82696c9f37,section,O egoísmo,exact,1.0,keep
3,O Evangelho Segundo o Espiritismo,4610,93,content,null,CAPÍTULO XI,Amar o próximo como a si mesmo,A fé e a caridade,297,o-evangelho-segundo-o-espiritismo:section:eddd2d8d1f0d3ae1,eddd2d8d1f0d3ae1,section,A fé e a caridade,exact,1.0,keep
3,O Evangelho Segundo o Espiritismo,4611,94,content,null,CAPÍTULO XI,Amar o próximo como a si mesmo,Caridade para com os criminosos,503,o-evangelho-segundo-o-espiritismo:section:c13bffe9ec5c6189,c13bffe9ec5c6189,section,Caridade para com os criminosos,exact,1.0,keep
3,O Evangelho Segundo o Espiritismo,4612,95,content,null,CAPÍTULO XI,Amar o próximo como a si mesmo,Deve-se expor a vida por um malfeitor?,228,o-evangelho-segundo-o-espiritismo:section:a9e2d9548cd648b6,a9e2d9548cd648b6,section,Deve-se expor a vida por um malfeitor?,exact,1.0,keep
3,O Evangelho Segundo o Espiritismo,4613,96,chapter_intro,null,CAPÍTULO XII,Amai os vossos inimigos,null,32,o-evangelho-segundo-o-espiritismo:chapter:42e1b00ef742c0ee,42e1b00ef742c0ee,chapter,Amai os vossos inimigos,chapter,1.0,keep
3,O Evangelho Segundo o Espiritismo,4614,97,content,null,CAPÍTULO XII,Amai os vossos inimigos,Retribuir o mal com o bem,1046,o-evangelho-segundo-o-espiritismo:section:e7ce82a4701d9187,e7ce82a4701d9187,section,Retribuir o mal com o bem,exact,1.0,keep
3,O Evangelho Segundo o Espiritismo,4615,98,content,null,CAPÍTULO XII,Amai os vossos inimigos,Os inimigos desencarnados,492,o-evangelho-segundo-o-espiritismo:section:a16f5217e66a2b6e,a16f5217e66a2b6e,section,Os inimigos desencarnados,exact,1.0,keep
3,O Evangelho Segundo o Espiritismo,4616,99,content,null,CAPÍTULO XII,Amai os vossos inimigos,apresentai-lhe também a outra,506,o-evangelho-segundo-o-espiritismo:chapter:42e1b00ef742c0ee,42e1b00ef742c0ee,chapter,Amai os vossos inimigos,chapter-aggregate,0.6,split
3,O Evangelho Segundo o Espiritismo,4617,100,content,null,CAPÍTULO XII,Amai os vossos inimigos,A vingança,445,o-evangelho-segundo-o-espiritismo:chapter:42e1b00ef742c0ee,42e1b00ef742c0ee,chapter,Amai os vossos inimigos,chapter-aggregate,0.6,split
3,O Evangelho Segundo o Espiritismo,4618,101,content,null,CAPÍTULO XII,Amai os vossos inimigos,O ódio,198,o-evangelho-segundo-o-espiritismo:section:60240d58f4df10cd,60240d58f4df10cd,section,O ódio,exact,1.0,keep
3,O Evangelho Segundo o Espiritismo,4619,102,content,null,CAPÍTULO XII,Amai os vossos inimigos,O duelo,1962,o-evangelho-segundo-o-espiritismo:section:af9b2d0aac670576,af9b2d0aac670576,section,O duelo,exact,1.0,keep
3,O Evangelho Segundo o Espiritismo,4620,103,chapter_intro,null,CAPÍTULO XIII,Não saiba a vossa mão esquerda o que dê a vossa mão direita,null,51,o-evangelho-segundo-o-espiritismo:chapter:29b9c6ddac59e109,29b9c6ddac59e109,chapter,Não saiba a vossa mão esquerda o que dê a vossa mão direita,chapter,1.0,keep
3,O Evangelho Segundo o Espiritismo,4621,104,content,null,CAPÍTULO XIII,Não saiba a vossa mão esquerda o que dê a vossa mão direita,Fazer o bem sem ostentação,849,o-evangelho-segundo-o-espiritismo:section:b26875fe555b110a,b26875fe555b110a,section,Fazer o bem sem ostentação,exact,1.0,keep
3,O Evangelho Segundo o Espiritismo,4622,105,content,null,CAPÍTULO XIII,Não saiba a vossa mão esquerda o que dê a vossa mão direita,Os infortúnios ocultos,590,o-evangelho-segundo-o-espiritismo:section:de7647e184ddbf38,de7647e184ddbf38,section,Os infortúnios ocultos,exact,1.0,keep
3,O Evangelho Segundo o Espiritismo,4623,106,content,null,CAPÍTULO XIII,Não saiba a vossa mão esquerda o que dê a vossa mão direita,O óbolo da viúva,597,o-evangelho-segundo-o-espiritismo:section:2fc3dcc2292bb157,2fc3dcc2292bb157,section,O óbolo da viúva,exact,1.0,keep
3,O Evangelho Segundo o Espiritismo,4624,107,content,null,CAPÍTULO XIII,Não saiba a vossa mão esquerda o que dê a vossa mão direita,Dar sem esperar retribuição,377,o-evangelho-segundo-o-espiritismo:chapter:29b9c6ddac59e109,29b9c6ddac59e109,chapter,Não saiba a vossa mão esquerda o que dê a vossa mão direita,chapter-aggregate,0.6,split
3,O Evangelho Segundo o Espiritismo,4625,108,content,null,CAPÍTULO XIII,Não saiba a vossa mão esquerda o que dê a vossa mão direita,A caridade material e a caridade moral,847,o-evangelho-segundo-o-espiritismo:chapter:29b9c6ddac59e109,29b9c6ddac59e109,chapter,Não saiba a vossa mão esquerda o que dê a vossa mão direita,chapter-aggregate,0.6,split
3,O Evangelho Segundo o Espiritismo,4626,109,content,null,CAPÍTULO XIII,Não saiba a vossa mão esquerda o que dê a vossa mão direita,A beneficência,2736,o-evangelho-segundo-o-espiritismo:section:4fb8e5bb0bf7cb97,4fb8e5bb0bf7cb97,section,A beneficência,exact,1.0,keep
3,O Evangelho Segundo o Espiritismo,4627,110,content,null,CAPÍTULO XIII,Não saiba a vossa mão esquerda o que dê a vossa mão direita,A piedade,466,o-evangelho-segundo-o-espiritismo:chapter:29b9c6ddac59e109,29b9c6ddac59e109,chapter,Não saiba a vossa mão esquerda o que dê a vossa mão direita,chapter-aggregate,0.6,split
3,O Evangelho Segundo o Espiritismo,4628,111,content,null,CAPÍTULO XIII,Não saiba a vossa mão esquerda o que dê a vossa mão direita,Os órfãos,223,o-evangelho-segundo-o-espiritismo:chapter:29b9c6ddac59e109,29b9c6ddac59e109,chapter,Não saiba a vossa mão esquerda o que dê a vossa mão direita,chapter-aggregate,0.6,split
3,O Evangelho Segundo o Espiritismo,4629,112,content,null,CAPÍTULO XIII,Não saiba a vossa mão esquerda o que dê a vossa mão direita,Benefícios pagos com a ingratidão,398,o-evangelho-segundo-o-espiritismo:section:7454abd8389c7469,7454abd8389c7469,section,Benefícios pagos com a ingratidão,exact,1.0,keep
3,O Evangelho Segundo o Espiritismo,4630,113,content,null,CAPÍTULO XIII,Não saiba a vossa mão esquerda o que dê a vossa mão direita,Beneficência exclusiva,135,o-evangelho-segundo-o-espiritismo:section:8695e52f098e8c30,8695e52f098e8c30,section,Beneficência exclusiva,exact,1.0,keep
3,O Evangelho Segundo o Espiritismo,4631,114,chapter_intro,null,CAPÍTULO XIV,Honrai a vosso pai e a vossa mãe,null,31,o-evangelho-segundo-o-espiritismo:chapter:116319a813065617,116319a813065617,chapter,Honrai a vosso pai e a vossa mãe,chapter,1.0,keep
3,O Evangelho Segundo o Espiritismo,4632,115,content,null,CAPÍTULO XIV,Honrai a vosso pai e a vossa mãe,null,67,o-evangelho-segundo-o-espiritismo:chapter:116319a813065617,116319a813065617,chapter,Honrai a vosso pai e a vossa mãe,chapter-aggregate,0.6,split
3,O Evangelho Segundo o Espiritismo,4633,116,content,null,CAPÍTULO XIV,Honrai a vosso pai e a vossa mãe,Piedade filial,893,o-evangelho-segundo-o-espiritismo:section:f51e1631153d5d81,f51e1631153d5d81,section,Piedade filial,exact,1.0,keep
3,O Evangelho Segundo o Espiritismo,4634,117,content,null,CAPÍTULO XIV,Honrai a vosso pai e a vossa mãe,Quem é minha mãe e quem são meus irmãos?,479,o-evangelho-segundo-o-espiritismo:section:474bc8d82f79c21c,474bc8d82f79c21c,section,Quem é minha mãe e quem são meus irmãos?,exact,1.0,keep
3,O Evangelho Segundo o Espiritismo,4635,118,content,null,CAPÍTULO XIV,Honrai a vosso pai e a vossa mãe,A parentela corporal e a parentela espiritual,439,o-evangelho-segundo-o-espiritismo:section:b6abae3682eb089f,b6abae3682eb089f,section,A parentela corporal e a parentela espiritual,exact,1.0,keep
3,O Evangelho Segundo o Espiritismo,4636,119,content,null,CAPÍTULO XIV,Honrai a vosso pai e a vossa mãe,A ingratidão dos filhos e os laços de família,1563,o-evangelho-segundo-o-espiritismo:chapter:116319a813065617,116319a813065617,chapter,Honrai a vosso pai e a vossa mãe,chapter-aggregate,0.6,split
3,O Evangelho Segundo o Espiritismo,4637,120,chapter_intro,null,CAPÍTULO XV,Fora da caridade não há salvação,null,43,o-evangelho-segundo-o-espiritismo:chapter:931716ce4ee40774,931716ce4ee40774,chapter,Fora da caridade não há salvação,chapter,1.0,keep
3,O Evangelho Segundo o Espiritismo,4638,121,content,null,CAPÍTULO XV,Fora da caridade não há salvação,salvo. Parábola do Bom Samaritano,1072,o-evangelho-segundo-o-espiritismo:chapter:931716ce4ee40774,931716ce4ee40774,chapter,Fora da caridade não há salvação,chapter-aggregate,0.6,split
3,O Evangelho Segundo o Espiritismo,4639,122,content,null,CAPÍTULO XV,Fora da caridade não há salvação,O mandamento maior,252,o-evangelho-segundo-o-espiritismo:section:7dfed11efa128cb6,7dfed11efa128cb6,section,O mandamento maior,exact,1.0,keep
3,O Evangelho Segundo o Espiritismo,4640,123,content,null,CAPÍTULO XV,Fora da caridade não há salvação,"Necessidade da caridade, segundo Paulo",323,o-evangelho-segundo-o-espiritismo:section:83f28067d4662780,83f28067d4662780,section,"Necessidade da caridade, segundo Paulo",exact,1.0,keep
3,O Evangelho Segundo o Espiritismo,4641,124,content,null,CAPÍTULO XV,Fora da caridade não há salvação,da verdade não há salvação,429,o-evangelho-segundo-o-espiritismo:chapter:931716ce4ee40774,931716ce4ee40774,chapter,Fora da caridade não há salvação,chapter-aggregate,0.6,split
3,O Evangelho Segundo o Espiritismo,4642,125,content,null,CAPÍTULO XV,Fora da caridade não há salvação,Fora da caridade não há salvação,343,o-evangelho-segundo-o-espiritismo:chapter:931716ce4ee40774,931716ce4ee40774,chapter,Fora da caridade não há salvação,chapter-aggregate,0.6,split
3,O Evangelho Segundo o Espiritismo,4643,126,chapter_intro,null,CAPÍTULO XVI,Não se pode servir a Deus e a Mamon,null,51,o-evangelho-segundo-o-espiritismo:chapter:7831a72e951d3101,7831a72e951d3101,chapter,Não se pode servir a Deus e a Mamon,chapter,1.0,keep
3,O Evangelho Segundo o Espiritismo,4644,127,content,null,CAPÍTULO XVI,Não se pode servir a Deus e a Mamon,Salvação dos ricos,232,o-evangelho-segundo-o-espiritismo:section:8571e3a1c5590a95,8571e3a1c5590a95,section,Salvação dos ricos,exact,1.0,keep
3,O Evangelho Segundo o Espiritismo,4645,128,content,null,CAPÍTULO XVI,Não se pode servir a Deus e a Mamon,Preservar-se da avareza,204,o-evangelho-segundo-o-espiritismo:section:f4eed6eb003dce4b,f4eed6eb003dce4b,section,Preservar-se da avareza,exact,1.0,keep
3,O Evangelho Segundo o Espiritismo,4646,129,content,null,CAPÍTULO XVI,Não se pode servir a Deus e a Mamon,Jesus em casa de Zaqueu,260,o-evangelho-segundo-o-espiritismo:section:03049de1e7eb61a5,03049de1e7eb61a5,section,Jesus em casa de Zaqueu,exact,1.0,keep
3,O Evangelho Segundo o Espiritismo,4647,130,content,null,CAPÍTULO XVI,Não se pode servir a Deus e a Mamon,Parábola do Mau Rico,301,o-evangelho-segundo-o-espiritismo:section:3ff5d72ca216fe32,3ff5d72ca216fe32,section,Parábola do Mau Rico,exact,1.0,keep
3,O Evangelho Segundo o Espiritismo,4648,131,content,null,CAPÍTULO XVI,Não se pode servir a Deus e a Mamon,Parábola dos Talentos,358,o-evangelho-segundo-o-espiritismo:section:22877f3011b90a50,22877f3011b90a50,section,Parábola dos Talentos,exact,1.0,keep
3,O Evangelho Segundo o Espiritismo,4649,132,content,null,CAPÍTULO XVI,Não se pode servir a Deus e a Mamon,Provas da riqueza e da miséria,751,o-evangelho-segundo-o-espiritismo:chapter:7831a72e951d3101,7831a72e951d3101,chapter,Não se pode servir a Deus e a Mamon,chapter-aggregate,0.6,split
3,O Evangelho Segundo o Espiritismo,4650,133,content,null,CAPÍTULO XVI,Não se pode servir a Deus e a Mamon,Desigualdade das riquezas,595,o-evangelho-segundo-o-espiritismo:section:9a42582457518469,9a42582457518469,section,Desigualdade das riquezas,exact,1.0,keep
3,O Evangelho Segundo o Espiritismo,4651,134,content,null,CAPÍTULO XVI,Não se pode servir a Deus e a Mamon,A verdadeira propriedade,675,o-evangelho-segundo-o-espiritismo:chapter:7831a72e951d3101,7831a72e951d3101,chapter,Não se pode servir a Deus e a Mamon,chapter-aggregate,0.6,split
3,O Evangelho Segundo o Espiritismo,4652,135,content,null,CAPÍTULO XVI,Não se pode servir a Deus e a Mamon,Emprego da riqueza,1031,o-evangelho-segundo-o-espiritismo:section:4ea2b6ce1df9393e,4ea2b6ce1df9393e,section,Emprego da riqueza,exact,1.0,keep
3,O Evangelho Segundo o Espiritismo,4653,136,content,null,CAPÍTULO XVI,Não se pode servir a Deus e a Mamon,Desprendimento dos bens terrenos,1556,o-evangelho-segundo-o-espiritismo:section:b905bc09c0ed19ef,b905bc09c0ed19ef,section,Desprendimento dos bens terrenos,exact,1.0,keep
3,O Evangelho Segundo o Espiritismo,4654,137,content,null,CAPÍTULO XVI,Não se pode servir a Deus e a Mamon,Transmissão da riqueza,132,o-evangelho-segundo-o-espiritismo:section:97d43642411a2ccf,97d43642411a2ccf,section,Transmissão da riqueza,exact,1.0,keep
3,O Evangelho Segundo o Espiritismo,4655,138,chapter_intro,null,CAPÍTULO XVII,Sede perfeitos,null,40,o-evangelho-segundo-o-espiritismo:chapter:c3f3ddcb525377c1,c3f3ddcb525377c1,chapter,Sede perfeitos,chapter,1.0,keep
3,O Evangelho Segundo o Espiritismo,4656,139,content,null,CAPÍTULO XVII,Sede perfeitos,Caracteres da perfeição,388,o-evangelho-segundo-o-espiritismo:section:85485a836b6feb8c,85485a836b6feb8c,section,Caracteres da perfeição,exact,1.0,keep
3,O Evangelho Segundo o Espiritismo,4657,140,content,null,CAPÍTULO XVII,Sede perfeitos,O homem de bem,694,o-evangelho-segundo-o-espiritismo:section:9345871acf2dc955,9345871acf2dc955,section,O homem de bem,exact,1.0,keep
3,O Evangelho Segundo o Espiritismo,4658,141,content,null,CAPÍTULO XVII,Sede perfeitos,Os bons espíritas,593,o-evangelho-segundo-o-espiritismo:section:082af4337cc605a6,082af4337cc605a6,section,Os bons espíritas,exact,1.0,keep
3,O Evangelho Segundo o Espiritismo,4659,142,content,null,CAPÍTULO XVII,Sede perfeitos,Parábola do Semeador,468,o-evangelho-segundo-o-espiritismo:section:e4a31a68a6bcc7ee,e4a31a68a6bcc7ee,section,Parábola do Semeador,exact,1.0,keep
3,O Evangelho Segundo o Espiritismo,4660,143,content,null,CAPÍTULO XVII,Sede perfeitos,O dever,435,o-evangelho-segundo-o-espiritismo:chapter:c3f3ddcb525377c1,c3f3ddcb525377c1,chapter,Sede perfeitos,chapter-aggregate,0.6,split
3,O Evangelho Segundo o Espiritismo,4661,144,content,null,CAPÍTULO XVII,Sede perfeitos,A virtude,379,o-evangelho-segundo-o-espiritismo:section:1ec4b548313ed9c4,1ec4b548313ed9c4,section,A virtude,exact,1.0,keep
3,O Evangelho Segundo o Espiritismo,4662,145,content,null,CAPÍTULO XVII,Sede perfeitos,Os superiores e os inferiores,632,o-evangelho-segundo-o-espiritismo:section:79ea449c378dc9e1,79ea449c378dc9e1,section,Os superiores e os inferiores,exact,1.0,keep
3,O Evangelho Segundo o Espiritismo,4663,146,content,null,CAPÍTULO XVII,Sede perfeitos,O homem no mundo,467,o-evangelho-segundo-o-espiritismo:section:2d75814f8fbde270,2d75814f8fbde270,section,O homem no mundo,exact,1.0,keep
3,O Evangelho Segundo o Espiritismo,4664,147,content,null,CAPÍTULO XVII,Sede perfeitos,Cuidar do corpo e do espírito,413,o-evangelho-segundo-o-espiritismo:section:3130533fa0645462,3130533fa0645462,section,Cuidar do corpo e do espírito,exact,1.0,keep
3,O Evangelho Segundo o Espiritismo,4665,148,chapter_intro,null,CAPÍTULO XVIII,"Muitos os chamados, poucos os escolhidos",null,45,o-evangelho-segundo-o-espiritismo:chapter:7f0e83d61ca559d5,7f0e83d61ca559d5,chapter,"Muitos os chamados, poucos os escolhidos",chapter,1.0,keep
3,O Evangelho Segundo o Espiritismo,4666,149,content,null,CAPÍTULO XVIII,"Muitos os chamados, poucos os escolhidos",Parábola do Festim das Bodas,1024,o-evangelho-segundo-o-espiritismo:section:9e4e0647692ba6d0,9e4e0647692ba6d0,section,Parábola do Festim das Bodas,exact,1.0,keep
3,O Evangelho Segundo o Espiritismo,4667,150,content,null,CAPÍTULO XVIII,"Muitos os chamados, poucos os escolhidos",A porta estreita,509,o-evangelho-segundo-o-espiritismo:section:67e161937ebee0d5,67e161937ebee0d5,section,A porta estreita,exact,1.0,keep
3,O Evangelho Segundo o Espiritismo,4668,151,content,null,CAPÍTULO XVIII,"Muitos os chamados, poucos os escolhidos",Senhor!” — entrarão no Reino dos Céus,576,o-evangelho-segundo-o-espiritismo:chapter:7f0e83d61ca559d5,7f0e83d61ca559d5,chapter,"Muitos os chamados, poucos os escolhidos",chapter-aggregate,0.6,split
3,O Evangelho Segundo o Espiritismo,4669,152,content,null,CAPÍTULO XVIII,"Muitos os chamados, poucos os escolhidos",Muito se pedirá àquele que muito recebeu,571,o-evangelho-segundo-o-espiritismo:section:f1c9ed2d7e45029f,f1c9ed2d7e45029f,section,Muito se pedirá àquele que muito recebeu,exact,1.0,keep
3,O Evangelho Segundo o Espiritismo,4670,153,content,null,CAPÍTULO XVIII,"Muitos os chamados, poucos os escolhidos",Dar-se-á àquele que tem,593,o-evangelho-segundo-o-espiritismo:chapter:7f0e83d61ca559d5,7f0e83d61ca559d5,chapter,"Muitos os chamados, poucos os escolhidos",chapter-aggregate,0.6,split
3,O Evangelho Segundo o Espiritismo,4671,154,content,null,CAPÍTULO XVIII,"Muitos os chamados, poucos os escolhidos",Pelas suas obras é que se reconhece o cristão,554,o-evangelho-segundo-o-espiritismo:section:e289a1b2b6701f30,e289a1b2b6701f30,section,Pelas suas obras é que se reconhece o cristão,exact,1.0,keep
3,O Evangelho Segundo o Espiritismo,4672,155,chapter_intro,null,CAPÍTULO XIX,A fé transporta montanhas,null,34,o-evangelho-segundo-o-espiritismo:chapter:99bfc7bd060b3fd0,99bfc7bd060b3fd0,chapter,A fé transporta montanhas,chapter,1.0,keep
3,O Evangelho Segundo o Espiritismo,4673,156,content,null,CAPÍTULO XIX,A fé transporta montanhas,Poder da fé,658,o-evangelho-segundo-o-espiritismo:section:2a52d4b9e6a681e9,2a52d4b9e6a681e9,section,Poder da fé,exact,1.0,keep
3,O Evangelho Segundo o Espiritismo,4674,157,content,null,CAPÍTULO XIX,A fé transporta montanhas,A fé religiosa. Condição da fé inabalável,609,o-evangelho-segundo-o-espiritismo:section:f8084496bced5bef,f8084496bced5bef,section,A fé religiosa. Condição da fé inabalável,exact,1.0,keep
3,O Evangelho Segundo o Espiritismo,4675,158,content,null,CAPÍTULO XIX,A fé transporta montanhas,Parábola da Figueira que Secou,661,o-evangelho-segundo-o-espiritismo:section:2d121ea2e59e7c6d,2d121ea2e59e7c6d,section,Parábola da Figueira que Secou,exact,1.0,keep
3,O Evangelho Segundo o Espiritismo,4676,159,content,null,CAPÍTULO XIX,A fé transporta montanhas,A fé: mãe da esperança e da caridade,349,o-evangelho-segundo-o-espiritismo:chapter:99bfc7bd060b3fd0,99bfc7bd060b3fd0,chapter,A fé transporta montanhas,chapter-aggregate,0.6,split
3,O Evangelho Segundo o Espiritismo,4677,160,content,null,CAPÍTULO XIX,A fé transporta montanhas,A fé humana e a divina,366,o-evangelho-segundo-o-espiritismo:section:e1d1f3f2b0667c07,e1d1f3f2b0667c07,section,A fé humana e a divina,exact,1.0,keep
3,O Evangelho Segundo o Espiritismo,4678,161,chapter_intro,null,CAPÍTULO XX,Os trabalhadores da última hora,null,18,o-evangelho-segundo-o-espiritismo:chapter:86596137967a3f21,86596137967a3f21,chapter,Os trabalhadores da última hora,chapter,1.0,keep
3,O Evangelho Segundo o Espiritismo,4679,162,content,null,CAPÍTULO XX,Os trabalhadores da última hora,null,330,o-evangelho-segundo-o-espiritismo:chapter:86596137967a3f21,86596137967a3f21,chapter,Os trabalhadores da última hora,chapter-aggregate,0.6,split
3,O Evangelho Segundo o Espiritismo,4680,163,content,null,CAPÍTULO XX,Os trabalhadores da última hora,Os últimos serão os primeiros,734,o-evangelho-segundo-o-espiritismo:chapter:86596137967a3f21,86596137967a3f21,chapter,Os trabalhadores da última hora,chapter-aggregate,0.6,split
3,O Evangelho Segundo o Espiritismo,4681,164,content,null,CAPÍTULO XX,Os trabalhadores da última hora,Missão dos espíritas,712,o-evangelho-segundo-o-espiritismo:section:999c702c70c56686,999c702c70c56686,section,Missão dos espíritas,exact,1.0,keep
3,O Evangelho Segundo o Espiritismo,4682,165,content,null,CAPÍTULO XX,Os trabalhadores da última hora,Os obreiros do Senhor,323,o-evangelho-segundo-o-espiritismo:section:f13ec08e079aa773,f13ec08e079aa773,section,Os obreiros do Senhor,exact,1.0,keep
3,O Evangelho Segundo o Espiritismo,4683,166,chapter_intro,null,CAPÍTULO XXI,Haverá falsos cristos e falsos profetas,null,42,o-evangelho-segundo-o-espiritismo:chapter:0f6d29444044bb0d,0f6d29444044bb0d,chapter,Haverá falsos cristos e falsos profetas,chapter,1.0,keep
3,O Evangelho Segundo o Espiritismo,4684,167,content,null,CAPÍTULO XXI,Haverá falsos cristos e falsos profetas,Conhece-se a árvore pelo fruto,276,o-evangelho-segundo-o-espiritismo:section:1b8f17ee84eb3ebc,1b8f17ee84eb3ebc,section,Conhece-se a árvore pelo fruto,exact,1.0,keep
3,O Evangelho Segundo o Espiritismo,4685,168,content,null,CAPÍTULO XXI,Haverá falsos cristos e falsos profetas,Missão dos profetas,164,o-evangelho-segundo-o-espiritismo:section:067f18f5d41d60d8,067f18f5d41d60d8,section,Missão dos profetas,exact,1.0,keep
3,O Evangelho Segundo o Espiritismo,4686,169,content,null,CAPÍTULO XXI,Haverá falsos cristos e falsos profetas,Prodígios dos falsos profetas,377,o-evangelho-segundo-o-espiritismo:section:1ea98b65e4659fb0,1ea98b65e4659fb0,section,Prodígios dos falsos profetas,exact,1.0,keep
3,O Evangelho Segundo o Espiritismo,4687,170,content,null,CAPÍTULO XXI,Haverá falsos cristos e falsos profetas,Não creais em todos os Espíritos,501,o-evangelho-segundo-o-espiritismo:section:d26b218a1a57538c,d26b218a1a57538c,section,Não creais em todos os Espíritos,exact,1.0,keep
3,O Evangelho Segundo o Espiritismo,4688,171,content,null,CAPÍTULO XXI,Haverá falsos cristos e falsos profetas,Os falsos profetas,488,o-evangelho-segundo-o-espiritismo:chapter:0f6d29444044bb0d,0f6d29444044bb0d,chapter,Haverá falsos cristos e falsos profetas,chapter-aggregate,0.6,split
3,O Evangelho Segundo o Espiritismo,4689,172,content,null,CAPÍTULO XXI,Haverá falsos cristos e falsos profetas,Caracteres do verdadeiro profeta,643,o-evangelho-segundo-o-espiritismo:section:0c9073442024fbd8,0c9073442024fbd8,section,Caracteres do verdadeiro profeta,exact,1.0,keep
3,O Evangelho Segundo o Espiritismo,4690,173,content,null,CAPÍTULO XXI,Haverá falsos cristos e falsos profetas,Os falsos profetas da erraticidade,702,o-evangelho-segundo-o-espiritismo:section:dcf64c7196a83239,dcf64c7196a83239,section,Os falsos profetas da erraticidade,exact,1.0,keep
3,O Evangelho Segundo o Espiritismo,4691,174,content,null,CAPÍTULO XXI,Haverá falsos cristos e falsos profetas,Jeremias e os falsos profetas,511,o-evangelho-segundo-o-espiritismo:section:10d0185b0808fc7f,10d0185b0808fc7f,section,Jeremias e os falsos profetas,exact,1.0,keep
3,O Evangelho Segundo o Espiritismo,4692,175,chapter_intro,null,CAPÍTULO XXII,Não separeis o que Deus juntou,null,6,o-evangelho-segundo-o-espiritismo:chapter:be3c752810fae1d3,be3c752810fae1d3,chapter,Não separeis o que Deus juntou,chapter,1.0,keep
3,O Evangelho Segundo o Espiritismo,4693,176,content,null,CAPÍTULO XXII,Não separeis o que Deus juntou,Indissolubilidade do casamento,867,o-evangelho-segundo-o-espiritismo:section:940c034723c698e8,940c034723c698e8,section,Indissolubilidade do casamento,exact,1.0,keep
3,O Evangelho Segundo o Espiritismo,4694,177,content,null,CAPÍTULO XXII,Não separeis o que Deus juntou,O divórcio,318,o-evangelho-segundo-o-espiritismo:section:039ee55b4b539c70,039ee55b4b539c70,section,O divórcio,exact,1.0,keep
3,O Evangelho Segundo o Espiritismo,4695,178,chapter_intro,null,CAPÍTULO XXIII,Estranha moral,null,26,o-evangelho-segundo-o-espiritismo:chapter:644b74453d56c150,644b74453d56c150,chapter,Estranha moral,chapter,1.0,keep
3,O Evangelho Segundo o Espiritismo,4696,179,content,null,CAPÍTULO XXIII,Estranha moral,Odiar os pais,810,o-evangelho-segundo-o-espiritismo:section:48be150ee162e92d,48be150ee162e92d,section,Odiar os pais,exact,1.0,keep
3,O Evangelho Segundo o Espiritismo,4697,180,content,null,CAPÍTULO XXIII,Estranha moral,"Abandonar pai, mãe e filhos",595,o-evangelho-segundo-o-espiritismo:section:bf8b00bfacacfef5,bf8b00bfacacfef5,section,"Abandonar pai, mãe e filhos",exact,1.0,keep
3,O Evangelho Segundo o Espiritismo,4698,181,content,null,CAPÍTULO XXIII,Estranha moral,de enterrar seus mortos,280,o-evangelho-segundo-o-espiritismo:chapter:644b74453d56c150,644b74453d56c150,chapter,Estranha moral,chapter-aggregate,0.6,split
3,O Evangelho Segundo o Espiritismo,4699,182,content,null,CAPÍTULO XXIII,Estranha moral,"Não vim trazer a paz, mas a divisão",1736,o-evangelho-segundo-o-espiritismo:section:208c20145b6ee5a4,208c20145b6ee5a4,section,"Não vim trazer a paz, mas a divisão",exact,1.0,keep
3,O Evangelho Segundo o Espiritismo,4700,183,chapter_intro,null,CAPÍTULO XXIV,Não ponhais a candeia debaixo do alqueire,null,39,o-evangelho-segundo-o-espiritismo:chapter:41077b555b40b85c,41077b555b40b85c,chapter,Não ponhais a candeia debaixo do alqueire,chapter,1.0,keep
3,O Evangelho Segundo o Espiritismo,4701,184,content,null,CAPÍTULO XXIV,Não ponhais a candeia debaixo do alqueire,fala Jesus por parábolas,1115,o-evangelho-segundo-o-espiritismo:chapter:41077b555b40b85c,41077b555b40b85c,chapter,Não ponhais a candeia debaixo do alqueire,chapter-aggregate,0.6,split
3,O Evangelho Segundo o Espiritismo,4702,185,content,null,CAPÍTULO XXIV,Não ponhais a candeia debaixo do alqueire,Não vades ter com os gentios,552,o-evangelho-segundo-o-espiritismo:section:3239437b8ac36e10,3239437b8ac36e10,section,Não vades ter com os gentios,exact,1.0,keep
3,O Evangelho Segundo o Espiritismo,4703,186,content,null,CAPÍTULO XXIV,Não ponhais a candeia debaixo do alqueire,que precisam de médico,569,o-evangelho-segundo-o-espiritismo:chapter:41077b555b40b85c,41077b555b40b85c,chapter,Não ponhais a candeia debaixo do alqueire,chapter-aggregate,0.6,split
3,O Evangelho Segundo o Espiritismo,4704,187,content,null,CAPÍTULO XXIV,Não ponhais a candeia debaixo do alqueire,Coragem da fé,366,o-evangelho-segundo-o-espiritismo:section:da73a66bfcd9507a,da73a66bfcd9507a,section,Coragem da fé,exact,1.0,keep
3,O Evangelho Segundo o Espiritismo,4705,188,content,null,CAPÍTULO XXIV,Não ponhais a candeia debaixo do alqueire,"salvar a vida, perdê-la-á",305,o-evangelho-segundo-o-espiritismo:chapter:41077b555b40b85c,41077b555b40b85c,chapter,Não ponhais a candeia debaixo do alqueire,chapter-aggregate,0.6,split
3,O Evangelho Segundo o Espiritismo,4706,189,chapter_intro,null,CAPÍTULO XXV,Buscai e achareis,null,22,o-evangelho-segundo-o-espiritismo:chapter:7ee8e14cf2b3dfbd,7ee8e14cf2b3dfbd,chapter,Buscai e achareis,chapter,1.0,keep
3,O Evangelho Segundo o Espiritismo,4707,190,content,null,CAPÍTULO XXV,Buscai e achareis,"Ajuda-te a ti mesmo, que o céu te ajudará",739,o-evangelho-segundo-o-espiritismo:section:1819b2b55433835d,1819b2b55433835d,section,"Ajuda-te a ti mesmo, que o céu te ajudará",exact,1.0,keep
3,O Evangelho Segundo o Espiritismo,4708,191,content,null,CAPÍTULO XXV,Buscai e achareis,Observai os pássaros do céu,758,o-evangelho-segundo-o-espiritismo:section:cba141f32aa69e5d,cba141f32aa69e5d,section,Observai os pássaros do céu,exact,1.0,keep
3,O Evangelho Segundo o Espiritismo,4709,192,content,null,CAPÍTULO XXV,Buscai e achareis,Não vos afadigueis pela posse do ouro,432,o-evangelho-segundo-o-espiritismo:section:42f980073b7ab72f,42f980073b7ab72f,section,Não vos afadigueis pela posse do ouro,exact,1.0,keep
3,O Evangelho Segundo o Espiritismo,4710,193,chapter_intro,null,CAPÍTULO XXVI,Dai gratuitamente o que gratuitamente recebestes,null,12,o-evangelho-segundo-o-espiritismo:chapter:069a82afbb9131f1,069a82afbb9131f1,chapter,Dai gratuitamente o que gratuitamente recebestes,chapter,1.0,keep
3,O Evangelho Segundo o Espiritismo,4711,194,content,null,CAPÍTULO XXVI,Dai gratuitamente o que gratuitamente recebestes,Dom de curar,110,o-evangelho-segundo-o-espiritismo:section:445088a8ed30f363,445088a8ed30f363,section,Dom de curar,exact,1.0,keep
3,O Evangelho Segundo o Espiritismo,4712,195,content,null,CAPÍTULO XXVI,Dai gratuitamente o que gratuitamente recebestes,Preces pagas,458,o-evangelho-segundo-o-espiritismo:section:c23fd1da131556de,c23fd1da131556de,section,Preces pagas,exact,1.0,keep
3,O Evangelho Segundo o Espiritismo,4713,196,content,null,CAPÍTULO XXVI,Dai gratuitamente o que gratuitamente recebestes,Mercadores expulsos do templo,152,o-evangelho-segundo-o-espiritismo:section:af91e6bc43edfbb0,af91e6bc43edfbb0,section,Mercadores expulsos do templo,exact,1.0,keep
3,O Evangelho Segundo o Espiritismo,4714,197,content,null,CAPÍTULO XXVI,Dai gratuitamente o que gratuitamente recebestes,Mediunidade gratuita,781,o-evangelho-segundo-o-espiritismo:section:05fb6072c6c10b57,05fb6072c6c10b57,section,Mediunidade gratuita,exact,1.0,keep
3,O Evangelho Segundo o Espiritismo,4715,198,chapter_intro,null,CAPÍTULO XXVII,Pedi e obtereis,null,35,o-evangelho-segundo-o-espiritismo:chapter:c2c82cb03b23a9be,c2c82cb03b23a9be,chapter,Pedi e obtereis,chapter,1.0,keep
3,O Evangelho Segundo o Espiritismo,4716,199,content,null,CAPÍTULO XXVII,Pedi e obtereis,Qualidades da prece,411,o-evangelho-segundo-o-espiritismo:section:3ff4f3617d86bc8f,3ff4f3617d86bc8f,section,Qualidades da prece,exact,1.0,keep
3,O Evangelho Segundo o Espiritismo,4717,200,content,null,CAPÍTULO XXVII,Pedi e obtereis,Eficácia da prece,805,o-evangelho-segundo-o-espiritismo:section:c43f1a7cd8930ccf,c43f1a7cd8930ccf,section,Eficácia da prece,exact,1.0,keep
3,O Evangelho Segundo o Espiritismo,4718,201,content,null,CAPÍTULO XXVII,Pedi e obtereis,Ação da prece. Transmissão do pensamento,1445,o-evangelho-segundo-o-espiritismo:section:10ad264e9ccc12c2,10ad264e9ccc12c2,section,Ação da prece. Transmissão do pensamento,exact,1.0,keep
3,O Evangelho Segundo o Espiritismo,4719,202,content,null,CAPÍTULO XXVII,Pedi e obtereis,Preces inteligíveis,278,o-evangelho-segundo-o-espiritismo:section:9fc6d79d98629d4e,9fc6d79d98629d4e,section,Preces inteligíveis,exact,1.0,keep
3,O Evangelho Segundo o Espiritismo,4720,203,content,null,CAPÍTULO XXVII,Pedi e obtereis,Da prece pelos mortos e pelos Espíritos sofredores,933,o-evangelho-segundo-o-espiritismo:section:59ae1400a083c155,59ae1400a083c155,section,Da prece pelos mortos e pelos Espíritos sofredores,exact,1.0,keep
3,O Evangelho Segundo o Espiritismo,4721,204,content,null,CAPÍTULO XXVII,Pedi e obtereis,Maneira de orar,619,o-evangelho-segundo-o-espiritismo:chapter:c2c82cb03b23a9be,c2c82cb03b23a9be,chapter,Pedi e obtereis,chapter-aggregate,0.6,split
3,O Evangelho Segundo o Espiritismo,4722,205,content,null,CAPÍTULO XXVII,Pedi e obtereis,Felicidade que a prece proporciona,312,o-evangelho-segundo-o-espiritismo:section:834448407b597eaa,834448407b597eaa,section,Felicidade que a prece proporciona,exact,1.0,keep
3,O Evangelho Segundo o Espiritismo,4723,206,chapter_intro,null,CAPÍTULO XXVIII,Coletânea de preces espíritas,null,0,o-evangelho-segundo-o-espiritismo:chapter:16ce7d7a83389925,16ce7d7a83389925,chapter,Coletânea de preces espíritas,chapter,1.0,keep
3,O Evangelho Segundo o Espiritismo,4724,207,content,null,CAPÍTULO XXVIII,Coletânea de preces espíritas,Preâmbulo,613,o-evangelho-segundo-o-espiritismo:section:cb17acec132c44e0,cb17acec132c44e0,section,Preâmbulo,exact,1.0,keep
3,O Evangelho Segundo o Espiritismo,4725,208,content,null,CAPÍTULO XXVIII,Coletânea de preces espíritas,Oração dominical,2179,o-evangelho-segundo-o-espiritismo:section:f438dd94af879fee,f438dd94af879fee,section,Oração dominical,exact,1.0,keep
3,O Evangelho Segundo o Espiritismo,4726,209,content,null,CAPÍTULO XXVIII,Coletânea de preces espíritas,Reuniões espíritas,767,o-evangelho-segundo-o-espiritismo:section:b94c7238d386c766,b94c7238d386c766,section,Reuniões espíritas,exact,1.0,keep
3,O Evangelho Segundo o Espiritismo,4727,210,content,null,CAPÍTULO XXVIII,Coletânea de preces espíritas,Para os médiuns,1152,o-evangelho-segundo-o-espiritismo:section:ed233878241f115c,ed233878241f115c,section,Para os médiuns,exact,1.0,keep
3,O Evangelho Segundo o Espiritismo,4728,211,content,null,CAPÍTULO XXVIII,Coletânea de preces espíritas,Aos anjos guardiães e aos Espíritos protetores,715,o-evangelho-segundo-o-espiritismo:section:46e49b719f6e9623,46e49b719f6e9623,section,Aos anjos guardiães e aos Espíritos protetores,exact,1.0,keep
3,O Evangelho Segundo o Espiritismo,4729,212,content,null,CAPÍTULO XXVIII,Coletânea de preces espíritas,Para afastar os maus Espíritos,343,o-evangelho-segundo-o-espiritismo:section:344d1bc955fbfa9a,344d1bc955fbfa9a,section,Para afastar os maus Espíritos,exact,1.0,keep
3,O Evangelho Segundo o Espiritismo,4730,213,content,null,CAPÍTULO XXVIII,Coletânea de preces espíritas,Para pedir a corrigenda de um defeito,366,o-evangelho-segundo-o-espiritismo:section:00fcbfd79330b2ce,00fcbfd79330b2ce,section,Para pedir a corrigenda de um defeito,exact,1.0,keep
3,O Evangelho Segundo o Espiritismo,4731,214,content,null,CAPÍTULO XXVIII,Coletânea de preces espíritas,Para pedir a força de resistir a uma tentação,287,o-evangelho-segundo-o-espiritismo:section:9d59d6de18bc6db1,9d59d6de18bc6db1,section,Para pedir a força de resistir a uma tentação,exact,1.0,keep
3,O Evangelho Segundo o Espiritismo,4732,215,content,null,CAPÍTULO XXVIII,Coletânea de preces espíritas,Ação de graças pela vitória alcançada sobre uma tentação,88,o-evangelho-segundo-o-espiritismo:section:2840a01722080ec5,2840a01722080ec5,section,Ação de graças pela vitória alcançada sobre uma tentação,exact,1.0,keep
3,O Evangelho Segundo o Espiritismo,4733,216,content,null,CAPÍTULO XXVIII,Coletânea de preces espíritas,Para pedir um conselho,224,o-evangelho-segundo-o-espiritismo:section:5aaf7768f6977fa8,5aaf7768f6977fa8,section,Para pedir um conselho,exact,1.0,keep
3,O Evangelho Segundo o Espiritismo,4734,217,content,null,CAPÍTULO XXVIII,Coletânea de preces espíritas,Nas aflições da vida,248,o-evangelho-segundo-o-espiritismo:section:6e0e64c515dac57f,6e0e64c515dac57f,section,Nas aflições da vida,exact,1.0,keep
3,O Evangelho Segundo o Espiritismo,4735,218,content,null,CAPÍTULO XXVIII,Coletânea de preces espíritas,Ação de graças por um favor obtido,339,o-evangelho-segundo-o-espiritismo:section:40414e49f30470e4,40414e49f30470e4,section,Ação de graças por um favor obtido,exact,1.0,keep
3,O Evangelho Segundo o Espiritismo,4736,219,content,null,CAPÍTULO XXVIII,Coletânea de preces espíritas,Ato de submissão e de resignação,499,o-evangelho-segundo-o-espiritismo:section:f4572b27f62ce5fa,f4572b27f62ce5fa,section,Ato de submissão e de resignação,exact,1.0,keep
3,O Evangelho Segundo o Espiritismo,4737,220,content,null,CAPÍTULO XXVIII,Coletânea de preces espíritas,Num perigo iminente,148,o-evangelho-segundo-o-espiritismo:section:ab1f7f3bcebb158a,ab1f7f3bcebb158a,section,Num perigo iminente,exact,1.0,keep
3,O Evangelho Segundo o Espiritismo,4738,221,content,null,CAPÍTULO XXVIII,Coletânea de preces espíritas,Ação de graças por haver escapado a um perigo,164,o-evangelho-segundo-o-espiritismo:section:081daf378e7185fe,081daf378e7185fe,section,Ação de graças por haver escapado a um perigo,exact,1.0,keep
3,O Evangelho Segundo o Espiritismo,4739,222,content,null,CAPÍTULO XXVIII,Coletânea de preces espíritas,À hora de dormir,272,o-evangelho-segundo-o-espiritismo:section:00251d1059a4d8cc,00251d1059a4d8cc,section,À hora de dormir,exact,1.0,keep
3,O Evangelho Segundo o Espiritismo,4740,223,content,null,CAPÍTULO XXVIII,Coletânea de preces espíritas,Prevendo próxima a morte,670,o-evangelho-segundo-o-espiritismo:section:568886791de3abb7,568886791de3abb7,section,Prevendo próxima a morte,exact,1.0,keep
3,O Evangelho Segundo o Espiritismo,4741,224,content,null,CAPÍTULO XXVIII,Coletânea de preces espíritas,Por alguém que esteja em aflição,279,o-evangelho-segundo-o-espiritismo:section:4f20cb8c2bdab375,4f20cb8c2bdab375,section,Por alguém que esteja em aflição,exact,1.0,keep
3,O Evangelho Segundo o Espiritismo,4742,225,content,null,CAPÍTULO XXVIII,Coletânea de preces espíritas,Ação de graças por um benefício concedido a outrem,114,o-evangelho-segundo-o-espiritismo:section:73d5b8796ef86b77,73d5b8796ef86b77,section,Ação de graças por um benefício concedido a outrem,exact,1.0,keep
3,O Evangelho Segundo o Espiritismo,4743,226,content,null,CAPÍTULO XXVIII,Coletânea de preces espíritas,Pelos nossos inimigos e pelos que nos querem mal,349,o-evangelho-segundo-o-espiritismo:section:ccbb12b4ab055cb0,ccbb12b4ab055cb0,section,Pelos nossos inimigos e pelos que nos querem mal,exact,1.0,keep
3,O Evangelho Segundo o Espiritismo,4744,227,content,null,CAPÍTULO XXVIII,Coletânea de preces espíritas,Ação de graças pelo bem concedido aos nossos inimigos,141,o-evangelho-segundo-o-espiritismo:section:e2bd93be3be5bfa6,e2bd93be3be5bfa6,section,Ação de graças pelo bem concedido aos nossos inimigos,exact,1.0,keep
3,O Evangelho Segundo o Espiritismo,4745,228,content,null,CAPÍTULO XXVIII,Coletânea de preces espíritas,Pelos inimigos do Espiritismo,840,o-evangelho-segundo-o-espiritismo:section:d32d7d3158893c9f,d32d7d3158893c9f,section,Pelos inimigos do Espiritismo,exact,1.0,keep
3,O Evangelho Segundo o Espiritismo,4746,229,content,null,CAPÍTULO XXVIII,Coletânea de preces espíritas,Por uma criança que acaba de nascer,573,o-evangelho-segundo-o-espiritismo:section:f20b50af7e08f5fd,f20b50af7e08f5fd,section,Por uma criança que acaba de nascer,exact,1.0,keep
3,O Evangelho Segundo o Espiritismo,4747,230,content,null,CAPÍTULO XXVIII,Coletânea de preces espíritas,Por um agonizante,288,o-evangelho-segundo-o-espiritismo:section:273fff196bffa374,273fff196bffa374,section,Por um agonizante,exact,1.0,keep
3,O Evangelho Segundo o Espiritismo,4748,231,content,null,CAPÍTULO XXVIII,Coletânea de preces espíritas,Por alguém que acaba de morrer,929,o-evangelho-segundo-o-espiritismo:section:a7cc53605ee3dd3e,a7cc53605ee3dd3e,section,Por alguém que acaba de morrer,exact,1.0,keep
3,O Evangelho Segundo o Espiritismo,4749,232,content,null,CAPÍTULO XXVIII,Coletânea de preces espíritas,Pelas pessoas a quem tivemos afeição,507,o-evangelho-segundo-o-espiritismo:section:b8642c32622ece8c,b8642c32622ece8c,section,Pelas pessoas a quem tivemos afeição,exact,1.0,keep
3,O Evangelho Segundo o Espiritismo,4750,233,content,null,CAPÍTULO XXVIII,Coletânea de preces espíritas,Pelas almas sofredoras que pedem preces,434,o-evangelho-segundo-o-espiritismo:section:ba500c7e6e1450b1,ba500c7e6e1450b1,section,Pelas almas sofredoras que pedem preces,exact,1.0,keep
3,O Evangelho Segundo o Espiritismo,4751,234,content,null,CAPÍTULO XXVIII,Coletânea de preces espíritas,Por um inimigo que morreu,167,o-evangelho-segundo-o-espiritismo:section:7d7c169f13513135,7d7c169f13513135,section,Por um inimigo que morreu,exact,1.0,keep
3,O Evangelho Segundo o Espiritismo,4752,235,content,null,CAPÍTULO XXVIII,Coletânea de preces espíritas,Por um criminoso,177,o-evangelho-segundo-o-espiritismo:section:8cd97a9e25364346,8cd97a9e25364346,section,Por um criminoso,exact,1.0,keep
3,O Evangelho Segundo o Espiritismo,4753,236,content,null,CAPÍTULO XXVIII,Coletânea de preces espíritas,Por um suicida,305,o-evangelho-segundo-o-espiritismo:section:1d8434d35cd6b196,1d8434d35cd6b196,section,Por um suicida,exact,1.0,keep
3,O Evangelho Segundo o Espiritismo,4754,237,content,null,CAPÍTULO XXVIII,Coletânea de preces espíritas,Pelos Espíritos penitentes,334,o-evangelho-segundo-o-espiritismo:section:4a8392a915cbbe72,4a8392a915cbbe72,section,Pelos Espíritos penitentes,exact,1.0,keep
3,O Evangelho Segundo o Espiritismo,4755,238,content,null,CAPÍTULO XXVIII,Coletânea de preces espíritas,Pelos Espíritos endurecidos,818,o-evangelho-segundo-o-espiritismo:section:3a7a259cd6b62159,3a7a259cd6b62159,section,Pelos Espíritos endurecidos,exact,1.0,keep
3,O Evangelho Segundo o Espiritismo,4756,239,content,null,CAPÍTULO XXVIII,Coletânea de preces espíritas,Pelos doentes,559,o-evangelho-segundo-o-espiritismo:section:a336a8f28c402538,a336a8f28c402538,section,Pelos doentes,exact,1.0,keep
3,O Evangelho Segundo o Espiritismo,4757,240,content,null,CAPÍTULO XXVIII,Coletânea de preces espíritas,Pelos obsidiados,1595,o-evangelho-segundo-o-espiritismo:section:fea5b54b1bf84bbd,fea5b54b1bf84bbd,section,Pelos obsidiados,exact,1.0,keep
3,O Evangelho Segundo o Espiritismo,4758,241,content,null,CAPÍTULO XXVIII,Coletânea de preces espíritas,Nota explicativa,1796,o-evangelho-segundo-o-espiritismo:chapter:16ce7d7a83389925,16ce7d7a83389925,chapter,Coletânea de preces espíritas,chapter-aggregate,0.6,split
4,O Céu e o Inferno,4759,1,part_intro,Primeira Parte — Doutrina,null,null,null,1,o-ceu-e-o-inferno:division:36046d5a4a823882,36046d5a4a823882,division,PRIMEIRA PARTE — Doutrina,exact,1.0,keep
4,O Céu e o Inferno,4760,2,content,Primeira Parte — Doutrina,null,null,null,62,,,,,unmatched,0.0,review
4,O Céu e o Inferno,4761,3,chapter_intro,Primeira Parte — Doutrina,CAPÍTULO I,O porvir e o nada,null,0,o-ceu-e-o-inferno:chapter:bd6f1918c6b462f8,bd6f1918c6b462f8,chapter,O porvir e o nada,chapter,1.0,keep
4,O Céu e o Inferno,4762,4,content,Primeira Parte — Doutrina,CAPÍTULO I,O porvir e o nada,null,2575,o-ceu-e-o-inferno:chapter:bd6f1918c6b462f8,bd6f1918c6b462f8,chapter,O porvir e o nada,chapter-aggregate,0.6,split
4,O Céu e o Inferno,4763,5,chapter_intro,Primeira Parte — Doutrina,CAPÍTULO II,Temor da morte,null,14,o-ceu-e-o-inferno:chapter:e8bca143f7c10c6c,e8bca143f7c10c6c,chapter,Temor da morte,chapter,1.0,keep
4,O Céu e o Inferno,4764,6,content,Primeira Parte — Doutrina,CAPÍTULO II,Temor da morte,Causas do temor da morte,1617,o-ceu-e-o-inferno:section:0b581031ca5e7177,0b581031ca5e7177,section,Causas do temor da morte,exact,1.0,keep
4,O Céu e o Inferno,4765,7,content,Primeira Parte — Doutrina,CAPÍTULO II,Temor da morte,Por que os espíritas não temem a morte,333,o-ceu-e-o-inferno:section:cdedb1c23a136a3e,cdedb1c23a136a3e,section,Por que os espíritas não temem a morte,exact,1.0,keep
4,O Céu e o Inferno,4766,8,chapter_intro,Primeira Parte — Doutrina,CAPÍTULO III,O céu,null,0,o-ceu-e-o-inferno:chapter:b063a7ebeb31036c,b063a7ebeb31036c,chapter,O céu,chapter,1.0,keep
4,O Céu e o Inferno,4767,9,content,Primeira Parte — Doutrina,CAPÍTULO III,O céu,null,3624,o-ceu-e-o-inferno:chapter:b063a7ebeb31036c,b063a7ebeb31036c,chapter,O céu,chapter-aggregate,0.6,split
4,O Céu e o Inferno,4768,10,chapter_intro,Primeira Parte — Doutrina,CAPÍTULO IV,O inferno,null,22,o-ceu-e-o-inferno:chapter:9b25848479a1d4fc,9b25848479a1d4fc,chapter,O inferno,chapter,1.0,keep
4,O Céu e o Inferno,4769,11,content,Primeira Parte — Doutrina,CAPÍTULO IV,O inferno,Intuição das penas futuras,308,o-ceu-e-o-inferno:section:040dfc020c5960ee,040dfc020c5960ee,section,Intuição das penas futuras,exact,1.0,keep
4,O Céu e o Inferno,4770,12,content,Primeira Parte — Doutrina,CAPÍTULO IV,O inferno,O inferno cristão imitado do inferno pagão,988,o-ceu-e-o-inferno:section:1484d72deafb70e5,1484d72deafb70e5,section,O inferno cristão imitado do inferno pagão,exact,1.0,keep
4,O Céu e o Inferno,4771,13,content,Primeira Parte — Doutrina,CAPÍTULO IV,O inferno,Os limbos,210,o-ceu-e-o-inferno:section:07df27d54cb14e7c,07df27d54cb14e7c,section,Os limbos,exact,1.0,keep
4,O Céu e o Inferno,4772,14,content,Primeira Parte — Doutrina,CAPÍTULO IV,O inferno,Quadro do inferno pagão,2594,o-ceu-e-o-inferno:section:fbcba34e0ffefed3,fbcba34e0ffefed3,section,Quadro do inferno pagão,exact,1.0,keep
4,O Céu e o Inferno,4773,15,content,Primeira Parte — Doutrina,CAPÍTULO IV,O inferno,Esboço do inferno cristão,2899,o-ceu-e-o-inferno:section:abbb52d8aabed411,abbb52d8aabed411,section,Esboço do inferno cristão,exact,1.0,keep
4,O Céu e o Inferno,4774,16,chapter_intro,Primeira Parte — Doutrina,CAPÍTULO V,O purgatório,null,0,o-ceu-e-o-inferno:chapter:b8125beef58f9a24,b8125beef58f9a24,chapter,O purgatório,chapter,1.0,keep
4,O Céu e o Inferno,4775,17,content,Primeira Parte — Doutrina,CAPÍTULO V,O purgatório,null,1635,o-ceu-e-o-inferno:chapter:b8125beef58f9a24,b8125beef58f9a24,chapter,O purgatório,chapter-aggregate,0.6,split
4,O Céu e o Inferno,4776,18,chapter_intro,Primeira Parte — Doutrina,CAPÍTULO VI,Doutrina das penas eternas,null,36,o-ceu-e-o-inferno:chapter:8851e017433221db,8851e017433221db,chapter,Doutrina das penas eternas,chapter,1.0,keep
4,O Céu e o Inferno,4777,19,content,Primeira Parte — Doutrina,CAPÍTULO VI,Doutrina das penas eternas,Origem da doutrina das penas eternas,1759,o-ceu-e-o-inferno:section:1ff019f5aea45e01,1ff019f5aea45e01,section,Origem da doutrina das penas eternas,exact,1.0,keep
4,O Céu e o Inferno,4778,20,content,Primeira Parte — Doutrina,CAPÍTULO VI,Doutrina das penas eternas,Argumentos a favor das penas eternas,1492,o-ceu-e-o-inferno:section:10ef443a41ec3716,10ef443a41ec3716,section,Argumentos a favor das penas eternas,exact,1.0,keep
4,O Céu e o Inferno,4779,21,content,Primeira Parte — Doutrina,CAPÍTULO VI,Doutrina das penas eternas,Impossibilidade material das penas eternas,785,o-ceu-e-o-inferno:section:269e5eb177195519,269e5eb177195519,section,Impossibilidade material das penas eternas,exact,1.0,keep
4,O Céu e o Inferno,4780,22,content,Primeira Parte — Doutrina,CAPÍTULO VI,Doutrina das penas eternas,A doutrina das penas eternas fez sua época,620,o-ceu-e-o-inferno:section:1a71050b739a2580,1a71050b739a2580,section,A doutrina das penas eternas fez sua época,exact,1.0,keep
4,O Céu e o Inferno,4781,23,content,Primeira Parte — Doutrina,CAPÍTULO VI,Doutrina das penas eternas,penas e o pecado original,559,o-ceu-e-o-inferno:chapter:8851e017433221db,8851e017433221db,chapter,Doutrina das penas eternas,chapter-aggregate,0.6,split
4,O Céu e o Inferno,4782,24,chapter_intro,Primeira Parte — Doutrina,CAPÍTULO VII,As penas futuras segundo o Espiritismo,null,19,o-ceu-e-o-inferno:chapter:f64454f36cb8de88,f64454f36cb8de88,chapter,As penas futuras segundo o Espiritismo,chapter,1.0,keep
4,O Céu e o Inferno,4783,25,content,Primeira Parte — Doutrina,CAPÍTULO VII,As penas futuras segundo o Espiritismo,A carne é fraca,863,o-ceu-e-o-inferno:section:29a7fa0ba4b64e73,29a7fa0ba4b64e73,section,A carne é fraca,exact,1.0,keep
4,O Céu e o Inferno,4784,26,content,Primeira Parte — Doutrina,CAPÍTULO VII,As penas futuras segundo o Espiritismo,sobre as penas futuras,220,o-ceu-e-o-inferno:chapter:f64454f36cb8de88,f64454f36cb8de88,chapter,As penas futuras segundo o Espiritismo,chapter-aggregate,0.6,split
4,O Céu e o Inferno,4785,27,content,Primeira Parte — Doutrina,CAPÍTULO VII,As penas futuras segundo o Espiritismo,Código penal da vida futura,3258,o-ceu-e-o-inferno:section:95bfb372f416047d,95bfb372f416047d,section,Código penal da vida futura,exact,1.0,keep
4,O Céu e o Inferno,4786,28,chapter_intro,Primeira Parte — Doutrina,CAPÍTULO VIII,Os anjos,null,12,o-ceu-e-o-inferno:chapter:c86d7b2504dd6790,c86d7b2504dd6790,chapter,Os anjos,chapter,1.0,keep
4,O Céu e o Inferno,4787,29,content,Primeira Parte — Doutrina,CAPÍTULO VIII,Os anjos,Os anjos segundo a Igreja,1459,o-ceu-e-o-inferno:section:2a475d26d1a923a6,2a475d26d1a923a6,section,Os anjos segundo a Igreja,exact,1.0,keep
4,O Céu e o Inferno,4788,30,content,Primeira Parte — Doutrina,CAPÍTULO VIII,Os anjos,Refutação,1823,o-ceu-e-o-inferno:section:959e09d8dcb0bb69,959e09d8dcb0bb69,section,Refutação,exact,1.0,keep
4,O Céu e o Inferno,4789,31,content,Primeira Parte — Doutrina,CAPÍTULO VIII,Os anjos,Os anjos segundo o Espiritismo,570,o-ceu-e-o-inferno:section:7522830903b70ea9,7522830903b70ea9,section,Os anjos segundo o Espiritismo,exact,1.0,keep
4,O Céu e o Inferno,4790,32,chapter_intro,Primeira Parte — Doutrina,CAPÍTULO IX,Os demônios,null,16,o-ceu-e-o-inferno:chapter:1dc493030bb5faf0,1dc493030bb5faf0,chapter,Os demônios,chapter,1.0,keep
4,O Céu e o Inferno,4791,33,content,Primeira Parte — Doutrina,CAPÍTULO IX,Os demônios,Origem da crença nos demônios,1218,o-ceu-e-o-inferno:section:bb0459a3f399dfce,bb0459a3f399dfce,section,Origem da crença nos demônios,exact,1.0,keep
4,O Céu e o Inferno,4792,34,content,Primeira Parte — Doutrina,CAPÍTULO IX,Os demônios,Os demônios segundo a Igreja,4038,o-ceu-e-o-inferno:section:f72bc4ed91d10b37,f72bc4ed91d10b37,section,Os demônios segundo a Igreja,exact,1.0,keep
4,O Céu e o Inferno,4793,35,content,Primeira Parte — Doutrina,CAPÍTULO IX,Os demônios,Os demônios segundo o Espiritismo,756,o-ceu-e-o-inferno:section:3d64462982913738,3d64462982913738,section,Os demônios segundo o Espiritismo,exact,1.0,keep
4,O Céu e o Inferno,4794,36,chapter_intro,Primeira Parte — Doutrina,CAPÍTULO X,Intervenção dos demônios nas modernas manifestações,null,0,o-ceu-e-o-inferno:chapter:9781d6e4ebee2a8d,9781d6e4ebee2a8d,chapter,Intervenção dos demônios nas modernas manifestações,chapter,1.0,keep
4,O Céu e o Inferno,4795,37,content,Primeira Parte — Doutrina,CAPÍTULO X,Intervenção dos demônios nas modernas manifestações,null,6037,o-ceu-e-o-inferno:chapter:9781d6e4ebee2a8d,9781d6e4ebee2a8d,chapter,Intervenção dos demônios nas modernas manifestações,chapter-aggregate,0.6,split
4,O Céu e o Inferno,4796,38,chapter_intro,Primeira Parte — Doutrina,CAPÍTULO XI,Da proibição de evocar os mortos,null,0,o-ceu-e-o-inferno:chapter:1292d2d9abe27b0a,1292d2d9abe27b0a,chapter,Da proibição de evocar os mortos,chapter,1.0,keep
4,O Céu e o Inferno,4797,39,content,Primeira Parte — Doutrina,CAPÍTULO XI,Da proibição de evocar os mortos,null,3279,o-ceu-e-o-inferno:chapter:1292d2d9abe27b0a,1292d2d9abe27b0a,chapter,Da proibição de evocar os mortos,chapter-aggregate,0.6,split
4,O Céu e o Inferno,4798,40,part_intro,Segunda Parte — Exemplos,null,null,null,1,o-ceu-e-o-inferno:division:7183e549b85b7e66,7183e549b85b7e66,division,SEGUNDA PARTE — Exemplos,exact,1.0,keep
4,O Céu e o Inferno,4799,41,content,Segunda Parte — Exemplos,null,null,null,33,,,,,unmatched,0.0,review
4,O Céu e o Inferno,4800,42,chapter_intro,Segunda Parte — Exemplos,CAPÍTULO I,O passamento,null,0,o-ceu-e-o-inferno:chapter:958866f80eb8f2d5,958866f80eb8f2d5,chapter,O passamento,chapter,1.0,keep
4,O Céu e o Inferno,4801,43,content,Segunda Parte — Exemplos,CAPÍTULO I,O passamento,null,2593,o-ceu-e-o-inferno:chapter:958866f80eb8f2d5,958866f80eb8f2d5,chapter,O passamento,chapter-aggregate,0.6,split
4,O Céu e o Inferno,4802,44,chapter_intro,Segunda Parte — Exemplos,CAPÍTULO II,Espíritos felizes,null,41,o-ceu-e-o-inferno:chapter:8a91fe3b461ccafb,8a91fe3b461ccafb,chapter,Espíritos felizes,chapter,1.0,keep
4,O Céu e o Inferno,4803,45,content,Segunda Parte — Exemplos,CAPÍTULO II,Espíritos felizes,Sanson,406,o-ceu-e-o-inferno:section:33f3e38b8a54691c,33f3e38b8a54691c,section,Sanson,exact,1.0,keep
4,O Céu e o Inferno,4804,46,content,Segunda Parte — Exemplos,CAPÍTULO II,Espíritos felizes,I,7,o-ceu-e-o-inferno:chapter:8a91fe3b461ccafb,8a91fe3b461ccafb,chapter,Espíritos felizes,chapter-aggregate,0.6,split
4,O Céu e o Inferno,4805,47,content,Segunda Parte — Exemplos,CAPÍTULO II,Espíritos felizes,1. evocação.,735,o-ceu-e-o-inferno:chapter:8a91fe3b461ccafb,8a91fe3b461ccafb,chapter,Espíritos felizes,chapter-aggregate,0.6,split
4,O Céu e o Inferno,4806,48,content,Segunda Parte — Exemplos,CAPÍTULO II,Espíritos felizes,Ii,9,o-ceu-e-o-inferno:chapter:8a91fe3b461ccafb,8a91fe3b461ccafb,chapter,Espíritos felizes,chapter-aggregate,0.6,split
4,O Céu e o Inferno,4807,49,content,Segunda Parte — Exemplos,CAPÍTULO II,Espíritos felizes,1. evocação.,865,o-ceu-e-o-inferno:chapter:8a91fe3b461ccafb,8a91fe3b461ccafb,chapter,Espíritos felizes,chapter-aggregate,0.6,split
4,O Céu e o Inferno,4808,50,content,Segunda Parte — Exemplos,CAPÍTULO II,Espíritos felizes,Iii,1165,o-ceu-e-o-inferno:chapter:8a91fe3b461ccafb,8a91fe3b461ccafb,chapter,Espíritos felizes,chapter-aggregate,0.6,split
4,O Céu e o Inferno,4809,51,content,Segunda Parte — Exemplos,CAPÍTULO II,Espíritos felizes,Jobard,1642,o-ceu-e-o-inferno:section:5fcfd6cc043b3728,5fcfd6cc043b3728,section,Jobard,exact,1.0,keep
4,O Céu e o Inferno,4810,52,content,Segunda Parte — Exemplos,CAPÍTULO II,Espíritos felizes,Samuel Philippe,1462,o-ceu-e-o-inferno:section:5aac44416187c526,5aac44416187c526,section,Samuel Philippe,exact,1.0,keep
4,O Céu e o Inferno,4811,53,content,Segunda Parte — Exemplos,CAPÍTULO II,Espíritos felizes,Van Durst,538,o-ceu-e-o-inferno:section:498cfae38284e212,498cfae38284e212,section,Van Durst,exact,1.0,keep
4,O Céu e o Inferno,4812,54,content,Segunda Parte — Exemplos,CAPÍTULO II,Espíritos felizes,Sixdeniers,991,o-ceu-e-o-inferno:section:a0b1cc18b0bdad15,a0b1cc18b0bdad15,section,Sixdeniers,exact,1.0,keep
4,O Céu e o Inferno,4813,55,content,Segunda Parte — Exemplos,CAPÍTULO II,Espíritos felizes,O doutor Demeure,1673,o-ceu-e-o-inferno:section:8cef4d28e71647ad,8cef4d28e71647ad,section,O doutor Demeure,exact,1.0,keep
4,O Céu e o Inferno,4814,56,content,Segunda Parte — Exemplos,CAPÍTULO II,Espíritos felizes,"A viúva Foulon, nascida Wollis",504,o-ceu-e-o-inferno:section:c15746f1117c9928,c15746f1117c9928,section,"A viúva Foulon, nascida Wollis",exact,1.0,keep
4,O Céu e o Inferno,4815,57,content,Segunda Parte — Exemplos,CAPÍTULO II,Espíritos felizes,I,593,o-ceu-e-o-inferno:chapter:8a91fe3b461ccafb,8a91fe3b461ccafb,chapter,Espíritos felizes,chapter-aggregate,0.6,split
4,O Céu e o Inferno,4816,58,content,Segunda Parte — Exemplos,CAPÍTULO II,Espíritos felizes,Ii,939,o-ceu-e-o-inferno:chapter:8a91fe3b461ccafb,8a91fe3b461ccafb,chapter,Espíritos felizes,chapter-aggregate,0.6,split
4,O Céu e o Inferno,4817,59,content,Segunda Parte — Exemplos,CAPÍTULO II,Espíritos felizes,Iii,607,o-ceu-e-o-inferno:chapter:8a91fe3b461ccafb,8a91fe3b461ccafb,chapter,Espíritos felizes,chapter-aggregate,0.6,split
4,O Céu e o Inferno,4818,60,content,Segunda Parte — Exemplos,CAPÍTULO II,Espíritos felizes,Um médico russo,1152,o-ceu-e-o-inferno:section:a977fd88642bcc75,a977fd88642bcc75,section,Um médico russo,exact,1.0,keep
4,O Céu e o Inferno,4819,61,content,Segunda Parte — Exemplos,CAPÍTULO II,Espíritos felizes,Bernardin,347,o-ceu-e-o-inferno:section:9fd1f94de8fc88aa,9fd1f94de8fc88aa,section,Bernardin,exact,1.0,keep
4,O Céu e o Inferno,4820,62,content,Segunda Parte — Exemplos,CAPÍTULO II,Espíritos felizes,A condessa Paula,1291,o-ceu-e-o-inferno:section:e01eff344b851aa7,e01eff344b851aa7,section,A condessa Paula,exact,1.0,keep
4,O Céu e o Inferno,4821,63,content,Segunda Parte — Exemplos,CAPÍTULO II,Espíritos felizes,Jean Reynaud,510,o-ceu-e-o-inferno:section:7389de0f9f58fd24,7389de0f9f58fd24,section,Jean Reynaud,exact,1.0,keep
4,O Céu e o Inferno,4822,64,content,Segunda Parte — Exemplos,CAPÍTULO II,Espíritos felizes,Evocação:,595,o-ceu-e-o-inferno:chapter:8a91fe3b461ccafb,8a91fe3b461ccafb,chapter,Espíritos felizes,chapter-aggregate,0.6,split
4,O Céu e o Inferno,4823,65,content,Segunda Parte — Exemplos,CAPÍTULO II,Espíritos felizes,Antoine Costeau,1124,o-ceu-e-o-inferno:section:f7d1853a504f8d32,f7d1853a504f8d32,section,Antoine Costeau,exact,1.0,keep
4,O Céu e o Inferno,4824,66,content,Segunda Parte — Exemplos,CAPÍTULO II,Espíritos felizes,A Srta. Emma,515,o-ceu-e-o-inferno:section:f5751d7aecafa246,f5751d7aecafa246,section,A Srta. Emma,exact,1.0,keep
4,O Céu e o Inferno,4825,67,content,Segunda Parte — Exemplos,CAPÍTULO II,Espíritos felizes,O doutor Vignal,799,o-ceu-e-o-inferno:section:45c7fb3f005a8031,45c7fb3f005a8031,section,O doutor Vignal,exact,1.0,keep
4,O Céu e o Inferno,4826,68,content,Segunda Parte — Exemplos,CAPÍTULO II,Espíritos felizes,Victor Lebufle,604,o-ceu-e-o-inferno:section:9a62855f9a463509,9a62855f9a463509,section,Victor Lebufle,exact,1.0,keep
4,O Céu e o Inferno,4827,69,content,Segunda Parte — Exemplos,CAPÍTULO II,Espíritos felizes,A Sra. Anaïs Gourdon,430,o-ceu-e-o-inferno:section:7e119966ae39a2cd,7e119966ae39a2cd,section,A Sra. Anaïs Gourdon,exact,1.0,keep
4,O Céu e o Inferno,4828,70,content,Segunda Parte — Exemplos,CAPÍTULO II,Espíritos felizes,Maurice Gontran,940,o-ceu-e-o-inferno:section:ee87ee6d05da806a,ee87ee6d05da806a,section,Maurice Gontran,exact,1.0,keep
4,O Céu e o Inferno,4829,71,chapter_intro,Segunda Parte — Exemplos,CAPÍTULO III,Espíritos em condições medianas,null,17,o-ceu-e-o-inferno:chapter:ccc06fbf8b40acde,ccc06fbf8b40acde,chapter,Espíritos em condições medianas,chapter,1.0,keep
4,O Céu e o Inferno,4830,72,content,Segunda Parte — Exemplos,CAPÍTULO III,Espíritos em condições medianas,Joseph Bré,534,o-ceu-e-o-inferno:section:79c2ad0f6fd85e17,79c2ad0f6fd85e17,section,Joseph Bré,exact,1.0,keep
4,O Céu e o Inferno,4831,73,content,Segunda Parte — Exemplos,CAPÍTULO III,Espíritos em condições medianas,Sra. Hélène Michel,455,o-ceu-e-o-inferno:section:d211b30c42aa0482,d211b30c42aa0482,section,Sra. Hélène Michel,exact,1.0,keep
4,O Céu e o Inferno,4832,74,content,Segunda Parte — Exemplos,CAPÍTULO III,Espíritos em condições medianas,O marquês de Saint-Paul,503,o-ceu-e-o-inferno:section:a563eadf7ab082b4,a563eadf7ab082b4,section,O marquês de Saint- -Paul,exact,1.0,keep
4,O Céu e o Inferno,4833,75,content,Segunda Parte — Exemplos,CAPÍTULO III,Espíritos em condições medianas,"Sr. Cardon, médico",1529,o-ceu-e-o-inferno:section:c11d45079e45329d,c11d45079e45329d,section,"Sr. Cardon, médico",exact,1.0,keep
4,O Céu e o Inferno,4834,76,content,Segunda Parte — Exemplos,CAPÍTULO III,Espíritos em condições medianas,Eric Stanislas,421,o-ceu-e-o-inferno:section:a31e5991bf5b036a,a31e5991bf5b036a,section,Eric Stanislas,exact,1.0,keep
4,O Céu e o Inferno,4835,77,content,Segunda Parte — Exemplos,CAPÍTULO III,Espíritos em condições medianas,Sra. Anna Belleville,1697,o-ceu-e-o-inferno:section:8627ca8df9007af5,8627ca8df9007af5,section,Sra. Anna Belleville,exact,1.0,keep
4,O Céu e o Inferno,4836,78,chapter_intro,Segunda Parte — Exemplos,CAPÍTULO IV,Espíritos sofredores,null,20,o-ceu-e-o-inferno:chapter:0ee32e90d408d42b,0ee32e90d408d42b,chapter,Espíritos sofredores,chapter,1.0,keep
4,O Céu e o Inferno,4837,79,content,Segunda Parte — Exemplos,CAPÍTULO IV,Espíritos sofredores,O castigo,571,o-ceu-e-o-inferno:section:e05b6b8254a43eb0,e05b6b8254a43eb0,section,O castigo,exact,1.0,keep
4,O Céu e o Inferno,4838,80,content,Segunda Parte — Exemplos,CAPÍTULO IV,Espíritos sofredores,Novel,367,o-ceu-e-o-inferno:section:7d00e0a74379fe68,7d00e0a74379fe68,section,Novel,exact,1.0,keep
4,O Céu e o Inferno,4839,81,content,Segunda Parte — Exemplos,CAPÍTULO IV,Espíritos sofredores,Auguste Michel,733,o-ceu-e-o-inferno:section:20dcc7cffd70ba09,20dcc7cffd70ba09,section,Auguste Michel,exact,1.0,keep
4,O Céu e o Inferno,4840,82,content,Segunda Parte — Exemplos,CAPÍTULO IV,Espíritos sofredores,Exprobrações de um boêmio,458,o-ceu-e-o-inferno:section:921cdaf51547d1af,921cdaf51547d1af,section,Exprobrações de um boêmio,exact,1.0,keep
4,O Céu e o Inferno,4841,83,content,Segunda Parte — Exemplos,CAPÍTULO IV,Espíritos sofredores,Lisbeth,942,o-ceu-e-o-inferno:section:d1675567a0f5061d,d1675567a0f5061d,section,Lisbeth,exact,1.0,keep
4,O Céu e o Inferno,4842,84,content,Segunda Parte — Exemplos,CAPÍTULO IV,Espíritos sofredores,Príncipe Ouran,890,o-ceu-e-o-inferno:section:203969a6d6a2cc30,203969a6d6a2cc30,section,Príncipe Ouran,exact,1.0,keep
4,O Céu e o Inferno,4843,85,content,Segunda Parte — Exemplos,CAPÍTULO IV,Espíritos sofredores,Pascal Lavic,503,o-ceu-e-o-inferno:section:9ee0830bb669d1f0,9ee0830bb669d1f0,section,Pascal Lavic,exact,1.0,keep
4,O Céu e o Inferno,4844,86,content,Segunda Parte — Exemplos,CAPÍTULO IV,Espíritos sofredores,Ferdinand Bertin,1103,o-ceu-e-o-inferno:section:d98a171ab8db6ad4,d98a171ab8db6ad4,section,Ferdinand Bertin,exact,1.0,keep
4,O Céu e o Inferno,4845,87,content,Segunda Parte — Exemplos,CAPÍTULO IV,Espíritos sofredores,Comentário de são luís sobre esta comunicação,140,o-ceu-e-o-inferno:chapter:0ee32e90d408d42b,0ee32e90d408d42b,chapter,Espíritos sofredores,chapter-aggregate,0.6,split
4,O Céu e o Inferno,4846,88,content,Segunda Parte — Exemplos,CAPÍTULO IV,Espíritos sofredores,François Riquier,417,o-ceu-e-o-inferno:section:9dae846c7c5b87a8,9dae846c7c5b87a8,section,François Riquier,exact,1.0,keep
4,O Céu e o Inferno,4847,89,content,Segunda Parte — Exemplos,CAPÍTULO IV,Espíritos sofredores,Claire,3006,o-ceu-e-o-inferno:section:4ac0b0f3adb937e3,4ac0b0f3adb937e3,section,Claire,exact,1.0,keep
4,O Céu e o Inferno,4848,90,chapter_intro,Segunda Parte — Exemplos,CAPÍTULO V,Suicidas,null,33,o-ceu-e-o-inferno:chapter:0085e912dd0113bd,0085e912dd0113bd,chapter,Suicidas,chapter,1.0,keep
4,O Céu e o Inferno,4849,91,content,Segunda Parte — Exemplos,CAPÍTULO V,Suicidas,O suicida da Samaritana,98,o-ceu-e-o-inferno:section:ab9a714290597eb4,ab9a714290597eb4,section,O suicida da Samaritana,exact,1.0,keep
4,O Céu e o Inferno,4850,92,content,Segunda Parte — Exemplos,CAPÍTULO V,Suicidas,1. evocação.,713,o-ceu-e-o-inferno:chapter:0085e912dd0113bd,0085e912dd0113bd,chapter,Suicidas,chapter-aggregate,0.6,split
4,O Céu e o Inferno,4851,93,content,Segunda Parte — Exemplos,CAPÍTULO V,Suicidas,O pai e o conscrito,113,o-ceu-e-o-inferno:section:302dfb11e64ff30c,302dfb11e64ff30c,section,O pai e o conscrito,exact,1.0,keep
4,O Céu e o Inferno,4852,94,content,Segunda Parte — Exemplos,CAPÍTULO V,Suicidas,1. evocação.,732,o-ceu-e-o-inferno:chapter:0085e912dd0113bd,0085e912dd0113bd,chapter,Suicidas,chapter-aggregate,0.6,split
4,O Céu e o Inferno,4853,95,content,Segunda Parte — Exemplos,CAPÍTULO V,Suicidas,François-Simon Louvet,484,o-ceu-e-o-inferno:section:ff26dec106381254,ff26dec106381254,section,François- -Simon Louvet,exact,1.0,keep
4,O Céu e o Inferno,4854,96,content,Segunda Parte — Exemplos,CAPÍTULO V,Suicidas,Mãe e filho,303,o-ceu-e-o-inferno:section:a81580a21d01b8d3,a81580a21d01b8d3,section,Mãe e filho,exact,1.0,keep
4,O Céu e o Inferno,4855,97,content,Segunda Parte — Exemplos,CAPÍTULO V,Suicidas,Evocação da mãe.,732,o-ceu-e-o-inferno:chapter:0085e912dd0113bd,0085e912dd0113bd,chapter,Suicidas,chapter-aggregate,0.6,split
4,O Céu e o Inferno,4856,98,content,Segunda Parte — Exemplos,CAPÍTULO V,Suicidas,"Duplo suicídio, por amor e por dever",1006,o-ceu-e-o-inferno:section:26b73cb278a2c7db,26b73cb278a2c7db,section,"Duplo suicídio, por amor e por dever",exact,1.0,keep
4,O Céu e o Inferno,4857,99,content,Segunda Parte — Exemplos,CAPÍTULO V,Suicidas,Louis e a pespontadeira de botinas,904,o-ceu-e-o-inferno:section:2df215abe0fddf1f,2df215abe0fddf1f,section,Louis e a pespontadeira de botinas,exact,1.0,keep
4,O Céu e o Inferno,4858,100,content,Segunda Parte — Exemplos,CAPÍTULO V,Suicidas,Um ateu,41,o-ceu-e-o-inferno:section:9869374328395575,9869374328395575,section,Um ateu,exact,1.0,keep
4,O Céu e o Inferno,4859,101,content,Segunda Parte — Exemplos,CAPÍTULO V,Suicidas,1. evocação.,1947,o-ceu-e-o-inferno:chapter:0085e912dd0113bd,0085e912dd0113bd,chapter,Suicidas,chapter-aggregate,0.6,split
4,O Céu e o Inferno,4860,102,content,Segunda Parte — Exemplos,CAPÍTULO V,Suicidas,Félicien,81,o-ceu-e-o-inferno:section:2ae82be4e829a3e8,2ae82be4e829a3e8,section,Félicien,exact,1.0,keep
4,O Céu e o Inferno,4861,103,content,Segunda Parte — Exemplos,CAPÍTULO V,Suicidas,Evocação.,1071,o-ceu-e-o-inferno:chapter:0085e912dd0113bd,0085e912dd0113bd,chapter,Suicidas,chapter-aggregate,0.6,split
4,O Céu e o Inferno,4862,104,content,Segunda Parte — Exemplos,CAPÍTULO V,Suicidas,Antoine Bell,182,o-ceu-e-o-inferno:section:9719567bc0d9fd47,9719567bc0d9fd47,section,Antoine Bell,exact,1.0,keep
4,O Céu e o Inferno,4863,105,content,Segunda Parte — Exemplos,CAPÍTULO V,Suicidas,1. evocação.,972,o-ceu-e-o-inferno:chapter:0085e912dd0113bd,0085e912dd0113bd,chapter,Suicidas,chapter-aggregate,0.6,split
4,O Céu e o Inferno,4864,106,chapter_intro,Segunda Parte — Exemplos,CAPÍTULO VI,Criminosos arrependidos,null,15,o-ceu-e-o-inferno:chapter:e84833a6b7cb0a8c,e84833a6b7cb0a8c,chapter,Criminosos arrependidos,chapter,1.0,keep
4,O Céu e o Inferno,4865,107,content,Segunda Parte — Exemplos,CAPÍTULO VI,Criminosos arrependidos,Verger,62,o-ceu-e-o-inferno:section:628113c54cb85a83,628113c54cb85a83,section,Verger,exact,1.0,keep
4,O Céu e o Inferno,4866,108,content,Segunda Parte — Exemplos,CAPÍTULO VI,Criminosos arrependidos,1. evocação.,1037,o-ceu-e-o-inferno:chapter:e84833a6b7cb0a8c,e84833a6b7cb0a8c,chapter,Criminosos arrependidos,chapter-aggregate,0.6,split
4,O Céu e o Inferno,4867,109,content,Segunda Parte — Exemplos,CAPÍTULO VI,Criminosos arrependidos,Lemaire,23,o-ceu-e-o-inferno:section:7a86df7cc4b370d8,7a86df7cc4b370d8,section,Lemaire,exact,1.0,keep
4,O Céu e o Inferno,4868,110,content,Segunda Parte — Exemplos,CAPÍTULO VI,Criminosos arrependidos,1. evocação.,750,o-ceu-e-o-inferno:chapter:e84833a6b7cb0a8c,e84833a6b7cb0a8c,chapter,Criminosos arrependidos,chapter-aggregate,0.6,split
4,O Céu e o Inferno,4869,111,content,Segunda Parte — Exemplos,CAPÍTULO VI,Criminosos arrependidos,Benoist,944,o-ceu-e-o-inferno:section:1f45d8ad423428cf,1f45d8ad423428cf,section,Benoist,exact,1.0,keep
4,O Céu e o Inferno,4870,112,content,Segunda Parte — Exemplos,CAPÍTULO VI,Criminosos arrependidos,O Espírito de Castelnaudary,2039,o-ceu-e-o-inferno:section:c0510ccaa870a9fd,c0510ccaa870a9fd,section,O Espírito de Castelnaudary,exact,1.0,keep
4,O Céu e o Inferno,4871,113,content,Segunda Parte — Exemplos,CAPÍTULO VI,Criminosos arrependidos,Jacques Latour,1188,o-ceu-e-o-inferno:section:c02a6b6f15bae49c,c02a6b6f15bae49c,section,Jacques Latour,exact,1.0,keep
4,O Céu e o Inferno,4872,114,content,Segunda Parte — Exemplos,CAPÍTULO VI,Criminosos arrependidos,I,356,o-ceu-e-o-inferno:chapter:e84833a6b7cb0a8c,e84833a6b7cb0a8c,chapter,Criminosos arrependidos,chapter-aggregate,0.6,split
4,O Céu e o Inferno,4873,115,content,Segunda Parte — Exemplos,CAPÍTULO VI,Criminosos arrependidos,Ii,159,o-ceu-e-o-inferno:chapter:e84833a6b7cb0a8c,e84833a6b7cb0a8c,chapter,Criminosos arrependidos,chapter-aggregate,0.6,split
4,O Céu e o Inferno,4874,116,content,Segunda Parte — Exemplos,CAPÍTULO VI,Criminosos arrependidos,Iii,207,o-ceu-e-o-inferno:chapter:e84833a6b7cb0a8c,e84833a6b7cb0a8c,chapter,Criminosos arrependidos,chapter-aggregate,0.6,split
4,O Céu e o Inferno,4875,117,content,Segunda Parte — Exemplos,CAPÍTULO VI,Criminosos arrependidos,Iv,2394,o-ceu-e-o-inferno:chapter:e84833a6b7cb0a8c,e84833a6b7cb0a8c,chapter,Criminosos arrependidos,chapter-aggregate,0.6,split
4,O Céu e o Inferno,4876,118,chapter_intro,Segunda Parte — Exemplos,CAPÍTULO VII,Espíritos endurecidos,null,18,o-ceu-e-o-inferno:chapter:0813bb2fd6a7d081,0813bb2fd6a7d081,chapter,Espíritos endurecidos,chapter,1.0,keep
4,O Céu e o Inferno,4877,119,content,Segunda Parte — Exemplos,CAPÍTULO VII,Espíritos endurecidos,Lapommeray,551,o-ceu-e-o-inferno:section:c7f062d1fddda72e,c7f062d1fddda72e,section,Lapommeray,exact,1.0,keep
4,O Céu e o Inferno,4878,120,content,Segunda Parte — Exemplos,CAPÍTULO VII,Espíritos endurecidos,I,322,o-ceu-e-o-inferno:chapter:0813bb2fd6a7d081,0813bb2fd6a7d081,chapter,Espíritos endurecidos,chapter-aggregate,0.6,split
4,O Céu e o Inferno,4879,121,content,Segunda Parte — Exemplos,CAPÍTULO VII,Espíritos endurecidos,Ii,442,o-ceu-e-o-inferno:chapter:0813bb2fd6a7d081,0813bb2fd6a7d081,chapter,Espíritos endurecidos,chapter-aggregate,0.6,split
4,O Céu e o Inferno,4880,122,content,Segunda Parte — Exemplos,CAPÍTULO VII,Espíritos endurecidos,Iii,471,o-ceu-e-o-inferno:chapter:0813bb2fd6a7d081,0813bb2fd6a7d081,chapter,Espíritos endurecidos,chapter-aggregate,0.6,split
4,O Céu e o Inferno,4881,123,content,Segunda Parte — Exemplos,CAPÍTULO VII,Espíritos endurecidos,"Angèle, nulidade sobre a Terra",851,o-ceu-e-o-inferno:section:fcba3502fd38e729,fcba3502fd38e729,section,"Angèle, nulidade sobre a Terra",exact,1.0,keep
4,O Céu e o Inferno,4882,124,content,Segunda Parte — Exemplos,CAPÍTULO VII,Espíritos endurecidos,Um Espírito aborrecido,610,o-ceu-e-o-inferno:section:4d5a8b20ac3f3d70,4d5a8b20ac3f3d70,section,Um Espírito aborrecido,exact,1.0,keep
4,O Céu e o Inferno,4883,125,content,Segunda Parte — Exemplos,CAPÍTULO VII,Espíritos endurecidos,A rainha de Oude,721,o-ceu-e-o-inferno:section:a7948b1afd1b5bf5,a7948b1afd1b5bf5,section,A rainha de Oude,exact,1.0,keep
4,O Céu e o Inferno,4884,126,content,Segunda Parte — Exemplos,CAPÍTULO VII,Espíritos endurecidos,Xumène,572,o-ceu-e-o-inferno:section:618328ceee81c1ec,618328ceee81c1ec,section,Xumène,exact,1.0,keep
4,O Céu e o Inferno,4885,127,chapter_intro,Segunda Parte — Exemplos,CAPÍTULO VIII,Expiações terrestres,null,41,o-ceu-e-o-inferno:chapter:60f5a60806ac759c,60f5a60806ac759c,chapter,Expiações terrestres,chapter,1.0,keep
4,O Céu e o Inferno,4886,128,content,Segunda Parte — Exemplos,CAPÍTULO VIII,Expiações terrestres,"Marcel, o menino do nº 4",996,o-ceu-e-o-inferno:section:f2d6c0b85b1af1dd,f2d6c0b85b1af1dd,section,"Marcel, o menino do no 4",exact,1.0,keep
4,O Céu e o Inferno,4887,129,content,Segunda Parte — Exemplos,CAPÍTULO VIII,Expiações terrestres,Szymel Slizgol,1778,o-ceu-e-o-inferno:section:f470b4833a81e1eb,f470b4833a81e1eb,section,Szymel Slizgol,exact,1.0,keep
4,O Céu e o Inferno,4888,130,content,Segunda Parte — Exemplos,CAPÍTULO VIII,Expiações terrestres,"Julienne-Marie, a mendiga",1561,o-ceu-e-o-inferno:section:940f87bb998b0c6e,940f87bb998b0c6e,section,"Julienne-Marie, a mendiga",exact,1.0,keep
4,O Céu e o Inferno,4889,131,content,Segunda Parte — Exemplos,CAPÍTULO VIII,Expiações terrestres,"Max, o mendigo",896,o-ceu-e-o-inferno:section:ef64ead6a324ae42,ef64ead6a324ae42,section,"Max, o mendigo",exact,1.0,keep
4,O Céu e o Inferno,4890,132,content,Segunda Parte — Exemplos,CAPÍTULO VIII,Expiações terrestres,História de um criado,735,o-ceu-e-o-inferno:section:067a420f38fc233f,067a420f38fc233f,section,História de um criado,exact,1.0,keep
4,O Céu e o Inferno,4891,133,content,Segunda Parte — Exemplos,CAPÍTULO VIII,Expiações terrestres,Antonio B...,158,o-ceu-e-o-inferno:section:292f2840fd6b54f7,292f2840fd6b54f7,section,Antonio B...,exact,1.0,keep
4,O Céu e o Inferno,4892,134,content,Segunda Parte — Exemplos,CAPÍTULO VIII,Expiações terrestres,1. evocação.,862,o-ceu-e-o-inferno:chapter:60f5a60806ac759c,60f5a60806ac759c,chapter,Expiações terrestres,chapter-aggregate,0.6,split
4,O Céu e o Inferno,4893,135,content,Segunda Parte — Exemplos,CAPÍTULO VIII,Expiações terrestres,Letil,874,o-ceu-e-o-inferno:section:23c30e826aa47071,23c30e826aa47071,section,Letil,exact,1.0,keep
4,O Céu e o Inferno,4894,136,content,Segunda Parte — Exemplos,CAPÍTULO VIII,Expiações terrestres,Um sábio ambicioso,658,o-ceu-e-o-inferno:section:480588fbbd595466,480588fbbd595466,section,Um sábio ambicioso,exact,1.0,keep
4,O Céu e o Inferno,4895,137,content,Segunda Parte — Exemplos,CAPÍTULO VIII,Expiações terrestres,"Charles de Saint-G..., idiota",102,o-ceu-e-o-inferno:section:8f8029269fd26477,8f8029269fd26477,section,"Charles de Saint-G..., idiota",exact,1.0,keep
4,O Céu e o Inferno,4896,138,content,Segunda Parte — Exemplos,CAPÍTULO VIII,Expiações terrestres,3. evocação de charles.,354,o-ceu-e-o-inferno:chapter:60f5a60806ac759c,60f5a60806ac759c,chapter,Expiações terrestres,chapter-aggregate,0.6,split
4,O Céu e o Inferno,4897,139,content,Segunda Parte — Exemplos,CAPÍTULO VIII,Expiações terrestres,Dada na sociedade de paris,1008,o-ceu-e-o-inferno:chapter:60f5a60806ac759c,60f5a60806ac759c,chapter,Expiações terrestres,chapter-aggregate,0.6,split
4,O Céu e o Inferno,4898,140,content,Segunda Parte — Exemplos,CAPÍTULO VIII,Expiações terrestres,Adélaïde-Marguerite Gosse,551,o-ceu-e-o-inferno:section:7742381987b5d1a8,7742381987b5d1a8,section,Adélaïde-Marguerite Gosse,exact,1.0,keep
4,O Céu e o Inferno,4899,141,content,Segunda Parte — Exemplos,CAPÍTULO VIII,Expiações terrestres,Clara Rivier,210,o-ceu-e-o-inferno:section:f95da131fe27f822,f95da131fe27f822,section,Clara Rivier,exact,1.0,keep
4,O Céu e o Inferno,4900,142,content,Segunda Parte — Exemplos,CAPÍTULO VIII,Expiações terrestres,1. evocação.,758,o-ceu-e-o-inferno:chapter:60f5a60806ac759c,60f5a60806ac759c,chapter,Expiações terrestres,chapter-aggregate,0.6,split
4,O Céu e o Inferno,4901,143,content,Segunda Parte — Exemplos,CAPÍTULO VIII,Expiações terrestres,Françoise Vernhes,626,o-ceu-e-o-inferno:section:9d37823f1aad40ce,9d37823f1aad40ce,section,Françoise Vernhes,exact,1.0,keep
4,O Céu e o Inferno,4902,144,content,Segunda Parte — Exemplos,CAPÍTULO VIII,Expiações terrestres,Anna Bitter,985,o-ceu-e-o-inferno:section:2f8952719e3c5f12,2f8952719e3c5f12,section,Anna Bitter,exact,1.0,keep
4,O Céu e o Inferno,4903,145,content,Segunda Parte — Exemplos,CAPÍTULO VIII,Expiações terrestres,"Joseph Maître, o cego",981,o-ceu-e-o-inferno:section:421d24f9c73ae2f8,421d24f9c73ae2f8,section,"Joseph Maître, o cego",exact,1.0,keep
4,O Céu e o Inferno,4904,146,content,Segunda Parte — Exemplos,CAPÍTULO VIII,Expiações terrestres,Nota explicativa,1800,o-ceu-e-o-inferno:chapter:60f5a60806ac759c,60f5a60806ac759c,chapter,Expiações terrestres,chapter-aggregate,0.6,split
5,A Gênese,4905,1,chapter_intro,null,null,A Gênese segundo o Espiritismo,null,0,,,,,unmatched,0.0,review
5,A Gênese,4906,2,content,null,null,A Gênese segundo o Espiritismo,null,66,,,,,unmatched,0.0,review
5,A Gênese,4907,3,chapter_intro,null,CAPÍTULO I,Caráter da revelação espírita,null,0,a-genese:chapter:af0595094b00dbc4,af0595094b00dbc4,chapter,Caráter da revelação espírita,chapter,1.0,keep
5,A Gênese,4908,4,content,null,CAPÍTULO I,Caráter da revelação espírita,null,13080,a-genese:chapter:af0595094b00dbc4,af0595094b00dbc4,chapter,Caráter da revelação espírita,chapter-aggregate,0.6,split
5,A Gênese,4909,5,chapter_intro,null,CAPÍTULO II,Deus,null,13,a-genese:chapter:7a69729d545d44ec,7a69729d545d44ec,chapter,Deus,chapter,1.0,keep
5,A Gênese,4910,6,content,null,CAPÍTULO II,Deus,Existência de Deus,910,a-genese:section:1cc749a484f3787d,1cc749a484f3787d,section,Existência de Deus,exact,1.0,keep
5,A Gênese,4911,7,content,null,CAPÍTULO II,Deus,Da natureza divina,1301,a-genese:section:6e289fb52ab4300e,6e289fb52ab4300e,section,Da natureza divina,exact,1.0,keep
5,A Gênese,4912,8,content,null,CAPÍTULO II,Deus,A Providência,1467,a-genese:section:8db39298159e9943,8db39298159e9943,section,A Providência,exact,1.0,keep
5,A Gênese,4913,9,content,null,CAPÍTULO II,Deus,A visão de Deus,925,a-genese:section:becc0d198df71200,becc0d198df71200,section,A visão de Deus,exact,1.0,keep
5,A Gênese,4914,10,chapter_intro,null,CAPÍTULO III,O bem e o mal,null,19,a-genese:chapter:ba73a1edf9cf0984,ba73a1edf9cf0984,chapter,O bem e o mal,chapter,1.0,keep
5,A Gênese,4915,11,content,null,CAPÍTULO III,O bem e o mal,Origem do bem e do mal,1733,a-genese:section:2ef1a83403eee616,2ef1a83403eee616,section,Origem do bem e do mal,exact,1.0,keep
5,A Gênese,4916,12,content,null,CAPÍTULO III,O bem e o mal,O instinto e a inteligência,1911,a-genese:section:3a94d77b84a2e939,3a94d77b84a2e939,section,O instinto e a inteligência,exact,1.0,keep
5,A Gênese,4917,13,content,null,CAPÍTULO III,O bem e o mal,Destruição dos seres vivos uns pelos outros,1080,a-genese:section:f372f8a647f3409e,f372f8a647f3409e,section,Destruição dos seres vivos uns pelos outros,exact,1.0,keep
5,A Gênese,4918,14,chapter_intro,null,CAPÍTULO IV,Papel da Ciência na Gênese,null,0,a-genese:chapter:b7284bbc42f35bcf,b7284bbc42f35bcf,chapter,Papel da Ciência na Gênese,chapter,1.0,keep
5,A Gênese,4919,15,content,null,CAPÍTULO IV,Papel da Ciência na Gênese,null,2672,a-genese:chapter:b7284bbc42f35bcf,b7284bbc42f35bcf,chapter,Papel da Ciência na Gênese,chapter-aggregate,0.6,split
5,A Gênese,4920,16,chapter_intro,null,CAPÍTULO V,Antigos e modernos sistemas do mundo,null,0,a-genese:chapter:a2a42f3b752ead20,a2a42f3b752ead20,chapter,Antigos e modernos sistemas do mundo,chapter,1.0,keep
5,A Gênese,4921,17,content,null,CAPÍTULO V,Antigos e modernos sistemas do mundo,null,2699,a-genese:chapter:a2a42f3b752ead20,a2a42f3b752ead20,chapter,Antigos e modernos sistemas do mundo,chapter-aggregate,0.6,split
5,A Gênese,4922,18,chapter_intro,null,CAPÍTULO VI,Uranografia geral,null,48,a-genese:chapter:13b8701c61562c39,13b8701c61562c39,chapter,Uranografia geral,chapter,1.0,keep
5,A Gênese,4923,19,content,null,CAPÍTULO VI,Uranografia geral,O espaço e o tempo,1148,a-genese:section:fea241074d671c5b,fea241074d671c5b,section,O espaço e o tempo,exact,1.0,keep
5,A Gênese,4924,20,content,null,CAPÍTULO VI,Uranografia geral,A matéria,881,a-genese:section:eedb3d40d7a997e5,eedb3d40d7a997e5,section,A matéria,exact,1.0,keep
5,A Gênese,4925,21,content,null,CAPÍTULO VI,Uranografia geral,As leis e as forças,979,a-genese:section:15010139e77461c3,15010139e77461c3,section,As leis e as forças,exact,1.0,keep
5,A Gênese,4926,22,content,null,CAPÍTULO VI,Uranografia geral,A criação primária,894,a-genese:section:54f40b8c84d0cede,54f40b8c84d0cede,section,A criação primária,exact,1.0,keep
5,A Gênese,4927,23,content,null,CAPÍTULO VI,Uranografia geral,A criação universal,728,a-genese:section:2c807b1d9605ef63,2c807b1d9605ef63,section,A criação universal,exact,1.0,keep
5,A Gênese,4928,24,content,null,CAPÍTULO VI,Uranografia geral,Os sóis e os planetas,599,a-genese:section:cbbc3e0534b221b2,cbbc3e0534b221b2,section,Os sóis e os planetas,exact,1.0,keep
5,A Gênese,4929,25,content,null,CAPÍTULO VI,Uranografia geral,Os satélites,1107,a-genese:section:6d0b10c401780982,6d0b10c401780982,section,Os satélites,exact,1.0,keep
5,A Gênese,4930,26,content,null,CAPÍTULO VI,Uranografia geral,Os cometas,600,a-genese:section:d8e88d5ca3643c43,d8e88d5ca3643c43,section,Os cometas,exact,1.0,keep
5,A Gênese,4931,27,content,null,CAPÍTULO VI,Uranografia geral,A Via Láctea,589,a-genese:section:8374240cd5ca6d37,8374240cd5ca6d37,section,A Via Láctea,exact,1.0,keep
5,A Gênese,4932,28,content,null,CAPÍTULO VI,Uranografia geral,As estrelas fixas,1069,a-genese:section:07baad0babc6e3e4,07baad0babc6e3e4,section,As estrelas fixas,exact,1.0,keep
5,A Gênese,4933,29,content,null,CAPÍTULO VI,Uranografia geral,Os desertos do espaço,978,a-genese:section:8ecd06ff55ba4b26,8ecd06ff55ba4b26,section,Os desertos do espaço,exact,1.0,keep
5,A Gênese,4934,30,content,null,CAPÍTULO VI,Uranografia geral,Eterna sucessão dos mundos,958,a-genese:section:d2da706a720db629,d2da706a720db629,section,Eterna sucessão dos mundos,exact,1.0,keep
5,A Gênese,4935,31,content,null,CAPÍTULO VI,Uranografia geral,A vida universal,431,a-genese:section:110093f69011cdbe,110093f69011cdbe,section,A vida universal,exact,1.0,keep
5,A Gênese,4936,32,content,null,CAPÍTULO VI,Uranografia geral,Diversidade dos mundos,611,a-genese:section:b2b41915ec4d05ee,b2b41915ec4d05ee,section,Diversidade dos mundos,exact,1.0,keep
5,A Gênese,4937,33,chapter_intro,null,CAPÍTULO VII,Esboço geológico da Terra,null,25,a-genese:chapter:123410ff215322e1,123410ff215322e1,chapter,Esboço geológico da Terra,chapter,1.0,keep
5,A Gênese,4938,34,content,null,CAPÍTULO VII,Esboço geológico da Terra,Períodos geológicos,2189,a-genese:section:7cbd8c3d6f6a24b2,7cbd8c3d6f6a24b2,section,Períodos geológicos,exact,1.0,keep
5,A Gênese,4939,35,content,null,CAPÍTULO VII,Esboço geológico da Terra,Estado primitivo do globo,905,a-genese:section:f1e91a6576b7e1ef,f1e91a6576b7e1ef,section,Estado primitivo do globo,exact,1.0,keep
5,A Gênese,4940,36,content,null,CAPÍTULO VII,Esboço geológico da Terra,Período primário,469,a-genese:section:023ec0e9328811bd,023ec0e9328811bd,section,Período primário,exact,1.0,keep
5,A Gênese,4941,37,content,null,CAPÍTULO VII,Esboço geológico da Terra,Período de transição,939,a-genese:section:285fac7b6d3a8e4b,285fac7b6d3a8e4b,section,Período de transição,exact,1.0,keep
5,A Gênese,4942,38,content,null,CAPÍTULO VII,Esboço geológico da Terra,Período secundário,1167,a-genese:section:176f310b323ca992,176f310b323ca992,section,Período secundário,exact,1.0,keep
5,A Gênese,4943,39,content,null,CAPÍTULO VII,Esboço geológico da Terra,Período terciário,1347,a-genese:section:ce227ece6795ebca,ce227ece6795ebca,section,Período terciário,exact,1.0,keep
5,A Gênese,4944,40,content,null,CAPÍTULO VII,Esboço geológico da Terra,Período diluviano,760,a-genese:section:38b8a406335e82fc,38b8a406335e82fc,section,Período diluviano,exact,1.0,keep
5,A Gênese,4945,41,content,null,CAPÍTULO VII,Esboço geológico da Terra,Nascimento do homem,535,a-genese:chapter:123410ff215322e1,123410ff215322e1,chapter,Esboço geológico da Terra,chapter-aggregate,0.6,split
5,A Gênese,4946,42,chapter_intro,null,CAPÍTULO VIII,Teorias sobre a formação da Terra,null,13,a-genese:chapter:b74a85ea0b19410e,b74a85ea0b19410e,chapter,Teorias sobre a formação da Terra,chapter,1.0,keep
5,A Gênese,4947,43,content,null,CAPÍTULO VIII,Teorias sobre a formação da Terra,Teoria da projeção,998,a-genese:section:a94f1ab12407a3e3,a94f1ab12407a3e3,section,Teoria da projeção,exact,1.0,keep
5,A Gênese,4948,44,content,null,CAPÍTULO VIII,Teorias sobre a formação da Terra,Teoria da condensação,166,a-genese:section:dd4aa94eb885fdb2,dd4aa94eb885fdb2,section,Teoria da condensação,exact,1.0,keep
5,A Gênese,4949,45,content,null,CAPÍTULO VIII,Teorias sobre a formação da Terra,Teoria da incrustação,972,a-genese:section:17d784f8eeb9bc17,17d784f8eeb9bc17,section,Teoria da incrustação,exact,1.0,keep
5,A Gênese,4950,46,content,null,CAPÍTULO VIII,Teorias sobre a formação da Terra,Alma da Terra,490,a-genese:section:e7bfb13055460106,e7bfb13055460106,section,Alma da Terra,exact,1.0,keep
5,A Gênese,4951,47,chapter_intro,null,CAPÍTULO IX,Revoluções do globo,null,21,a-genese:chapter:c0c676f816849837,c0c676f816849837,chapter,Revoluções do globo,chapter,1.0,keep
5,A Gênese,4952,48,content,null,CAPÍTULO IX,Revoluções do globo,Revoluções gerais ou parciais,262,a-genese:section:8cff37049df024a7,8cff37049df024a7,section,Revoluções gerais ou parciais,exact,1.0,keep
5,A Gênese,4953,49,content,null,CAPÍTULO IX,Revoluções do globo,Idade das montanhas,241,a-genese:section:56934150e289cabf,56934150e289cabf,section,Idade das montanhas,exact,1.0,keep
5,A Gênese,4954,50,content,null,CAPÍTULO IX,Revoluções do globo,Dilúvio bíblico,587,a-genese:section:c48b46e6b528a461,c48b46e6b528a461,section,Dilúvio bíblico,exact,1.0,keep
5,A Gênese,4955,51,content,null,CAPÍTULO IX,Revoluções do globo,Revoluções periódicas,1174,a-genese:section:43d5cc67f239f1e0,43d5cc67f239f1e0,section,Revoluções periódicas,exact,1.0,keep
5,A Gênese,4956,52,content,null,CAPÍTULO IX,Revoluções do globo,Cataclismos futuros,1068,a-genese:section:dd69f51f515c285b,dd69f51f515c285b,section,Cataclismos futuros,exact,1.0,keep
5,A Gênese,4957,53,content,null,CAPÍTULO IX,Revoluções do globo,Aumento ou diminuição do volume da Terra,894,a-genese:section:8db2e6742ebd930a,8db2e6742ebd930a,section,Aumento ou diminuição do volume da Terra,exact,1.0,keep
5,A Gênese,4958,54,chapter_intro,null,CAPÍTULO X,Gênese orgânica,null,17,a-genese:chapter:77b5b1d9c9b1a5ce,77b5b1d9c9b1a5ce,chapter,Gênese orgânica,chapter,1.0,keep
5,A Gênese,4959,55,content,null,CAPÍTULO X,Gênese orgânica,Formação primária dos seres vivos,2369,a-genese:section:c0c47813d7682b9f,c0c47813d7682b9f,section,Formação primária dos seres vivos,exact,1.0,keep
5,A Gênese,4960,56,content,null,CAPÍTULO X,Gênese orgânica,Princípio vital,622,a-genese:section:ffd10a10d0d6698e,ffd10a10d0d6698e,section,Princípio vital,exact,1.0,keep
5,A Gênese,4961,57,content,null,CAPÍTULO X,Gênese orgânica,Geração espontânea,570,a-genese:section:392535f6aba405f6,392535f6aba405f6,section,Geração espontânea,exact,1.0,keep
5,A Gênese,4962,58,content,null,CAPÍTULO X,Gênese orgânica,Escala dos seres orgânicos,622,a-genese:section:571219248f85b91f,571219248f85b91f,section,Escala dos seres orgânicos,exact,1.0,keep
5,A Gênese,4963,59,content,null,CAPÍTULO X,Gênese orgânica,O homem corpóreo,737,a-genese:section:1693b5eca039ac8c,1693b5eca039ac8c,section,O homem corpóreo,exact,1.0,keep
5,A Gênese,4964,60,chapter_intro,null,CAPÍTULO XI,Gênese espiritual,null,36,a-genese:chapter:6a880ca93b62f14e,6a880ca93b62f14e,chapter,Gênese espiritual,chapter,1.0,keep
5,A Gênese,4965,61,content,null,CAPÍTULO XI,Gênese espiritual,Princípio espiritual,1221,a-genese:section:86b57a362db2aa3b,86b57a362db2aa3b,section,Princípio espiritual,exact,1.0,keep
5,A Gênese,4966,62,content,null,CAPÍTULO XI,Gênese espiritual,União do princípio espiritual à matéria,597,a-genese:section:807800606d883921,807800606d883921,section,União do princípio espiritual à matéria,exact,1.0,keep
5,A Gênese,4967,63,content,null,CAPÍTULO XI,Gênese espiritual,Hipótese sobre a origem do corpo humano,394,a-genese:section:925fa4f2bbfc4b06,925fa4f2bbfc4b06,section,Hipótese sobre a origem do corpo humano,exact,1.0,keep
5,A Gênese,4968,64,content,null,CAPÍTULO XI,Gênese espiritual,Encarnação dos Espíritos,2577,a-genese:section:9d7857fd9cb70f8e,9d7857fd9cb70f8e,section,Encarnação dos Espíritos,exact,1.0,keep
5,A Gênese,4969,65,content,null,CAPÍTULO XI,Gênese espiritual,Reencarnações,989,a-genese:section:ed7081dd924da1d4,ed7081dd924da1d4,section,Reencarnações,exact,1.0,keep
5,A Gênese,4970,66,content,null,CAPÍTULO XI,Gênese espiritual,Emigrações e imigrações dos Espíritos,454,a-genese:section:6bd54580322e02b4,6bd54580322e02b4,section,Emigrações e imigrações dos Espíritos,exact,1.0,keep
5,A Gênese,4971,67,content,null,CAPÍTULO XI,Gênese espiritual,Raça adâmica,1094,a-genese:section:6e7e5507e5e269fc,6e7e5507e5e269fc,section,Raça adâmica,exact,1.0,keep
5,A Gênese,4972,68,content,null,CAPÍTULO XI,Gênese espiritual,Doutrina dos anjos decaídos e,1,a-genese:chapter:6a880ca93b62f14e,6a880ca93b62f14e,chapter,Gênese espiritual,chapter-aggregate,0.6,split
5,A Gênese,4973,69,content,null,CAPÍTULO XI,Gênese espiritual,da perda do paraíso,1708,a-genese:chapter:6a880ca93b62f14e,6a880ca93b62f14e,chapter,Gênese espiritual,chapter-aggregate,0.6,split
5,A Gênese,4974,70,chapter_intro,null,CAPÍTULO XII,Gênese moisaica,null,7,a-genese:chapter:d25535e0493af0fa,d25535e0493af0fa,chapter,Gênese moisaica,chapter,1.0,keep
5,A Gênese,4975,71,content,null,CAPÍTULO XII,Gênese moisaica,Os seis dias,3524,a-genese:section:fcaffe63df986c98,fcaffe63df986c98,section,Os seis dias,exact,1.0,keep
5,A Gênese,4976,72,content,null,CAPÍTULO XII,Gênese moisaica,Perda do paraíso,4273,a-genese:section:cc31ab814ac921aa,cc31ab814ac921aa,section,Perda do paraíso,exact,1.0,keep
5,A Gênese,4977,73,chapter_intro,null,null,Os milagres segundo o Espiritismo,null,0,,,,,unmatched,0.0,review
5,A Gênese,4978,74,content,null,null,Os milagres segundo o Espiritismo,null,15,,,,,unmatched,0.0,review
5,A Gênese,4979,75,chapter_intro,null,CAPÍTULO XIII,Caracteres dos milagres,null,19,a-genese:chapter:4685321434f67c73,4685321434f67c73,chapter,Caracteres dos milagres,chapter,1.0,keep
5,A Gênese,4980,76,content,null,CAPÍTULO XIII,Caracteres dos milagres,Os milagres no sentido teológico,696,a-genese:section:610f42bf1a6bf94c,610f42bf1a6bf94c,section,Os milagres no sentido teológico,exact,1.0,keep
5,A Gênese,4981,77,content,null,CAPÍTULO XIII,Caracteres dos milagres,O Espiritismo não faz milagres,1992,a-genese:section:84a5f73d101522e6,84a5f73d101522e6,section,O Espiritismo não faz milagres,exact,1.0,keep
5,A Gênese,4982,78,content,null,CAPÍTULO XIII,Caracteres dos milagres,Faz Deus milagres?,798,a-genese:section:48a378f88a9605f2,48a378f88a9605f2,section,Faz Deus milagres?,exact,1.0,keep
5,A Gênese,4983,79,content,null,CAPÍTULO XIII,Caracteres dos milagres,O sobrenatural e as religiões,694,a-genese:section:059d99c19ee11beb,059d99c19ee11beb,section,O sobrenatural e as religiões,exact,1.0,keep
5,A Gênese,4984,80,chapter_intro,null,CAPÍTULO XIV,Os fluidos,null,48,a-genese:chapter:a0051f14fb2993f9,a0051f14fb2993f9,chapter,Os fluidos,chapter,1.0,keep
5,A Gênese,4985,81,content,null,CAPÍTULO XIV,Os fluidos,Elementos fluídicos,1146,a-genese:section:84ab2b2a6fc87c84,84ab2b2a6fc87c84,section,Elementos fluídicos,exact,1.0,keep
5,A Gênese,4986,82,content,null,CAPÍTULO XIV,Os fluidos,Formação e propriedades do perispírito,1432,a-genese:section:504a3793dbd588a0,504a3793dbd588a0,section,Formação e propriedades do perispírito,exact,1.0,keep
5,A Gênese,4987,83,content,null,CAPÍTULO XIV,Os fluidos,fluídicas. Fotografia do pensamento,759,a-genese:chapter:a0051f14fb2993f9,a0051f14fb2993f9,chapter,Os fluidos,chapter-aggregate,0.6,split
5,A Gênese,4988,84,content,null,CAPÍTULO XIV,Os fluidos,Qualidades dos fluidos,1278,a-genese:section:ff6d5ed7de16fd9c,ff6d5ed7de16fd9c,section,Qualidades dos fluidos,exact,1.0,keep
5,A Gênese,4989,85,content,null,CAPÍTULO XIV,Os fluidos,vista. Sonambulismo. Sonhos,1413,a-genese:chapter:a0051f14fb2993f9,a0051f14fb2993f9,chapter,Os fluidos,chapter-aggregate,0.6,split
5,A Gênese,4990,86,content,null,CAPÍTULO XIV,Os fluidos,Catalepsia. Ressurreições,541,a-genese:section:04c14ec163e76c33,04c14ec163e76c33,section,Catalepsia. Ressurreições,exact,1.0,keep
5,A Gênese,4991,87,content,null,CAPÍTULO XIV,Os fluidos,Curas,545,a-genese:section:5282179c191b4d14,5282179c191b4d14,section,Curas,exact,1.0,keep
5,A Gênese,4992,88,content,null,CAPÍTULO XIV,Os fluidos,Aparições. Transfigurações,1142,a-genese:section:2b1b0aa088a95d41,2b1b0aa088a95d41,section,Aparições. Transfigurações,exact,1.0,keep
5,A Gênese,4993,89,content,null,CAPÍTULO XIV,Os fluidos,Manifestações físicas. Mediunidade,1290,a-genese:section:763f26f4ac26b321,763f26f4ac26b321,section,Manifestações físicas. Mediunidade,exact,1.0,keep
5,A Gênese,4994,90,content,null,CAPÍTULO XIV,Os fluidos,Obsessões e possessões,1238,a-genese:section:57048f469c2e0233,57048f469c2e0233,section,Obsessões e possessões,exact,1.0,keep
5,A Gênese,4995,91,chapter_intro,null,CAPÍTULO XV,Os milagres do Evangelho,null,50,a-genese:chapter:b40691f78ebdfee6,b40691f78ebdfee6,chapter,Os milagres do Evangelho,chapter,1.0,keep
5,A Gênese,4996,92,content,null,CAPÍTULO XV,Os milagres do Evangelho,Superioridade da natureza de Jesus,600,a-genese:section:5ee5fda8b564eb0a,5ee5fda8b564eb0a,section,Superioridade da natureza de Jesus,exact,1.0,keep
5,A Gênese,4997,93,content,null,CAPÍTULO XV,Os milagres do Evangelho,Sonhos,177,a-genese:section:32b327202c62a090,32b327202c62a090,section,Sonhos,exact,1.0,keep
5,A Gênese,4998,94,content,null,CAPÍTULO XV,Os milagres do Evangelho,Estrela dos magos,211,a-genese:section:a5c717f7405c7ec9,a5c717f7405c7ec9,section,Estrela dos magos,exact,1.0,keep
5,A Gênese,4999,95,content,null,CAPÍTULO XV,Os milagres do Evangelho,Entrada de jesus em jerusalém,151,a-genese:section:c7cf5ffb3cb3188b,c7cf5ffb3cb3188b,section,Entrada de Jesus em Jerusalém,exact,1.0,keep
5,A Gênese,5000,96,content,null,CAPÍTULO XV,Os milagres do Evangelho,Beijo de judas,125,a-genese:section:cd85c68eb2262bf9,cd85c68eb2262bf9,section,Beijo de Judas,exact,1.0,keep
5,A Gênese,5001,97,content,null,CAPÍTULO XV,Os milagres do Evangelho,Pesca milagrosa,158,a-genese:section:a85c0816e8f68a12,a85c0816e8f68a12,section,Pesca milagrosa,exact,1.0,keep
5,A Gênese,5002,98,content,null,CAPÍTULO XV,Os milagres do Evangelho,"Vocação de pedro, andré, tiago, joão e mateus",491,a-genese:section:4f4cf31e97acbd93,4f4cf31e97acbd93,section,"Vocação de Pedro, André, Tiago, João e Mateus",exact,1.0,keep
5,A Gênese,5003,99,content,null,CAPÍTULO XV,Os milagres do Evangelho,Perda de sangue,471,a-genese:section:d2dec5911463f0e2,d2dec5911463f0e2,section,Perda de sangue,exact,1.0,keep
5,A Gênese,5004,100,content,null,CAPÍTULO XV,Os milagres do Evangelho,Cego de betsaida,171,a-genese:section:3cd1246688c9ba8c,3cd1246688c9ba8c,section,Cego de Betsaida,exact,1.0,keep
5,A Gênese,5005,101,content,null,CAPÍTULO XV,Os milagres do Evangelho,Paralítico,342,a-genese:section:6fa7de66077f89e9,6fa7de66077f89e9,section,Paralítico,exact,1.0,keep
5,A Gênese,5006,102,content,null,CAPÍTULO XV,Os milagres do Evangelho,Os dez leprosos,301,a-genese:section:d08a4639e310654b,d08a4639e310654b,section,Os dez leprosos,exact,1.0,keep
5,A Gênese,5007,103,content,null,CAPÍTULO XV,Os milagres do Evangelho,Mão seca,201,a-genese:section:0a3bb35cc3bcf470,0a3bb35cc3bcf470,section,Mão seca,exact,1.0,keep
5,A Gênese,5008,104,content,null,CAPÍTULO XV,Os milagres do Evangelho,A mulher curvada,230,a-genese:section:d2d73f978eec0bfc,d2d73f978eec0bfc,section,A mulher curvada,exact,1.0,keep
5,A Gênese,5009,105,content,null,CAPÍTULO XV,Os milagres do Evangelho,O paralítico da piscina,722,a-genese:section:2fed683d6cf78f7b,2fed683d6cf78f7b,section,O paralítico da piscina,exact,1.0,keep
5,A Gênese,5010,106,content,null,CAPÍTULO XV,Os milagres do Evangelho,Cego de nascença,1269,a-genese:section:5600647ce64e19ab,5600647ce64e19ab,section,Cego de nascença,exact,1.0,keep
5,A Gênese,5011,107,content,null,CAPÍTULO XV,Os milagres do Evangelho,Numerosas curas operadas por jesus,484,a-genese:section:eefd323f5810215d,eefd323f5810215d,section,Numerosas curas operadas por Jesus,exact,1.0,keep
5,A Gênese,5012,108,content,null,CAPÍTULO XV,Os milagres do Evangelho,Possessos,1243,a-genese:section:6ab7af16ca97b195,6ab7af16ca97b195,section,Possessos,exact,1.0,keep
5,A Gênese,5013,109,content,null,CAPÍTULO XV,Os milagres do Evangelho,A filha de jairo,441,a-genese:section:0bb783dc777c3db0,0bb783dc777c3db0,section,A filha de Jairo,exact,1.0,keep
5,A Gênese,5014,110,content,null,CAPÍTULO XV,Os milagres do Evangelho,O FILHO DA VIÚVA DE NªIM,731,a-genese:section:7cf60f3bfebb6f7a,7cf60f3bfebb6f7a,section,O filho da viúva de Naim,exact,1.0,keep
5,A Gênese,5015,111,content,null,CAPÍTULO XV,Os milagres do Evangelho,Jesus caminha sobre a água,335,a-genese:section:03599811358d3112,03599811358d3112,section,Jesus caminha sobre a água,exact,1.0,keep
5,A Gênese,5016,112,content,null,CAPÍTULO XV,Os milagres do Evangelho,Transfiguração,380,a-genese:section:e685619111a28451,e685619111a28451,section,Transfiguração,exact,1.0,keep
5,A Gênese,5017,113,content,null,CAPÍTULO XV,Os milagres do Evangelho,Tempestade aplacada,213,a-genese:section:358638f98cef5859,358638f98cef5859,section,Tempestade aplacada,exact,1.0,keep
5,A Gênese,5018,114,content,null,CAPÍTULO XV,Os milagres do Evangelho,Bodas de Caná,374,a-genese:section:8f59906cb58239ad,8f59906cb58239ad,section,Bodas de Caná,exact,1.0,keep
5,A Gênese,5019,115,content,null,CAPÍTULO XV,Os milagres do Evangelho,Multiplicação dos pães,320,a-genese:group:4988e6678cbe7757,4988e6678cbe7757,group,Multiplicação dos pães,exact,1.0,keep
5,A Gênese,5020,116,content,null,CAPÍTULO XV,Os milagres do Evangelho,O fermento dos fariseus,128,a-genese:section:c165b29614e1b147,c165b29614e1b147,section,O fermento dos fariseus,exact,1.0,keep
5,A Gênese,5021,117,content,null,CAPÍTULO XV,Os milagres do Evangelho,O pão do céu,740,a-genese:section:5591375472e3f0b2,5591375472e3f0b2,section,O pão do céu,exact,1.0,keep
5,A Gênese,5022,118,content,null,CAPÍTULO XV,Os milagres do Evangelho,Tentação de Jesus,524,a-genese:section:2053f2faf93a3a13,2053f2faf93a3a13,section,Tentação de Jesus,exact,1.0,keep
5,A Gênese,5023,119,content,null,CAPÍTULO XV,Os milagres do Evangelho,Prodígios por ocasião da morte de Jesus,359,a-genese:section:662ad53ce60d3732,662ad53ce60d3732,section,Prodígios por ocasião da morte de Jesus,exact,1.0,keep
5,A Gênese,5024,120,content,null,CAPÍTULO XV,Os milagres do Evangelho,Aparição de Jesus após sua morte,2150,a-genese:section:571992d8e2e200a2,571992d8e2e200a2,section,Aparição de Jesus após sua morte,exact,1.0,keep
5,A Gênese,5025,121,content,null,CAPÍTULO XV,Os milagres do Evangelho,Desaparecimento do corpo de Jesus,1107,a-genese:section:786a01f3863fcb3a,786a01f3863fcb3a,section,Desaparecimento do corpo de Jesus,exact,1.0,keep
5,A Gênese,5026,122,chapter_intro,null,null,As predições segundo o Espiritismo,null,0,,,,,unmatched,0.0,review
5,A Gênese,5027,123,content,null,null,As predições segundo o Espiritismo,null,16,,,,,unmatched,0.0,review
5,A Gênese,5028,124,chapter_intro,null,CAPÍTULO XVI,Teoria da presciência,null,0,a-genese:chapter:7c0495505da74005,7c0495505da74005,chapter,Teoria da presciência,chapter,1.0,keep
5,A Gênese,5029,125,content,null,CAPÍTULO XVI,Teoria da presciência,null,3458,a-genese:chapter:7c0495505da74005,7c0495505da74005,chapter,Teoria da presciência,chapter-aggregate,0.6,split
5,A Gênese,5030,126,chapter_intro,null,CAPÍTULO XVII,Predições do Evangelho,null,65,a-genese:chapter:1e0437074e7bfda7,1e0437074e7bfda7,chapter,Predições do Evangelho,chapter,1.0,keep
5,A Gênese,5031,127,content,null,CAPÍTULO XVII,Predições do Evangelho,Ninguém é profeta em sua terra,870,a-genese:section:a2f6c0226e8ddb4d,a2f6c0226e8ddb4d,section,Ninguém é profeta em sua terra,exact,1.0,keep
5,A Gênese,5032,128,content,null,CAPÍTULO XVII,Predições do Evangelho,Morte e paixão de Jesus,464,a-genese:section:2ef83aeba52d44ca,2ef83aeba52d44ca,section,Morte e paixão de Jesus,exact,1.0,keep
5,A Gênese,5033,129,content,null,CAPÍTULO XVII,Predições do Evangelho,Perseguição aos apóstolos,232,a-genese:section:8548ec2cd72724af,8548ec2cd72724af,section,Perseguição aos apóstolos,exact,1.0,keep
5,A Gênese,5034,130,content,null,CAPÍTULO XVII,Predições do Evangelho,Cidades impenitentes,130,a-genese:section:c6e762b20f963639,c6e762b20f963639,section,Cidades impenitentes,exact,1.0,keep
5,A Gênese,5035,131,content,null,CAPÍTULO XVII,Predições do Evangelho,Ruína do Templo e de Jerusalém,661,a-genese:section:c301b9930af2a76c,c301b9930af2a76c,section,Ruína do Templo e de Jerusalém,exact,1.0,keep
5,A Gênese,5036,132,content,null,CAPÍTULO XVII,Predições do Evangelho,Maldição contra os fariseus,667,a-genese:section:f5fa9d2bd204571c,f5fa9d2bd204571c,section,Maldição contra os fariseus,exact,1.0,keep
5,A Gênese,5037,133,content,null,CAPÍTULO XVII,Predições do Evangelho,Minhas palavras não passarão,358,a-genese:section:1e22622f60c0b15f,1e22622f60c0b15f,section,Minhas palavras não passarão,exact,1.0,keep
5,A Gênese,5038,134,content,null,CAPÍTULO XVII,Predições do Evangelho,A pedra angular,175,a-genese:section:cef857c6b86fb169,cef857c6b86fb169,section,A pedra angular,exact,1.0,keep
5,A Gênese,5039,135,content,null,CAPÍTULO XVII,Predições do Evangelho,Parábola dos vinhateiros homicidas,758,a-genese:section:29d0ac724fb21e9b,29d0ac724fb21e9b,section,Parábola dos vinhateiros homicidas,exact,1.0,keep
5,A Gênese,5040,136,content,null,CAPÍTULO XVII,Predições do Evangelho,Um só rebanho e um só pastor,768,a-genese:section:c532cc0f51097b55,c532cc0f51097b55,section,Um só rebanho e um só pastor,exact,1.0,keep
5,A Gênese,5041,137,content,null,CAPÍTULO XVII,Predições do Evangelho,Advento de Elias,126,a-genese:section:eaf010e15ee2cfe1,eaf010e15ee2cfe1,section,Advento de Elias,exact,1.0,keep
5,A Gênese,5042,138,content,null,CAPÍTULO XVII,Predições do Evangelho,Anunciação do Consolador,1218,a-genese:section:7f32e6b3db1a84c5,7f32e6b3db1a84c5,section,Anunciação do Consolador,exact,1.0,keep
5,A Gênese,5043,139,content,null,CAPÍTULO XVII,Predições do Evangelho,Segundo advento do Cristo,790,a-genese:section:3c46bd51d333964d,3c46bd51d333964d,section,Segundo advento do Cristo,exact,1.0,keep
5,A Gênese,5044,140,content,null,CAPÍTULO XVII,Predições do Evangelho,Sinais precursores,1641,a-genese:section:59a81ce051e6aa04,59a81ce051e6aa04,section,Sinais precursores,exact,1.0,keep
5,A Gênese,5045,141,content,null,CAPÍTULO XVII,Predições do Evangelho,Vossos filhos e vossas filhas profetizarão,340,a-genese:section:2ea119dfa4da1abc,2ea119dfa4da1abc,section,Vossos filhos e vossas filhas profetizarão,exact,1.0,keep
5,A Gênese,5046,142,content,null,CAPÍTULO XVII,Predições do Evangelho,Juízo final,862,a-genese:section:9e3553a3f9843730,9e3553a3f9843730,section,Juízo final,exact,1.0,keep
5,A Gênese,5047,143,chapter_intro,null,CAPÍTULO XVIII,São chegados os tempos,null,7,a-genese:chapter:d24c2b7cab43629a,d24c2b7cab43629a,chapter,São chegados os tempos,chapter,1.0,keep
5,A Gênese,5048,144,content,null,CAPÍTULO XVIII,São chegados os tempos,Sinais dos tempos,5213,a-genese:section:f608d1718b990475,f608d1718b990475,section,Sinais dos tempos,exact,1.0,keep
5,A Gênese,5049,145,content,null,CAPÍTULO XVIII,São chegados os tempos,A geração nova,1544,a-genese:section:ff53a190ca79c2b0,ff53a190ca79c2b0,section,A geração nova,exact,1.0,keep
5,A Gênese,5050,146,content,null,CAPÍTULO XVIII,São chegados os tempos,Nota explicativa,1798,a-genese:chapter:d24c2b7cab43629a,d24c2b7cab43629a,chapter,São chegados os tempos,chapter-aggregate,0.6,split
