book_id,book_title,strategy,canonical_node_id,canonical_source_key,canonical_node_type,canonical_title,canonical_parent_id,canonical_order,coverage_status,linked_current_section_ids,linked_current_count,linked_actions
1,O Livro dos Espíritos,full-staging-reconstruction,o-livro-dos-espiritos:front_matter:6a4738dbc8f85e8c,6a4738dbc8f85e8c,front_matter,Nota da Editora,,1,missing-current-unit,[],0,{}
1,O Livro dos Espíritos,full-staging-reconstruction,o-livro-dos-espiritos:front_matter:b86004f2c1f943fb,b86004f2c1f943fb,front_matter,Introdução ao estudo da Doutrina Espírita,,2,missing-current-unit,[],0,{}
1,O Livro dos Espíritos,full-staging-reconstruction,o-livro-dos-espiritos:front_matter:0e6da772f1cebf11,0e6da772f1cebf11,front_matter,Prolegômenos,,3,covered-role-review,[4160],1,"{""reclassify"": 1}"
1,O Livro dos Espíritos,full-staging-reconstruction,o-livro-dos-espiritos:division:ebde4b3effbf1881,ebde4b3effbf1881,division,PARTE PRIMEIRA — Das causas primárias,,4,covered,[4161],1,"{""keep"": 1}"
1,O Livro dos Espíritos,full-staging-reconstruction,o-livro-dos-espiritos:chapter:872ad5d38ea86464,872ad5d38ea86464,chapter,De Deus,o-livro-dos-espiritos:division:ebde4b3effbf1881,5,covered,[4163],1,"{""keep"": 1}"
1,O Livro dos Espíritos,full-staging-reconstruction,o-livro-dos-espiritos:section:89c605b46f3c6ab9,89c605b46f3c6ab9,section,Deus e o infinito,o-livro-dos-espiritos:chapter:872ad5d38ea86464,6,covered,[4164],1,"{""keep"": 1}"
1,O Livro dos Espíritos,full-staging-reconstruction,o-livro-dos-espiritos:section:b6a20d9c50f11b9b,b6a20d9c50f11b9b,section,Provas da existência de Deus,o-livro-dos-espiritos:chapter:872ad5d38ea86464,7,covered,[4165],1,"{""keep"": 1}"
1,O Livro dos Espíritos,full-staging-reconstruction,o-livro-dos-espiritos:section:ab6709ea61cd283d,ab6709ea61cd283d,section,Atributos da Divindade,o-livro-dos-espiritos:chapter:872ad5d38ea86464,8,covered,[4166],1,"{""keep"": 1}"
1,O Livro dos Espíritos,full-staging-reconstruction,o-livro-dos-espiritos:section:bc4e273d707c1d95,bc4e273d707c1d95,section,Panteísmo,o-livro-dos-espiritos:chapter:872ad5d38ea86464,9,covered,[4167],1,"{""keep"": 1}"
1,O Livro dos Espíritos,full-staging-reconstruction,o-livro-dos-espiritos:chapter:0f21e3591c06280b,0f21e3591c06280b,chapter,Dos elementos gerais do Universo,o-livro-dos-espiritos:division:ebde4b3effbf1881,10,covered,[4168],1,"{""keep"": 1}"
1,O Livro dos Espíritos,full-staging-reconstruction,o-livro-dos-espiritos:section:1a43423b52e02301,1a43423b52e02301,section,Conhecimento do princípio das coisas,o-livro-dos-espiritos:chapter:0f21e3591c06280b,11,covered,[4169],1,"{""keep"": 1}"
1,O Livro dos Espíritos,full-staging-reconstruction,o-livro-dos-espiritos:section:d18124090b9e82aa,d18124090b9e82aa,section,Espírito e matéria,o-livro-dos-espiritos:chapter:0f21e3591c06280b,12,covered,[4170],1,"{""keep"": 1}"
1,O Livro dos Espíritos,full-staging-reconstruction,o-livro-dos-espiritos:section:d1584aaf395ff8a3,d1584aaf395ff8a3,section,Propriedades da matéria,o-livro-dos-espiritos:chapter:0f21e3591c06280b,13,covered,[4171],1,"{""keep"": 1}"
1,O Livro dos Espíritos,full-staging-reconstruction,o-livro-dos-espiritos:section:0bb24a2586a2e15a,0bb24a2586a2e15a,section,Espaço universal,o-livro-dos-espiritos:chapter:0f21e3591c06280b,14,covered,[4172],1,"{""keep"": 1}"
1,O Livro dos Espíritos,full-staging-reconstruction,o-livro-dos-espiritos:chapter:e2cb7feb2d244637,e2cb7feb2d244637,chapter,Da criação,o-livro-dos-espiritos:division:ebde4b3effbf1881,15,multiple-current-records,"[4173, 4179]",2,"{""keep"": 1, ""split"": 1}"
1,O Livro dos Espíritos,full-staging-reconstruction,o-livro-dos-espiritos:section:f7eb03ad22487fd3,f7eb03ad22487fd3,section,Formação dos mundos,o-livro-dos-espiritos:chapter:e2cb7feb2d244637,16,covered,[4174],1,"{""keep"": 1}"
1,O Livro dos Espíritos,full-staging-reconstruction,o-livro-dos-espiritos:section:b0f43c5b7491d2bf,b0f43c5b7491d2bf,section,Formação dos seres vivos,o-livro-dos-espiritos:chapter:e2cb7feb2d244637,17,covered,[4175],1,"{""keep"": 1}"
1,O Livro dos Espíritos,full-staging-reconstruction,o-livro-dos-espiritos:section:a340ad23aff9f0e9,a340ad23aff9f0e9,section,Povoamento da Terra. Adão,o-livro-dos-espiritos:chapter:e2cb7feb2d244637,18,covered,[4176],1,"{""keep"": 1}"
1,O Livro dos Espíritos,full-staging-reconstruction,o-livro-dos-espiritos:section:36056597aad6f488,36056597aad6f488,section,Diversidade das raças humanas,o-livro-dos-espiritos:chapter:e2cb7feb2d244637,19,covered,[4177],1,"{""keep"": 1}"
1,O Livro dos Espíritos,full-staging-reconstruction,o-livro-dos-espiritos:section:44cc4a330291f43f,44cc4a330291f43f,section,Pluralidade dos mundos,o-livro-dos-espiritos:chapter:e2cb7feb2d244637,20,covered,[4178],1,"{""keep"": 1}"
1,O Livro dos Espíritos,full-staging-reconstruction,o-livro-dos-espiritos:section:61d3614daa61521c,61d3614daa61521c,section,Considerações e concordâncias bíblicas concernentes à Criação,o-livro-dos-espiritos:chapter:e2cb7feb2d244637,21,missing-current-unit,[],0,{}
1,O Livro dos Espíritos,full-staging-reconstruction,o-livro-dos-espiritos:chapter:fbf5afa69b837271,fbf5afa69b837271,chapter,Do princípio vital,o-livro-dos-espiritos:division:ebde4b3effbf1881,22,covered,[4180],1,"{""keep"": 1}"
1,O Livro dos Espíritos,full-staging-reconstruction,o-livro-dos-espiritos:section:048e354ea05b4ae4,048e354ea05b4ae4,section,Seres orgânicos e inorgânicos,o-livro-dos-espiritos:chapter:fbf5afa69b837271,23,covered,[4181],1,"{""keep"": 1}"
1,O Livro dos Espíritos,full-staging-reconstruction,o-livro-dos-espiritos:section:6b2ac889843632cd,6b2ac889843632cd,section,A vida e a morte,o-livro-dos-espiritos:chapter:fbf5afa69b837271,24,covered,[4182],1,"{""keep"": 1}"
1,O Livro dos Espíritos,full-staging-reconstruction,o-livro-dos-espiritos:section:60bfb323273be3de,60bfb323273be3de,section,Inteligência e instinto,o-livro-dos-espiritos:chapter:fbf5afa69b837271,25,covered,[4183],1,"{""keep"": 1}"
1,O Livro dos Espíritos,full-staging-reconstruction,o-livro-dos-espiritos:division:20ca3a4d1b9795b2,20ca3a4d1b9795b2,division,PARTE SEGUNDA — Do mundo espírita ou mundo dos Espíritos,,26,covered,[4184],1,"{""keep"": 1}"
1,O Livro dos Espíritos,full-staging-reconstruction,o-livro-dos-espiritos:chapter:4a7586bee3a51565,4a7586bee3a51565,chapter,Dos Espíritos,o-livro-dos-espiritos:division:20ca3a4d1b9795b2,27,covered,[4186],1,"{""keep"": 1}"
1,O Livro dos Espíritos,full-staging-reconstruction,o-livro-dos-espiritos:section:272497554a8d6863,272497554a8d6863,section,Origem e natureza dos Espíritos,o-livro-dos-espiritos:chapter:4a7586bee3a51565,28,covered,[4187],1,"{""keep"": 1}"
1,O Livro dos Espíritos,full-staging-reconstruction,o-livro-dos-espiritos:section:1fef70d32f93dd1e,1fef70d32f93dd1e,section,Mundo normal primitivo,o-livro-dos-espiritos:chapter:4a7586bee3a51565,29,covered,[4188],1,"{""keep"": 1}"
1,O Livro dos Espíritos,full-staging-reconstruction,o-livro-dos-espiritos:section:1cb41316817bc6a9,1cb41316817bc6a9,section,Forma e ubiquidade dos Espíritos,o-livro-dos-espiritos:chapter:4a7586bee3a51565,30,covered,[4189],1,"{""keep"": 1}"
1,O Livro dos Espíritos,full-staging-reconstruction,o-livro-dos-espiritos:section:abad294a42268a74,abad294a42268a74,section,Perispírito,o-livro-dos-espiritos:chapter:4a7586bee3a51565,31,covered,[4190],1,"{""keep"": 1}"
1,O Livro dos Espíritos,full-staging-reconstruction,o-livro-dos-espiritos:section:cb7ab7ca5a1482a2,cb7ab7ca5a1482a2,section,Diferentes ordens de Espíritos,o-livro-dos-espiritos:chapter:4a7586bee3a51565,32,covered,[4191],1,"{""keep"": 1}"
1,O Livro dos Espíritos,full-staging-reconstruction,o-livro-dos-espiritos:section:56956d1982806155,56956d1982806155,section,Escala espírita,o-livro-dos-espiritos:chapter:4a7586bee3a51565,33,covered,[4192],1,"{""keep"": 1}"
1,O Livro dos Espíritos,full-staging-reconstruction,o-livro-dos-espiritos:section:902491b971ec7953,902491b971ec7953,section,Terceira ordem – Espíritos imperfeitos,o-livro-dos-espiritos:chapter:4a7586bee3a51565,34,covered,[4193],1,"{""keep"": 1}"
1,O Livro dos Espíritos,full-staging-reconstruction,o-livro-dos-espiritos:section:595bfbb3f2d01e65,595bfbb3f2d01e65,section,Segunda ordem – Bons Espíritos,o-livro-dos-espiritos:chapter:4a7586bee3a51565,35,covered,[4194],1,"{""keep"": 1}"
1,O Livro dos Espíritos,full-staging-reconstruction,o-livro-dos-espiritos:section:c05e53894280b35e,c05e53894280b35e,section,Primeira Ordem – Espíritos puros,o-livro-dos-espiritos:chapter:4a7586bee3a51565,36,covered,[4195],1,"{""keep"": 1}"
1,O Livro dos Espíritos,full-staging-reconstruction,o-livro-dos-espiritos:section:518d77310533f5b2,518d77310533f5b2,section,Progressão dos Espíritos,o-livro-dos-espiritos:chapter:4a7586bee3a51565,37,covered,[4196],1,"{""keep"": 1}"
1,O Livro dos Espíritos,full-staging-reconstruction,o-livro-dos-espiritos:section:5eb83ed8dd360709,5eb83ed8dd360709,section,Anjos e demônios,o-livro-dos-espiritos:chapter:4a7586bee3a51565,38,covered,[4197],1,"{""keep"": 1}"
1,O Livro dos Espíritos,full-staging-reconstruction,o-livro-dos-espiritos:chapter:c5dea371968b57af,c5dea371968b57af,chapter,Da encarnação dos Espíritos,o-livro-dos-espiritos:division:20ca3a4d1b9795b2,39,covered,[4198],1,"{""keep"": 1}"
1,O Livro dos Espíritos,full-staging-reconstruction,o-livro-dos-espiritos:section:d5756c37f84f451c,d5756c37f84f451c,section,Objetivo da encarnação,o-livro-dos-espiritos:chapter:c5dea371968b57af,40,covered,[4199],1,"{""keep"": 1}"
1,O Livro dos Espíritos,full-staging-reconstruction,o-livro-dos-espiritos:section:9747ad34f814e1ee,9747ad34f814e1ee,section,A alma,o-livro-dos-espiritos:chapter:c5dea371968b57af,41,covered,[4200],1,"{""keep"": 1}"
1,O Livro dos Espíritos,full-staging-reconstruction,o-livro-dos-espiritos:section:a21109031efa7f44,a21109031efa7f44,section,Materialismo,o-livro-dos-espiritos:chapter:c5dea371968b57af,42,covered,[4201],1,"{""keep"": 1}"
1,O Livro dos Espíritos,full-staging-reconstruction,o-livro-dos-espiritos:chapter:c37ec5f131ccad39,c37ec5f131ccad39,chapter,"Da volta do Espírito, extinta a vida corpórea, à vida espiritual",o-livro-dos-espiritos:division:20ca3a4d1b9795b2,43,covered,[4202],1,"{""keep"": 1}"
1,O Livro dos Espíritos,full-staging-reconstruction,o-livro-dos-espiritos:section:8668b32e34d99e27,8668b32e34d99e27,section,"A alma após a morte, sua individualidade. Vida eterna",o-livro-dos-espiritos:chapter:c37ec5f131ccad39,44,covered,[4203],1,"{""keep"": 1}"
1,O Livro dos Espíritos,full-staging-reconstruction,o-livro-dos-espiritos:section:bc47f7c7ef4d7f99,bc47f7c7ef4d7f99,section,Separação da alma e do corpo,o-livro-dos-espiritos:chapter:c37ec5f131ccad39,45,covered,[4204],1,"{""keep"": 1}"
1,O Livro dos Espíritos,full-staging-reconstruction,o-livro-dos-espiritos:section:accd480ba10e514f,accd480ba10e514f,section,Perturbação espiritual,o-livro-dos-espiritos:chapter:c37ec5f131ccad39,46,covered,[4205],1,"{""keep"": 1}"
1,O Livro dos Espíritos,full-staging-reconstruction,o-livro-dos-espiritos:chapter:d4e7ef1f4ae78d93,d4e7ef1f4ae78d93,chapter,Da pluralidade das existências,o-livro-dos-espiritos:division:20ca3a4d1b9795b2,47,covered,[4206],1,"{""keep"": 1}"
1,O Livro dos Espíritos,full-staging-reconstruction,o-livro-dos-espiritos:section:f58c3fdcee27f162,f58c3fdcee27f162,section,A reencarnação,o-livro-dos-espiritos:chapter:d4e7ef1f4ae78d93,48,covered,[4207],1,"{""keep"": 1}"
1,O Livro dos Espíritos,full-staging-reconstruction,o-livro-dos-espiritos:section:9f31dcbf65b822bc,9f31dcbf65b822bc,section,Justiça da reencarnação,o-livro-dos-espiritos:chapter:d4e7ef1f4ae78d93,49,covered,[4208],1,"{""keep"": 1}"
1,O Livro dos Espíritos,full-staging-reconstruction,o-livro-dos-espiritos:section:9cb67401ccf0b315,9cb67401ccf0b315,section,Encarnação nos diferentes mundos,o-livro-dos-espiritos:chapter:d4e7ef1f4ae78d93,50,covered,[4209],1,"{""keep"": 1}"
1,O Livro dos Espíritos,full-staging-reconstruction,o-livro-dos-espiritos:section:7ca038dcc3f96b91,7ca038dcc3f96b91,section,Transmigrações progressivas,o-livro-dos-espiritos:chapter:d4e7ef1f4ae78d93,51,covered,[4210],1,"{""keep"": 1}"
1,O Livro dos Espíritos,full-staging-reconstruction,o-livro-dos-espiritos:section:454114085bccca65,454114085bccca65,section,Sorte das crianças depois da morte,o-livro-dos-espiritos:chapter:d4e7ef1f4ae78d93,52,covered,[4211],1,"{""keep"": 1}"
1,O Livro dos Espíritos,full-staging-reconstruction,o-livro-dos-espiritos:section:54413ba9d6215c09,54413ba9d6215c09,section,Sexos nos Espíritos,o-livro-dos-espiritos:chapter:d4e7ef1f4ae78d93,53,covered,[4212],1,"{""keep"": 1}"
1,O Livro dos Espíritos,full-staging-reconstruction,o-livro-dos-espiritos:section:95c3281bb251f370,95c3281bb251f370,section,"Parentesco, filiação",o-livro-dos-espiritos:chapter:d4e7ef1f4ae78d93,54,covered,[4213],1,"{""keep"": 1}"
1,O Livro dos Espíritos,full-staging-reconstruction,o-livro-dos-espiritos:section:c6ba1093822abee7,c6ba1093822abee7,section,Parecenças físicas e morais,o-livro-dos-espiritos:chapter:d4e7ef1f4ae78d93,55,covered,[4214],1,"{""keep"": 1}"
1,O Livro dos Espíritos,full-staging-reconstruction,o-livro-dos-espiritos:section:9cf75f20d8694837,9cf75f20d8694837,section,Ideias inatas,o-livro-dos-espiritos:chapter:d4e7ef1f4ae78d93,56,covered,[4215],1,"{""keep"": 1}"
1,O Livro dos Espíritos,full-staging-reconstruction,o-livro-dos-espiritos:chapter:107a6b5c0c461c16,107a6b5c0c461c16,chapter,Considerações sobre a pluralidade das existências,o-livro-dos-espiritos:division:20ca3a4d1b9795b2,57,multiple-current-records,"[4216, 4217]",2,"{""keep"": 1, ""split"": 1}"
1,O Livro dos Espíritos,full-staging-reconstruction,o-livro-dos-espiritos:chapter:d30952b47f4ea17f,d30952b47f4ea17f,chapter,Da vida espírita,o-livro-dos-espiritos:division:20ca3a4d1b9795b2,58,multiple-current-records,"[4218, 4225]",2,"{""keep"": 1, ""split"": 1}"
1,O Livro dos Espíritos,full-staging-reconstruction,o-livro-dos-espiritos:section:ba14a0660fcb6a67,ba14a0660fcb6a67,section,Espíritos errantes,o-livro-dos-espiritos:chapter:d30952b47f4ea17f,59,covered,[4219],1,"{""keep"": 1}"
1,O Livro dos Espíritos,full-staging-reconstruction,o-livro-dos-espiritos:section:8072049a59ae2088,8072049a59ae2088,section,Mundos transitórios,o-livro-dos-espiritos:chapter:d30952b47f4ea17f,60,covered,[4220],1,"{""keep"": 1}"
1,O Livro dos Espíritos,full-staging-reconstruction,o-livro-dos-espiritos:section:e9c2b2edfcbe0bc6,e9c2b2edfcbe0bc6,section,"Percepções, sensações e sofrimentos dos Espíritos",o-livro-dos-espiritos:chapter:d30952b47f4ea17f,61,covered,[4221],1,"{""keep"": 1}"
1,O Livro dos Espíritos,full-staging-reconstruction,o-livro-dos-espiritos:section:a8def8a3e1698c75,a8def8a3e1698c75,section,Ensaio teórico da sensação nos Espíritos,o-livro-dos-espiritos:chapter:d30952b47f4ea17f,62,covered,[4222],1,"{""keep"": 1}"
1,O Livro dos Espíritos,full-staging-reconstruction,o-livro-dos-espiritos:section:3b7d85819a5ad978,3b7d85819a5ad978,section,Escolha das provas,o-livro-dos-espiritos:chapter:d30952b47f4ea17f,63,covered,[4223],1,"{""keep"": 1}"
1,O Livro dos Espíritos,full-staging-reconstruction,o-livro-dos-espiritos:section:9d4cc803c6779464,9d4cc803c6779464,section,As relações no além-túmulo,o-livro-dos-espiritos:chapter:d30952b47f4ea17f,64,covered,[4224],1,"{""keep"": 1}"
1,O Livro dos Espíritos,full-staging-reconstruction,o-livro-dos-espiritos:section:409fef0d24a4496f,409fef0d24a4496f,section,Relações de simpatia e de antipatia entre os Espíritos. Metades eternas,o-livro-dos-espiritos:chapter:d30952b47f4ea17f,65,missing-current-unit,[],0,{}
1,O Livro dos Espíritos,full-staging-reconstruction,o-livro-dos-espiritos:section:d70bebcb0f947a7e,d70bebcb0f947a7e,section,Recordação da existência corpórea,o-livro-dos-espiritos:chapter:d30952b47f4ea17f,66,covered,[4226],1,"{""keep"": 1}"
1,O Livro dos Espíritos,full-staging-reconstruction,o-livro-dos-espiritos:section:5907b72503715c4b,5907b72503715c4b,section,Comemoração dos mortos. Funerais,o-livro-dos-espiritos:chapter:d30952b47f4ea17f,67,covered,[4227],1,"{""keep"": 1}"
1,O Livro dos Espíritos,full-staging-reconstruction,o-livro-dos-espiritos:chapter:8ca1225ae9943fd1,8ca1225ae9943fd1,chapter,Da volta do Espírito à vida corporal,o-livro-dos-espiritos:division:20ca3a4d1b9795b2,68,covered,[4228],1,"{""keep"": 1}"
1,O Livro dos Espíritos,full-staging-reconstruction,o-livro-dos-espiritos:section:450b9643d755446c,450b9643d755446c,section,Prelúdio da volta,o-livro-dos-espiritos:chapter:8ca1225ae9943fd1,69,covered,[4229],1,"{""keep"": 1}"
1,O Livro dos Espíritos,full-staging-reconstruction,o-livro-dos-espiritos:section:a9bb848afa81a2a1,a9bb848afa81a2a1,section,União da alma e do corpo,o-livro-dos-espiritos:chapter:8ca1225ae9943fd1,70,covered,[4230],1,"{""keep"": 1}"
1,O Livro dos Espíritos,full-staging-reconstruction,o-livro-dos-espiritos:section:4ead136f4600fc88,4ead136f4600fc88,section,Faculdades morais e intelectuais do homem,o-livro-dos-espiritos:chapter:8ca1225ae9943fd1,71,covered,[4231],1,"{""keep"": 1}"
1,O Livro dos Espíritos,full-staging-reconstruction,o-livro-dos-espiritos:section:2417c1f7bd00cb43,2417c1f7bd00cb43,section,Influência do organismo,o-livro-dos-espiritos:chapter:8ca1225ae9943fd1,72,covered,[4232],1,"{""keep"": 1}"
1,O Livro dos Espíritos,full-staging-reconstruction,o-livro-dos-espiritos:section:a1dc5aa96d3c2c79,a1dc5aa96d3c2c79,section,"Idiotismo, loucura",o-livro-dos-espiritos:chapter:8ca1225ae9943fd1,73,covered,[4233],1,"{""keep"": 1}"
1,O Livro dos Espíritos,full-staging-reconstruction,o-livro-dos-espiritos:section:4f911ca0d4cab845,4f911ca0d4cab845,section,A infância,o-livro-dos-espiritos:chapter:8ca1225ae9943fd1,74,covered,[4234],1,"{""keep"": 1}"
1,O Livro dos Espíritos,full-staging-reconstruction,o-livro-dos-espiritos:section:2861ddb73f68e4e1,2861ddb73f68e4e1,section,Simpatia e antipatia terrenas,o-livro-dos-espiritos:chapter:8ca1225ae9943fd1,75,covered,[4235],1,"{""keep"": 1}"
1,O Livro dos Espíritos,full-staging-reconstruction,o-livro-dos-espiritos:section:e69d3686e0e0318e,e69d3686e0e0318e,section,Esquecimento do passado,o-livro-dos-espiritos:chapter:8ca1225ae9943fd1,76,covered,[4236],1,"{""keep"": 1}"
1,O Livro dos Espíritos,full-staging-reconstruction,o-livro-dos-espiritos:chapter:d46c925f0d53d40f,d46c925f0d53d40f,chapter,Da emancipação da alma,o-livro-dos-espiritos:division:20ca3a4d1b9795b2,77,covered,[4237],1,"{""keep"": 1}"
1,O Livro dos Espíritos,full-staging-reconstruction,o-livro-dos-espiritos:section:e9e470c3c53e7719,e9e470c3c53e7719,section,O sono e os sonhos,o-livro-dos-espiritos:chapter:d46c925f0d53d40f,78,covered,[4238],1,"{""keep"": 1}"
1,O Livro dos Espíritos,full-staging-reconstruction,o-livro-dos-espiritos:section:262973c40564b80e,262973c40564b80e,section,Visitas espíritas entre pessoas vivas,o-livro-dos-espiritos:chapter:d46c925f0d53d40f,79,covered,[4239],1,"{""keep"": 1}"
1,O Livro dos Espíritos,full-staging-reconstruction,o-livro-dos-espiritos:section:2fdf476a3c6ece2a,2fdf476a3c6ece2a,section,Transmissão oculta do pensamento,o-livro-dos-espiritos:chapter:d46c925f0d53d40f,80,covered,[4240],1,"{""keep"": 1}"
1,O Livro dos Espíritos,full-staging-reconstruction,o-livro-dos-espiritos:section:cb9f1b48c21ad762,cb9f1b48c21ad762,section,"Letargia, catalepsia, mortes aparentes",o-livro-dos-espiritos:chapter:d46c925f0d53d40f,81,covered,[4241],1,"{""keep"": 1}"
1,O Livro dos Espíritos,full-staging-reconstruction,o-livro-dos-espiritos:section:bd8a2ebd31a4dbbb,bd8a2ebd31a4dbbb,section,Sonambulismo,o-livro-dos-espiritos:chapter:d46c925f0d53d40f,82,covered,[4242],1,"{""keep"": 1}"
1,O Livro dos Espíritos,full-staging-reconstruction,o-livro-dos-espiritos:section:d9493f5d86c5b461,d9493f5d86c5b461,section,Êxtase,o-livro-dos-espiritos:chapter:d46c925f0d53d40f,83,covered,[4243],1,"{""keep"": 1}"
1,O Livro dos Espíritos,full-staging-reconstruction,o-livro-dos-espiritos:section:5e62a81a3b023d59,5e62a81a3b023d59,section,Dupla vista,o-livro-dos-espiritos:chapter:d46c925f0d53d40f,84,covered,[4244],1,"{""keep"": 1}"
1,O Livro dos Espíritos,full-staging-reconstruction,o-livro-dos-espiritos:section:f917af7a3e27ed4a,f917af7a3e27ed4a,section,"Resumo teórico do sonambulismo, do êxtase e da dupla vista",o-livro-dos-espiritos:chapter:d46c925f0d53d40f,85,covered,[4245],1,"{""keep"": 1}"
1,O Livro dos Espíritos,full-staging-reconstruction,o-livro-dos-espiritos:chapter:5d6fba1a034ccb46,5d6fba1a034ccb46,chapter,Da intervenção dos Espíritos no mundo corporal,o-livro-dos-espiritos:division:20ca3a4d1b9795b2,86,multiple-current-records,"[4246, 4247, 4252]",3,"{""keep"": 1, ""split"": 2}"
1,O Livro dos Espíritos,full-staging-reconstruction,o-livro-dos-espiritos:section:e988e8b4c89a2bdd,e988e8b4c89a2bdd,section,Faculdade que têm os Espíritos de penetrar os nossos pensamentos,o-livro-dos-espiritos:chapter:5d6fba1a034ccb46,87,missing-current-unit,[],0,{}
1,O Livro dos Espíritos,full-staging-reconstruction,o-livro-dos-espiritos:section:0b57880f626dea52,0b57880f626dea52,section,Influência oculta dos Espíritos em nossos pensamentos e atos,o-livro-dos-espiritos:chapter:5d6fba1a034ccb46,88,covered,[4248],1,"{""keep"": 1}"
1,O Livro dos Espíritos,full-staging-reconstruction,o-livro-dos-espiritos:section:bdeb8be7a8aaa867,bdeb8be7a8aaa867,section,Possessos,o-livro-dos-espiritos:chapter:5d6fba1a034ccb46,89,covered,[4249],1,"{""keep"": 1}"
1,O Livro dos Espíritos,full-staging-reconstruction,o-livro-dos-espiritos:section:4bf1c0e173d858f7,4bf1c0e173d858f7,section,Convulsionários,o-livro-dos-espiritos:chapter:5d6fba1a034ccb46,90,covered,[4250],1,"{""keep"": 1}"
1,O Livro dos Espíritos,full-staging-reconstruction,o-livro-dos-espiritos:section:4396a63cb3f1bab1,4396a63cb3f1bab1,section,Afeição que os Espíritos votam a certas pessoas,o-livro-dos-espiritos:chapter:5d6fba1a034ccb46,91,covered,[4251],1,"{""keep"": 1}"
1,O Livro dos Espíritos,full-staging-reconstruction,o-livro-dos-espiritos:section:e4e36465656a68de,e4e36465656a68de,section,"Anjos da guarda. Espíritos protetores, familiares ou simpáticos",o-livro-dos-espiritos:chapter:5d6fba1a034ccb46,92,missing-current-unit,[],0,{}
1,O Livro dos Espíritos,full-staging-reconstruction,o-livro-dos-espiritos:section:7881c45cd397bf10,7881c45cd397bf10,section,Pressentimentos,o-livro-dos-espiritos:chapter:5d6fba1a034ccb46,93,covered,[4253],1,"{""keep"": 1}"
1,O Livro dos Espíritos,full-staging-reconstruction,o-livro-dos-espiritos:section:8c6a11686eabd422,8c6a11686eabd422,section,Influência dos Espíritos nos acontecimentos da vida,o-livro-dos-espiritos:chapter:5d6fba1a034ccb46,94,covered,[4254],1,"{""keep"": 1}"
1,O Livro dos Espíritos,full-staging-reconstruction,o-livro-dos-espiritos:section:b856084697d0c7d4,b856084697d0c7d4,section,Ação dos Espíritos nos fenômenos da Natureza,o-livro-dos-espiritos:chapter:5d6fba1a034ccb46,95,covered,[4255],1,"{""keep"": 1}"
1,O Livro dos Espíritos,full-staging-reconstruction,o-livro-dos-espiritos:section:dd6b67aa356a5d4e,dd6b67aa356a5d4e,section,Os Espíritos durante os combates,o-livro-dos-espiritos:chapter:5d6fba1a034ccb46,96,covered,[4256],1,"{""keep"": 1}"
1,O Livro dos Espíritos,full-staging-reconstruction,o-livro-dos-espiritos:section:eae96b244b6271cf,eae96b244b6271cf,section,Pactos,o-livro-dos-espiritos:chapter:5d6fba1a034ccb46,97,covered,[4257],1,"{""keep"": 1}"
1,O Livro dos Espíritos,full-staging-reconstruction,o-livro-dos-espiritos:section:7f3f9c64792024c6,7f3f9c64792024c6,section,Poder oculto. Talismãs. Feiticeiros,o-livro-dos-espiritos:chapter:5d6fba1a034ccb46,98,covered,[4258],1,"{""keep"": 1}"
1,O Livro dos Espíritos,full-staging-reconstruction,o-livro-dos-espiritos:section:153f6deaf2dda963,153f6deaf2dda963,section,Bênçãos e maldições,o-livro-dos-espiritos:chapter:5d6fba1a034ccb46,99,covered,[4259],1,"{""keep"": 1}"
1,O Livro dos Espíritos,full-staging-reconstruction,o-livro-dos-espiritos:chapter:e389ef21b03022c2,e389ef21b03022c2,chapter,Das ocupações e missões dos Espíritos,o-livro-dos-espiritos:division:20ca3a4d1b9795b2,100,multiple-current-records,"[4260, 4261]",2,"{""keep"": 1, ""split"": 1}"
1,O Livro dos Espíritos,full-staging-reconstruction,o-livro-dos-espiritos:chapter:ed76f876ac44ebbf,ed76f876ac44ebbf,chapter,Dos três reinos,o-livro-dos-espiritos:division:20ca3a4d1b9795b2,101,covered,[4262],1,"{""keep"": 1}"
1,O Livro dos Espíritos,full-staging-reconstruction,o-livro-dos-espiritos:section:4921b17feda20172,4921b17feda20172,section,Os minerais e as plantas,o-livro-dos-espiritos:chapter:ed76f876ac44ebbf,102,covered,[4263],1,"{""keep"": 1}"
1,O Livro dos Espíritos,full-staging-reconstruction,o-livro-dos-espiritos:section:80404e6cfc738087,80404e6cfc738087,section,Os animais e o homem,o-livro-dos-espiritos:chapter:ed76f876ac44ebbf,103,covered,[4264],1,"{""keep"": 1}"
1,O Livro dos Espíritos,full-staging-reconstruction,o-livro-dos-espiritos:section:ba250d129d97d8a4,ba250d129d97d8a4,section,Metempsicose,o-livro-dos-espiritos:chapter:ed76f876ac44ebbf,104,covered,[4265],1,"{""keep"": 1}"
1,O Livro dos Espíritos,full-staging-reconstruction,o-livro-dos-espiritos:division:1f8d47440393d1f5,1f8d47440393d1f5,division,PARTE TERCEIRA — Das leis morais,,105,covered,[4266],1,"{""keep"": 1}"
1,O Livro dos Espíritos,full-staging-reconstruction,o-livro-dos-espiritos:chapter:e8a8ed8f8296d729,e8a8ed8f8296d729,chapter,Da lei divina ou natural,o-livro-dos-espiritos:division:1f8d47440393d1f5,106,covered,[4268],1,"{""keep"": 1}"
1,O Livro dos Espíritos,full-staging-reconstruction,o-livro-dos-espiritos:section:506030451b860e98,506030451b860e98,section,Caracteres da lei natural,o-livro-dos-espiritos:chapter:e8a8ed8f8296d729,107,covered,[4269],1,"{""keep"": 1}"
1,O Livro dos Espíritos,full-staging-reconstruction,o-livro-dos-espiritos:section:e0d2e48b24446fe2,e0d2e48b24446fe2,section,Conhecimento da lei natural,o-livro-dos-espiritos:chapter:e8a8ed8f8296d729,108,covered,[4270],1,"{""keep"": 1}"
1,O Livro dos Espíritos,full-staging-reconstruction,o-livro-dos-espiritos:section:fd67cf33cb50ab3e,fd67cf33cb50ab3e,section,O bem e o mal,o-livro-dos-espiritos:chapter:e8a8ed8f8296d729,109,covered,[4271],1,"{""keep"": 1}"
1,O Livro dos Espíritos,full-staging-reconstruction,o-livro-dos-espiritos:section:448e47bef504ea82,448e47bef504ea82,section,Divisão da lei natural,o-livro-dos-espiritos:chapter:e8a8ed8f8296d729,110,covered,[4272],1,"{""keep"": 1}"
1,O Livro dos Espíritos,full-staging-reconstruction,o-livro-dos-espiritos:chapter:fc4351cd7ace6579,fc4351cd7ace6579,chapter,Da lei de adoração,o-livro-dos-espiritos:division:1f8d47440393d1f5,111,covered,[4273],1,"{""keep"": 1}"
1,O Livro dos Espíritos,full-staging-reconstruction,o-livro-dos-espiritos:section:6579bc6a57e8e288,6579bc6a57e8e288,section,Objetivo da adoração,o-livro-dos-espiritos:chapter:fc4351cd7ace6579,112,covered,[4274],1,"{""keep"": 1}"
1,O Livro dos Espíritos,full-staging-reconstruction,o-livro-dos-espiritos:section:741e6a73118bc2da,741e6a73118bc2da,section,Adoração exterior,o-livro-dos-espiritos:chapter:fc4351cd7ace6579,113,covered,[4275],1,"{""keep"": 1}"
1,O Livro dos Espíritos,full-staging-reconstruction,o-livro-dos-espiritos:section:0aa38d673b9761a9,0aa38d673b9761a9,section,Vida contemplativa,o-livro-dos-espiritos:chapter:fc4351cd7ace6579,114,covered,[4276],1,"{""keep"": 1}"
1,O Livro dos Espíritos,full-staging-reconstruction,o-livro-dos-espiritos:section:c44d18198d8317b7,c44d18198d8317b7,section,A prece,o-livro-dos-espiritos:chapter:fc4351cd7ace6579,115,covered,[4277],1,"{""keep"": 1}"
1,O Livro dos Espíritos,full-staging-reconstruction,o-livro-dos-espiritos:section:454bf7b5f98c7c69,454bf7b5f98c7c69,section,Politeísmo,o-livro-dos-espiritos:chapter:fc4351cd7ace6579,116,covered,[4278],1,"{""keep"": 1}"
1,O Livro dos Espíritos,full-staging-reconstruction,o-livro-dos-espiritos:section:71b900658e539621,71b900658e539621,section,Sacrifícios,o-livro-dos-espiritos:chapter:fc4351cd7ace6579,117,covered,[4279],1,"{""keep"": 1}"
1,O Livro dos Espíritos,full-staging-reconstruction,o-livro-dos-espiritos:chapter:681e0ede5940c2a1,681e0ede5940c2a1,chapter,Da lei do trabalho,o-livro-dos-espiritos:division:1f8d47440393d1f5,118,covered,[4280],1,"{""keep"": 1}"
1,O Livro dos Espíritos,full-staging-reconstruction,o-livro-dos-espiritos:section:5170534e974f2b36,5170534e974f2b36,section,Necessidade do trabalho,o-livro-dos-espiritos:chapter:681e0ede5940c2a1,119,covered,[4281],1,"{""keep"": 1}"
1,O Livro dos Espíritos,full-staging-reconstruction,o-livro-dos-espiritos:section:bd0be4033be6a8bd,bd0be4033be6a8bd,section,Limite do trabalho. Repouso,o-livro-dos-espiritos:chapter:681e0ede5940c2a1,120,covered,[4282],1,"{""keep"": 1}"
1,O Livro dos Espíritos,full-staging-reconstruction,o-livro-dos-espiritos:chapter:bc85d1940cf4a7b2,bc85d1940cf4a7b2,chapter,Da lei de reprodução,o-livro-dos-espiritos:division:1f8d47440393d1f5,121,covered,[4283],1,"{""keep"": 1}"
1,O Livro dos Espíritos,full-staging-reconstruction,o-livro-dos-espiritos:section:d610b124b1daf36a,d610b124b1daf36a,section,População do globo,o-livro-dos-espiritos:chapter:bc85d1940cf4a7b2,122,covered,[4284],1,"{""keep"": 1}"
1,O Livro dos Espíritos,full-staging-reconstruction,o-livro-dos-espiritos:section:33a5db2c547d2d04,33a5db2c547d2d04,section,Sucessão e aperfeiçoamento das raças,o-livro-dos-espiritos:chapter:bc85d1940cf4a7b2,123,covered,[4285],1,"{""keep"": 1}"
1,O Livro dos Espíritos,full-staging-reconstruction,o-livro-dos-espiritos:section:f96f10b58e71ca36,f96f10b58e71ca36,section,Obstáculos à reprodução,o-livro-dos-espiritos:chapter:bc85d1940cf4a7b2,124,covered,[4286],1,"{""keep"": 1}"
1,O Livro dos Espíritos,full-staging-reconstruction,o-livro-dos-espiritos:section:10b0c9d3e5dd5f4e,10b0c9d3e5dd5f4e,section,Casamento e celibato,o-livro-dos-espiritos:chapter:bc85d1940cf4a7b2,125,covered,[4287],1,"{""keep"": 1}"
1,O Livro dos Espíritos,full-staging-reconstruction,o-livro-dos-espiritos:section:b809967f4b153903,b809967f4b153903,section,Poligamia,o-livro-dos-espiritos:chapter:bc85d1940cf4a7b2,126,covered,[4288],1,"{""keep"": 1}"
1,O Livro dos Espíritos,full-staging-reconstruction,o-livro-dos-espiritos:chapter:84c0c35c5d9c1858,84c0c35c5d9c1858,chapter,Da lei de conservação,o-livro-dos-espiritos:division:1f8d47440393d1f5,127,covered,[4289],1,"{""keep"": 1}"
1,O Livro dos Espíritos,full-staging-reconstruction,o-livro-dos-espiritos:section:be9fdeb11282f72c,be9fdeb11282f72c,section,Instinto de conservação,o-livro-dos-espiritos:chapter:84c0c35c5d9c1858,128,covered,[4290],1,"{""keep"": 1}"
1,O Livro dos Espíritos,full-staging-reconstruction,o-livro-dos-espiritos:section:60b7c016fb8f1121,60b7c016fb8f1121,section,Meios de conservação,o-livro-dos-espiritos:chapter:84c0c35c5d9c1858,129,covered,[4291],1,"{""keep"": 1}"
1,O Livro dos Espíritos,full-staging-reconstruction,o-livro-dos-espiritos:section:af04aa480d1ef01a,af04aa480d1ef01a,section,Gozo dos bens terrenos,o-livro-dos-espiritos:chapter:84c0c35c5d9c1858,130,covered,[4292],1,"{""keep"": 1}"
1,O Livro dos Espíritos,full-staging-reconstruction,o-livro-dos-espiritos:section:42597ed9482211a4,42597ed9482211a4,section,Necessário e supérfluo,o-livro-dos-espiritos:chapter:84c0c35c5d9c1858,131,covered,[4293],1,"{""keep"": 1}"
1,O Livro dos Espíritos,full-staging-reconstruction,o-livro-dos-espiritos:section:da1c19edc1f59287,da1c19edc1f59287,section,Privações voluntárias. Mortificações,o-livro-dos-espiritos:chapter:84c0c35c5d9c1858,132,covered,[4294],1,"{""keep"": 1}"
1,O Livro dos Espíritos,full-staging-reconstruction,o-livro-dos-espiritos:chapter:a18b53eb72230c17,a18b53eb72230c17,chapter,Da lei de destruição,o-livro-dos-espiritos:division:1f8d47440393d1f5,133,covered,[4295],1,"{""keep"": 1}"
1,O Livro dos Espíritos,full-staging-reconstruction,o-livro-dos-espiritos:section:348c3016571353e4,348c3016571353e4,section,Destruição necessária e destruição abusiva,o-livro-dos-espiritos:chapter:a18b53eb72230c17,134,covered,[4296],1,"{""keep"": 1}"
1,O Livro dos Espíritos,full-staging-reconstruction,o-livro-dos-espiritos:section:be358c4d55ef6e7d,be358c4d55ef6e7d,section,Flagelos destruidores,o-livro-dos-espiritos:chapter:a18b53eb72230c17,135,covered,[4297],1,"{""keep"": 1}"
1,O Livro dos Espíritos,full-staging-reconstruction,o-livro-dos-espiritos:section:af9db75061878416,af9db75061878416,section,Guerras,o-livro-dos-espiritos:chapter:a18b53eb72230c17,136,covered,[4298],1,"{""keep"": 1}"
1,O Livro dos Espíritos,full-staging-reconstruction,o-livro-dos-espiritos:section:49b6d11cc4c1046e,49b6d11cc4c1046e,section,Assassínio,o-livro-dos-espiritos:chapter:a18b53eb72230c17,137,covered,[4299],1,"{""keep"": 1}"
1,O Livro dos Espíritos,full-staging-reconstruction,o-livro-dos-espiritos:section:9e8d78c376613667,9e8d78c376613667,section,Crueldade,o-livro-dos-espiritos:chapter:a18b53eb72230c17,138,covered,[4300],1,"{""keep"": 1}"
1,O Livro dos Espíritos,full-staging-reconstruction,o-livro-dos-espiritos:section:a3fbdf0f557162d6,a3fbdf0f557162d6,section,Duelo,o-livro-dos-espiritos:chapter:a18b53eb72230c17,139,covered,[4301],1,"{""keep"": 1}"
1,O Livro dos Espíritos,full-staging-reconstruction,o-livro-dos-espiritos:section:5607289c64e7cf4c,5607289c64e7cf4c,section,Pena de morte,o-livro-dos-espiritos:chapter:a18b53eb72230c17,140,covered,[4302],1,"{""keep"": 1}"
1,O Livro dos Espíritos,full-staging-reconstruction,o-livro-dos-espiritos:chapter:74ce300b149f1f6a,74ce300b149f1f6a,chapter,Da lei de sociedade,o-livro-dos-espiritos:division:1f8d47440393d1f5,141,covered,[4303],1,"{""keep"": 1}"
1,O Livro dos Espíritos,full-staging-reconstruction,o-livro-dos-espiritos:section:78098a9a7bc90e93,78098a9a7bc90e93,section,Necessidade da vida social,o-livro-dos-espiritos:chapter:74ce300b149f1f6a,142,covered,[4304],1,"{""keep"": 1}"
1,O Livro dos Espíritos,full-staging-reconstruction,o-livro-dos-espiritos:section:c40daa69b4c5c3b2,c40daa69b4c5c3b2,section,Vida de insulamento. Voto de silêncio,o-livro-dos-espiritos:chapter:74ce300b149f1f6a,143,covered,[4305],1,"{""keep"": 1}"
1,O Livro dos Espíritos,full-staging-reconstruction,o-livro-dos-espiritos:section:0c36955d1e3d66a0,0c36955d1e3d66a0,section,Laços de família,o-livro-dos-espiritos:chapter:74ce300b149f1f6a,144,covered,[4306],1,"{""keep"": 1}"
1,O Livro dos Espíritos,full-staging-reconstruction,o-livro-dos-espiritos:chapter:18ea3212f9c7c2ce,18ea3212f9c7c2ce,chapter,Da lei do progresso,o-livro-dos-espiritos:division:1f8d47440393d1f5,145,covered,[4307],1,"{""keep"": 1}"
1,O Livro dos Espíritos,full-staging-reconstruction,o-livro-dos-espiritos:section:5cc7bf6e457c5d32,5cc7bf6e457c5d32,section,Estado de natureza,o-livro-dos-espiritos:chapter:18ea3212f9c7c2ce,146,covered,[4308],1,"{""keep"": 1}"
1,O Livro dos Espíritos,full-staging-reconstruction,o-livro-dos-espiritos:section:30a0290ba85566cf,30a0290ba85566cf,section,Marcha do progresso,o-livro-dos-espiritos:chapter:18ea3212f9c7c2ce,147,covered,[4309],1,"{""keep"": 1}"
1,O Livro dos Espíritos,full-staging-reconstruction,o-livro-dos-espiritos:section:8aa8155e246419ae,8aa8155e246419ae,section,Povos degenerados,o-livro-dos-espiritos:chapter:18ea3212f9c7c2ce,148,covered,[4310],1,"{""keep"": 1}"
1,O Livro dos Espíritos,full-staging-reconstruction,o-livro-dos-espiritos:section:083f2f894f86e249,083f2f894f86e249,section,Civilização,o-livro-dos-espiritos:chapter:18ea3212f9c7c2ce,149,covered,[4311],1,"{""keep"": 1}"
1,O Livro dos Espíritos,full-staging-reconstruction,o-livro-dos-espiritos:section:92b88f1dc8b58369,92b88f1dc8b58369,section,Progresso da legislação humana,o-livro-dos-espiritos:chapter:18ea3212f9c7c2ce,150,covered,[4312],1,"{""keep"": 1}"
1,O Livro dos Espíritos,full-staging-reconstruction,o-livro-dos-espiritos:section:686770ae9ad9c76f,686770ae9ad9c76f,section,Influência do Espiritismo no progresso,o-livro-dos-espiritos:chapter:18ea3212f9c7c2ce,151,covered,[4313],1,"{""keep"": 1}"
1,O Livro dos Espíritos,full-staging-reconstruction,o-livro-dos-espiritos:chapter:1bd4ba64f1f12e55,1bd4ba64f1f12e55,chapter,Da lei de igualdade,o-livro-dos-espiritos:division:1f8d47440393d1f5,152,covered,[4314],1,"{""keep"": 1}"
1,O Livro dos Espíritos,full-staging-reconstruction,o-livro-dos-espiritos:section:a83008c02f744f67,a83008c02f744f67,section,Igualdade natural,o-livro-dos-espiritos:chapter:1bd4ba64f1f12e55,153,covered,[4315],1,"{""keep"": 1}"
1,O Livro dos Espíritos,full-staging-reconstruction,o-livro-dos-espiritos:section:43a93f093a392b0d,43a93f093a392b0d,section,Desigualdade das aptidões,o-livro-dos-espiritos:chapter:1bd4ba64f1f12e55,154,covered,[4316],1,"{""keep"": 1}"
1,O Livro dos Espíritos,full-staging-reconstruction,o-livro-dos-espiritos:section:886edf538c06154c,886edf538c06154c,section,Desigualdades sociais,o-livro-dos-espiritos:chapter:1bd4ba64f1f12e55,155,covered,[4317],1,"{""keep"": 1}"
1,O Livro dos Espíritos,full-staging-reconstruction,o-livro-dos-espiritos:section:6f6f91cf77a17b18,6f6f91cf77a17b18,section,Desigualdade das riquezas,o-livro-dos-espiritos:chapter:1bd4ba64f1f12e55,156,covered,[4318],1,"{""keep"": 1}"
1,O Livro dos Espíritos,full-staging-reconstruction,o-livro-dos-espiritos:section:e0232a0be1f1fbe1,e0232a0be1f1fbe1,section,As provas de riqueza e de miséria,o-livro-dos-espiritos:chapter:1bd4ba64f1f12e55,157,covered,[4319],1,"{""keep"": 1}"
1,O Livro dos Espíritos,full-staging-reconstruction,o-livro-dos-espiritos:section:d43dffb056bf8384,d43dffb056bf8384,section,Igualdade dos direitos do homem e da mulher,o-livro-dos-espiritos:chapter:1bd4ba64f1f12e55,158,covered,[4320],1,"{""keep"": 1}"
1,O Livro dos Espíritos,full-staging-reconstruction,o-livro-dos-espiritos:section:d73053d100ae7f8b,d73053d100ae7f8b,section,Igualdade perante o túmulo,o-livro-dos-espiritos:chapter:1bd4ba64f1f12e55,159,covered,[4321],1,"{""keep"": 1}"
1,O Livro dos Espíritos,full-staging-reconstruction,o-livro-dos-espiritos:chapter:00c1b20f978464cb,00c1b20f978464cb,chapter,Da lei de liberdade,o-livro-dos-espiritos:division:1f8d47440393d1f5,160,covered,[4322],1,"{""keep"": 1}"
1,O Livro dos Espíritos,full-staging-reconstruction,o-livro-dos-espiritos:section:e1e2ccf154283cc3,e1e2ccf154283cc3,section,Liberdade natural,o-livro-dos-espiritos:chapter:00c1b20f978464cb,161,covered,[4323],1,"{""keep"": 1}"
1,O Livro dos Espíritos,full-staging-reconstruction,o-livro-dos-espiritos:section:7e9b7aaee362ae5c,7e9b7aaee362ae5c,section,Escravidão,o-livro-dos-espiritos:chapter:00c1b20f978464cb,162,covered,[4324],1,"{""keep"": 1}"
1,O Livro dos Espíritos,full-staging-reconstruction,o-livro-dos-espiritos:section:4ee9e6e001cb5b58,4ee9e6e001cb5b58,section,Liberdade de pensar,o-livro-dos-espiritos:chapter:00c1b20f978464cb,163,covered,[4325],1,"{""keep"": 1}"
1,O Livro dos Espíritos,full-staging-reconstruction,o-livro-dos-espiritos:section:9b34809558cd54c7,9b34809558cd54c7,section,Liberdade de consciência,o-livro-dos-espiritos:chapter:00c1b20f978464cb,164,covered,[4326],1,"{""keep"": 1}"
1,O Livro dos Espíritos,full-staging-reconstruction,o-livro-dos-espiritos:section:ca0a9f830abd36bf,ca0a9f830abd36bf,section,Livre-arbítrio,o-livro-dos-espiritos:chapter:00c1b20f978464cb,165,covered,[4327],1,"{""keep"": 1}"
1,O Livro dos Espíritos,full-staging-reconstruction,o-livro-dos-espiritos:section:5e9204c217609806,5e9204c217609806,section,Fatalidade,o-livro-dos-espiritos:chapter:00c1b20f978464cb,166,covered,[4328],1,"{""keep"": 1}"
1,O Livro dos Espíritos,full-staging-reconstruction,o-livro-dos-espiritos:section:c45b2f01cfa72748,c45b2f01cfa72748,section,Conhecimento do futuro,o-livro-dos-espiritos:chapter:00c1b20f978464cb,167,covered,[4329],1,"{""keep"": 1}"
1,O Livro dos Espíritos,full-staging-reconstruction,o-livro-dos-espiritos:section:cba92e22d57c36da,cba92e22d57c36da,section,Resumo teórico do móvel das ações humanas,o-livro-dos-espiritos:chapter:00c1b20f978464cb,168,covered,[4330],1,"{""keep"": 1}"
1,O Livro dos Espíritos,full-staging-reconstruction,o-livro-dos-espiritos:chapter:dde16443013e2432,dde16443013e2432,chapter,"Da lei de justiça, de amor e de caridade",o-livro-dos-espiritos:division:1f8d47440393d1f5,169,covered,[4331],1,"{""keep"": 1}"
1,O Livro dos Espíritos,full-staging-reconstruction,o-livro-dos-espiritos:section:b8333ac20653540b,b8333ac20653540b,section,Justiça e direitos naturais,o-livro-dos-espiritos:chapter:dde16443013e2432,170,covered,[4332],1,"{""keep"": 1}"
1,O Livro dos Espíritos,full-staging-reconstruction,o-livro-dos-espiritos:section:b3454b293db607d4,b3454b293db607d4,section,Direito de propriedade. Roubo,o-livro-dos-espiritos:chapter:dde16443013e2432,171,covered,[4333],1,"{""keep"": 1}"
1,O Livro dos Espíritos,full-staging-reconstruction,o-livro-dos-espiritos:section:72b735a3ef6dd246,72b735a3ef6dd246,section,Caridade e amor do próximo,o-livro-dos-espiritos:chapter:dde16443013e2432,172,covered,[4334],1,"{""keep"": 1}"
1,O Livro dos Espíritos,full-staging-reconstruction,o-livro-dos-espiritos:section:615e79db0982afa9,615e79db0982afa9,section,Amor materno e filial,o-livro-dos-espiritos:chapter:dde16443013e2432,173,covered,[4335],1,"{""keep"": 1}"
1,O Livro dos Espíritos,full-staging-reconstruction,o-livro-dos-espiritos:chapter:c3f9ad458cd64b5e,c3f9ad458cd64b5e,chapter,Da perfeição moral,o-livro-dos-espiritos:division:1f8d47440393d1f5,174,covered,[4336],1,"{""keep"": 1}"
1,O Livro dos Espíritos,full-staging-reconstruction,o-livro-dos-espiritos:section:f31bd51fa50979ad,f31bd51fa50979ad,section,As virtudes e os vícios,o-livro-dos-espiritos:chapter:c3f9ad458cd64b5e,175,covered,[4337],1,"{""keep"": 1}"
1,O Livro dos Espíritos,full-staging-reconstruction,o-livro-dos-espiritos:section:fde0e28a80a97bc4,fde0e28a80a97bc4,section,Paixões,o-livro-dos-espiritos:chapter:c3f9ad458cd64b5e,176,covered,[4338],1,"{""keep"": 1}"
1,O Livro dos Espíritos,full-staging-reconstruction,o-livro-dos-espiritos:section:383dd3bbafbe9e09,383dd3bbafbe9e09,section,O egoísmo,o-livro-dos-espiritos:chapter:c3f9ad458cd64b5e,177,covered,[4339],1,"{""keep"": 1}"
1,O Livro dos Espíritos,full-staging-reconstruction,o-livro-dos-espiritos:section:7806c39877585f8a,7806c39877585f8a,section,Caracteres do homem de bem,o-livro-dos-espiritos:chapter:c3f9ad458cd64b5e,178,covered,[4340],1,"{""keep"": 1}"
1,O Livro dos Espíritos,full-staging-reconstruction,o-livro-dos-espiritos:section:84bd0a5b6779a6b6,84bd0a5b6779a6b6,section,Conhecimento de si mesmo,o-livro-dos-espiritos:chapter:c3f9ad458cd64b5e,179,covered,[4341],1,"{""keep"": 1}"
1,O Livro dos Espíritos,full-staging-reconstruction,o-livro-dos-espiritos:division:2db50fec14e0dbef,2db50fec14e0dbef,division,PARTE QUARTA — Das esperanças e consolações,,180,covered,[4342],1,"{""keep"": 1}"
1,O Livro dos Espíritos,full-staging-reconstruction,o-livro-dos-espiritos:chapter:2f2fe37e410cd33f,2f2fe37e410cd33f,chapter,Das penas e gozos terrestres,o-livro-dos-espiritos:division:2db50fec14e0dbef,181,covered,[4344],1,"{""keep"": 1}"
1,O Livro dos Espíritos,full-staging-reconstruction,o-livro-dos-espiritos:section:d924879ce05743e5,d924879ce05743e5,section,Felicidade e infelicidade relativas,o-livro-dos-espiritos:chapter:2f2fe37e410cd33f,182,covered,[4345],1,"{""keep"": 1}"
1,O Livro dos Espíritos,full-staging-reconstruction,o-livro-dos-espiritos:section:535b6ec806e8a081,535b6ec806e8a081,section,Perda dos entes queridos,o-livro-dos-espiritos:chapter:2f2fe37e410cd33f,183,covered,[4346],1,"{""keep"": 1}"
1,O Livro dos Espíritos,full-staging-reconstruction,o-livro-dos-espiritos:section:8b83e6ea164ff4d4,8b83e6ea164ff4d4,section,Decepções. Ingratidão. Afeições destruídas,o-livro-dos-espiritos:chapter:2f2fe37e410cd33f,184,covered,[4347],1,"{""keep"": 1}"
1,O Livro dos Espíritos,full-staging-reconstruction,o-livro-dos-espiritos:section:0329f37894ce4349,0329f37894ce4349,section,Uniões antipáticas,o-livro-dos-espiritos:chapter:2f2fe37e410cd33f,185,covered,[4348],1,"{""keep"": 1}"
1,O Livro dos Espíritos,full-staging-reconstruction,o-livro-dos-espiritos:section:c3e0be883848d79c,c3e0be883848d79c,section,Temor da morte,o-livro-dos-espiritos:chapter:2f2fe37e410cd33f,186,covered,[4349],1,"{""keep"": 1}"
1,O Livro dos Espíritos,full-staging-reconstruction,o-livro-dos-espiritos:section:6bcff82f0ee58890,6bcff82f0ee58890,section,Desgosto da vida. Suicídio,o-livro-dos-espiritos:chapter:2f2fe37e410cd33f,187,covered,[4350],1,"{""keep"": 1}"
1,O Livro dos Espíritos,full-staging-reconstruction,o-livro-dos-espiritos:chapter:69361133c38be55e,69361133c38be55e,chapter,Das penas e gozos futuros,o-livro-dos-espiritos:division:2db50fec14e0dbef,188,multiple-current-records,"[4351, 4361, 4362, 4363, 4364, 4365, 4366, 4367, 4368, 4369, 4370]",11,"{""keep"": 1, ""split"": 10}"
1,O Livro dos Espíritos,full-staging-reconstruction,o-livro-dos-espiritos:section:1a4a37c051f5e263,1a4a37c051f5e263,section,O nada. Vida futura,o-livro-dos-espiritos:chapter:69361133c38be55e,189,covered,[4352],1,"{""keep"": 1}"
1,O Livro dos Espíritos,full-staging-reconstruction,o-livro-dos-espiritos:section:6a11563d63e2a94e,6a11563d63e2a94e,section,Intuição das penas e gozos futuros,o-livro-dos-espiritos:chapter:69361133c38be55e,190,covered,[4353],1,"{""keep"": 1}"
1,O Livro dos Espíritos,full-staging-reconstruction,o-livro-dos-espiritos:section:b45f866dbb996870,b45f866dbb996870,section,Intervenção de Deus nas penas e recompensas,o-livro-dos-espiritos:chapter:69361133c38be55e,191,covered,[4354],1,"{""keep"": 1}"
1,O Livro dos Espíritos,full-staging-reconstruction,o-livro-dos-espiritos:section:0433728dbe4a30c8,0433728dbe4a30c8,section,Natureza das penas e gozos futuros,o-livro-dos-espiritos:chapter:69361133c38be55e,192,covered,[4355],1,"{""keep"": 1}"
1,O Livro dos Espíritos,full-staging-reconstruction,o-livro-dos-espiritos:section:966c2a183ab57f76,966c2a183ab57f76,section,Penas temporais,o-livro-dos-espiritos:chapter:69361133c38be55e,193,covered,[4356],1,"{""keep"": 1}"
1,O Livro dos Espíritos,full-staging-reconstruction,o-livro-dos-espiritos:section:6798030da5e6f0c4,6798030da5e6f0c4,section,Expiação e arrependimento,o-livro-dos-espiritos:chapter:69361133c38be55e,194,covered,[4357],1,"{""keep"": 1}"
1,O Livro dos Espíritos,full-staging-reconstruction,o-livro-dos-espiritos:section:11a71afa5b2cac33,11a71afa5b2cac33,section,Duração das penas futuras,o-livro-dos-espiritos:chapter:69361133c38be55e,195,covered,[4358],1,"{""keep"": 1}"
1,O Livro dos Espíritos,full-staging-reconstruction,o-livro-dos-espiritos:section:0b34cdfc48d4b1aa,0b34cdfc48d4b1aa,section,Ressurreição da carne,o-livro-dos-espiritos:chapter:69361133c38be55e,196,covered,[4359],1,"{""keep"": 1}"
1,O Livro dos Espíritos,full-staging-reconstruction,o-livro-dos-espiritos:section:a1a7e8faddeb5306,a1a7e8faddeb5306,section,"Paraíso, inferno e purgatório",o-livro-dos-espiritos:chapter:69361133c38be55e,197,covered,[4360],1,"{""keep"": 1}"
1,O Livro dos Espíritos,full-staging-reconstruction,o-livro-dos-espiritos:back_matter:08849515b369dc8e,08849515b369dc8e,back_matter,Conclusão,,198,missing-current-unit,[],0,{}
1,O Livro dos Espíritos,full-staging-reconstruction,o-livro-dos-espiritos:back_matter:29e85a9a8616fe0b,29e85a9a8616fe0b,back_matter,Nota explicativa,,199,missing-current-unit,[],0,{}
1,O Livro dos Espíritos,full-staging-reconstruction,o-livro-dos-espiritos:back_matter:1f35502ee0e6cc19,1f35502ee0e6cc19,back_matter,Índice geral,,200,missing-current-unit,[],0,{}
2,O Livro dos Médiuns,full-staging-reconstruction,o-livro-dos-mediuns:front_matter:19b929fd38d1afa2,19b929fd38d1afa2,front_matter,Nota da Editora,,1,missing-current-unit,[],0,{}
2,O Livro dos Médiuns,full-staging-reconstruction,o-livro-dos-mediuns:front_matter:644fea731d3f9981,644fea731d3f9981,front_matter,Introdução,,2,missing-current-unit,[],0,{}
2,O Livro dos Médiuns,full-staging-reconstruction,o-livro-dos-mediuns:division:ce54d9f5aa9aaa25,ce54d9f5aa9aaa25,division,PRIMEIRA PARTE — Noções preliminares,,3,covered,[4371],1,"{""keep"": 1}"
2,O Livro dos Médiuns,full-staging-reconstruction,o-livro-dos-mediuns:chapter:653172c9ddc23db3,653172c9ddc23db3,chapter,Há Espíritos?,o-livro-dos-mediuns:division:ce54d9f5aa9aaa25,4,multiple-current-records,"[4373, 4374]",2,"{""keep"": 1, ""split"": 1}"
2,O Livro dos Médiuns,full-staging-reconstruction,o-livro-dos-mediuns:chapter:289eb11f923408ba,289eb11f923408ba,chapter,Do maravilhoso e do sobrenatural,o-livro-dos-mediuns:division:ce54d9f5aa9aaa25,5,multiple-current-records,"[4375, 4376]",2,"{""keep"": 1, ""split"": 1}"
2,O Livro dos Médiuns,full-staging-reconstruction,o-livro-dos-mediuns:chapter:4b9264287d47031b,4b9264287d47031b,chapter,Do método,o-livro-dos-mediuns:division:ce54d9f5aa9aaa25,6,multiple-current-records,"[4377, 4378]",2,"{""keep"": 1, ""split"": 1}"
2,O Livro dos Médiuns,full-staging-reconstruction,o-livro-dos-mediuns:section:9306339375b509b7,9306339375b509b7,section,De que modo se deve proceder com os materialistas. Materialistas por sistema: materialistas que o são por falta de coisa melhor,o-livro-dos-mediuns:chapter:4b9264287d47031b,7,missing-current-unit,[],0,{}
2,O Livro dos Médiuns,full-staging-reconstruction,o-livro-dos-mediuns:section:3a65549e9b287e32,3a65549e9b287e32,section,"Incrédulos por ignorância, por má vontade, por interesse e má-fé, por pusilanimidade, por escrúpulos religiosos, por efeito de decepções",o-livro-dos-mediuns:chapter:4b9264287d47031b,8,missing-current-unit,[],0,{}
2,O Livro dos Médiuns,full-staging-reconstruction,o-livro-dos-mediuns:section:c9afb97065fa64a1,c9afb97065fa64a1,section,"Três classes de espíritas: espíritas experimentadores, espíritas imperfeitos, espíritas cristãos ou verdadeiros espíritas",o-livro-dos-mediuns:chapter:4b9264287d47031b,9,missing-current-unit,[],0,{}
2,O Livro dos Médiuns,full-staging-reconstruction,o-livro-dos-mediuns:section:f10c939d0a8a10b2,f10c939d0a8a10b2,section,Ordem a que devem obedecer os estudos espíritas,o-livro-dos-mediuns:chapter:4b9264287d47031b,10,missing-current-unit,[],0,{}
2,O Livro dos Médiuns,full-staging-reconstruction,o-livro-dos-mediuns:chapter:c0a949c06c345717,c0a949c06c345717,chapter,Dos sistemas,o-livro-dos-mediuns:division:ce54d9f5aa9aaa25,11,multiple-current-records,"[4379, 4380]",2,"{""keep"": 1, ""split"": 1}"
2,O Livro dos Médiuns,full-staging-reconstruction,o-livro-dos-mediuns:section:fdb0718d202ebc71,fdb0718d202ebc71,section,Exame dos diferentes modos por que o Espiritismo é encarado,o-livro-dos-mediuns:chapter:c0a949c06c345717,12,missing-current-unit,[],0,{}
2,O Livro dos Médiuns,full-staging-reconstruction,o-livro-dos-mediuns:section:f04c9d86ce4efc9a,f04c9d86ce4efc9a,section,"Sistemas de negação: do charlatanismo, da loucura, da alucinação, do músculo estalante, das causas físicas, do reflexo",o-livro-dos-mediuns:chapter:c0a949c06c345717,13,missing-current-unit,[],0,{}
2,O Livro dos Médiuns,full-staging-reconstruction,o-livro-dos-mediuns:section:ab2d3d4b39cdb13c,ab2d3d4b39cdb13c,section,"Sistemas de afirmação; sistema da alma coletiva; sistema sonambúlico, pessimista, diabólico ou demoníaco, otimista, unispírita ou monoespírita, multispírita ou polispírita, sistema da alma material",o-livro-dos-mediuns:chapter:c0a949c06c345717,14,missing-current-unit,[],0,{}
2,O Livro dos Médiuns,full-staging-reconstruction,o-livro-dos-mediuns:division:9a46cfdb5ddce442,9a46cfdb5ddce442,division,SEGUNDA PARTE — Das manifestações espíritas,,15,covered,[4381],1,"{""keep"": 1}"
2,O Livro dos Médiuns,full-staging-reconstruction,o-livro-dos-mediuns:chapter:2b8022a478590fa5,2b8022a478590fa5,chapter,Da ação dos Espíritos sobre a matéria,o-livro-dos-mediuns:division:9a46cfdb5ddce442,16,multiple-current-records,"[4383, 4384]",2,"{""keep"": 1, ""split"": 1}"
2,O Livro dos Médiuns,full-staging-reconstruction,o-livro-dos-mediuns:chapter:d850638572f86339,d850638572f86339,chapter,Das manifestações físicas Das mesas girantes,o-livro-dos-mediuns:division:9a46cfdb5ddce442,17,multiple-current-records,"[4385, 4386]",2,"{""keep"": 1, ""review"": 1}"
2,O Livro dos Médiuns,full-staging-reconstruction,o-livro-dos-mediuns:chapter:4ecf3808bb4c77c3,4ecf3808bb4c77c3,chapter,Das manifestações inteligentes,o-livro-dos-mediuns:division:9a46cfdb5ddce442,18,multiple-current-records,"[4387, 4388]",2,"{""keep"": 1, ""review"": 1}"
2,O Livro dos Médiuns,full-staging-reconstruction,o-livro-dos-mediuns:chapter:acf42d7c091810f0,acf42d7c091810f0,chapter,Da teoria das manifestações físicas,o-livro-dos-mediuns:division:9a46cfdb5ddce442,19,multiple-current-records,"[4389, 4390]",2,"{""keep"": 1, ""split"": 1}"
2,O Livro dos Médiuns,full-staging-reconstruction,o-livro-dos-mediuns:section:a3c3bb4bdd602f38,a3c3bb4bdd602f38,section,Movimentos e suspensões,o-livro-dos-mediuns:chapter:acf42d7c091810f0,20,missing-current-unit,[],0,{}
2,O Livro dos Médiuns,full-staging-reconstruction,o-livro-dos-mediuns:section:864e03dff105f595,864e03dff105f595,section,Ruídos,o-livro-dos-mediuns:chapter:acf42d7c091810f0,21,missing-current-unit,[],0,{}
2,O Livro dos Médiuns,full-staging-reconstruction,o-livro-dos-mediuns:section:c34777fa459573e5,c34777fa459573e5,section,Aumento e diminuição de peso dos corpos,o-livro-dos-mediuns:chapter:acf42d7c091810f0,22,missing-current-unit,[],0,{}
2,O Livro dos Médiuns,full-staging-reconstruction,o-livro-dos-mediuns:chapter:5f48dcea2c262c15,5f48dcea2c262c15,chapter,Das manifestações físicas espontâneas,o-livro-dos-mediuns:division:9a46cfdb5ddce442,23,multiple-current-records,"[4391, 4392]",2,"{""keep"": 1, ""split"": 1}"
2,O Livro dos Médiuns,full-staging-reconstruction,o-livro-dos-mediuns:section:645618687c477f6a,645618687c477f6a,section,"Ruídos, barulhos e perturbações",o-livro-dos-mediuns:chapter:5f48dcea2c262c15,24,missing-current-unit,[],0,{}
2,O Livro dos Médiuns,full-staging-reconstruction,o-livro-dos-mediuns:section:6364e2ff1c5ddc1c,6364e2ff1c5ddc1c,section,Arremesso de objetos,o-livro-dos-mediuns:chapter:5f48dcea2c262c15,25,missing-current-unit,[],0,{}
2,O Livro dos Médiuns,full-staging-reconstruction,o-livro-dos-mediuns:section:4d1ac87a45e0b5c1,4d1ac87a45e0b5c1,section,Fenômeno de transporte,o-livro-dos-mediuns:chapter:5f48dcea2c262c15,26,covered,[4393],1,"{""keep"": 1}"
2,O Livro dos Médiuns,full-staging-reconstruction,o-livro-dos-mediuns:section:7ea00f842b7894f8,7ea00f842b7894f8,section,Dissertação de um Espírito sobre os transportes,o-livro-dos-mediuns:chapter:5f48dcea2c262c15,27,missing-current-unit,[],0,{}
2,O Livro dos Médiuns,full-staging-reconstruction,o-livro-dos-mediuns:chapter:5ea189b44d549473,5ea189b44d549473,chapter,Das manifestações visuais,o-livro-dos-mediuns:division:9a46cfdb5ddce442,28,multiple-current-records,"[4394, 4395]",2,"{""keep"": 1, ""split"": 1}"
2,O Livro dos Médiuns,full-staging-reconstruction,o-livro-dos-mediuns:section:504d0070c38c112e,504d0070c38c112e,section,Noções sobre as aparições,o-livro-dos-mediuns:chapter:5ea189b44d549473,29,missing-current-unit,[],0,{}
2,O Livro dos Médiuns,full-staging-reconstruction,o-livro-dos-mediuns:section:aff87903ba83758a,aff87903ba83758a,section,Ensaio teórico sobre as aparições,o-livro-dos-mediuns:chapter:5ea189b44d549473,30,covered,[4396],1,"{""keep"": 1}"
2,O Livro dos Médiuns,full-staging-reconstruction,o-livro-dos-mediuns:section:fa49c4c636cdf568,fa49c4c636cdf568,section,Espíritos glóbulos,o-livro-dos-mediuns:chapter:5ea189b44d549473,31,missing-current-unit,[],0,{}
2,O Livro dos Médiuns,full-staging-reconstruction,o-livro-dos-mediuns:section:e9d02a2a430a5f5d,e9d02a2a430a5f5d,section,Teoria da alucinação,o-livro-dos-mediuns:chapter:5ea189b44d549473,32,covered,[4397],1,"{""keep"": 1}"
2,O Livro dos Médiuns,full-staging-reconstruction,o-livro-dos-mediuns:chapter:ae5e12179576b97f,ae5e12179576b97f,chapter,Da bicorporeidade e da transfiguração,o-livro-dos-mediuns:division:9a46cfdb5ddce442,33,multiple-current-records,"[4398, 4399]",2,"{""keep"": 1, ""split"": 1}"
2,O Livro dos Médiuns,full-staging-reconstruction,o-livro-dos-mediuns:section:f102ffa3610f9d37,f102ffa3610f9d37,section,Aparições dos Espíritos de pessoas vivas,o-livro-dos-mediuns:chapter:ae5e12179576b97f,34,missing-current-unit,[],0,{}
2,O Livro dos Médiuns,full-staging-reconstruction,o-livro-dos-mediuns:section:b9b60625d7988c8b,b9b60625d7988c8b,section,Homens duplos,o-livro-dos-mediuns:chapter:ae5e12179576b97f,35,missing-current-unit,[],0,{}
2,O Livro dos Médiuns,full-staging-reconstruction,o-livro-dos-mediuns:section:ac59e94df3a63a77,ac59e94df3a63a77,section,Santo Afonso de Liguori e Santo Antônio de Pádua,o-livro-dos-mediuns:chapter:ae5e12179576b97f,36,missing-current-unit,[],0,{}
2,O Livro dos Médiuns,full-staging-reconstruction,o-livro-dos-mediuns:section:0f617aaa9bf3b2e9,0f617aaa9bf3b2e9,section,Vespasiano,o-livro-dos-mediuns:chapter:ae5e12179576b97f,37,missing-current-unit,[],0,{}
2,O Livro dos Médiuns,full-staging-reconstruction,o-livro-dos-mediuns:section:d7216531d16cb916,d7216531d16cb916,section,Transfiguração,o-livro-dos-mediuns:chapter:ae5e12179576b97f,38,missing-current-unit,[],0,{}
2,O Livro dos Médiuns,full-staging-reconstruction,o-livro-dos-mediuns:section:c5af5369f999f749,c5af5369f999f749,section,Invisibilidade,o-livro-dos-mediuns:chapter:ae5e12179576b97f,39,missing-current-unit,[],0,{}
2,O Livro dos Médiuns,full-staging-reconstruction,o-livro-dos-mediuns:chapter:80d8b11a5624d43d,80d8b11a5624d43d,chapter,Do laboratório do Mundo Invisível,o-livro-dos-mediuns:division:9a46cfdb5ddce442,40,multiple-current-records,"[4400, 4401]",2,"{""keep"": 1, ""split"": 1}"
2,O Livro dos Médiuns,full-staging-reconstruction,o-livro-dos-mediuns:section:731be4f46115e598,731be4f46115e598,section,Vestuário dos Espíritos,o-livro-dos-mediuns:chapter:80d8b11a5624d43d,41,missing-current-unit,[],0,{}
2,O Livro dos Médiuns,full-staging-reconstruction,o-livro-dos-mediuns:section:081adc231db72b28,081adc231db72b28,section,Formação espontânea de objetos tangíveis,o-livro-dos-mediuns:chapter:80d8b11a5624d43d,42,missing-current-unit,[],0,{}
2,O Livro dos Médiuns,full-staging-reconstruction,o-livro-dos-mediuns:section:04b8e1ee7b5a4682,04b8e1ee7b5a4682,section,Modificação das propriedades da matéria,o-livro-dos-mediuns:chapter:80d8b11a5624d43d,43,missing-current-unit,[],0,{}
2,O Livro dos Médiuns,full-staging-reconstruction,o-livro-dos-mediuns:section:655e61bbfe0b06f0,655e61bbfe0b06f0,section,Ação magnética curadora,o-livro-dos-mediuns:chapter:80d8b11a5624d43d,44,missing-current-unit,[],0,{}
2,O Livro dos Médiuns,full-staging-reconstruction,o-livro-dos-mediuns:chapter:4728f2d16389a2fd,4728f2d16389a2fd,chapter,Dos lugares assombrados,o-livro-dos-mediuns:division:9a46cfdb5ddce442,45,multiple-current-records,"[4402, 4403]",2,"{""keep"": 1, ""split"": 1}"
2,O Livro dos Médiuns,full-staging-reconstruction,o-livro-dos-mediuns:chapter:0e497610f9692a5f,0e497610f9692a5f,chapter,Da natureza das comunicações,o-livro-dos-mediuns:division:9a46cfdb5ddce442,46,covered,[4404],1,"{""keep"": 1}"
2,O Livro dos Médiuns,full-staging-reconstruction,o-livro-dos-mediuns:section:8a9bfd20c165e6e2,8a9bfd20c165e6e2,section,"Comunicações grosseiras, frívolas, sérias e instrutivas",o-livro-dos-mediuns:chapter:0e497610f9692a5f,47,covered,[4405],1,"{""keep"": 1}"
2,O Livro dos Médiuns,full-staging-reconstruction,o-livro-dos-mediuns:chapter:17da9e59a0380c05,17da9e59a0380c05,chapter,Da sematologia e da tiptologia,o-livro-dos-mediuns:division:9a46cfdb5ddce442,48,multiple-current-records,"[4406, 4407]",2,"{""keep"": 1, ""split"": 1}"
2,O Livro dos Médiuns,full-staging-reconstruction,o-livro-dos-mediuns:section:d8489685dbf54133,d8489685dbf54133,section,Linguagem dos sinais e das pancadas,o-livro-dos-mediuns:chapter:17da9e59a0380c05,49,missing-current-unit,[],0,{}
2,O Livro dos Médiuns,full-staging-reconstruction,o-livro-dos-mediuns:section:aafa62f625bc1fa8,aafa62f625bc1fa8,section,Tiptologia alfabética,o-livro-dos-mediuns:chapter:17da9e59a0380c05,50,missing-current-unit,[],0,{}
2,O Livro dos Médiuns,full-staging-reconstruction,o-livro-dos-mediuns:chapter:13154add20cd2e31,13154add20cd2e31,chapter,Da pneumatografia ou escrita direta Da pneumatofonia,o-livro-dos-mediuns:division:9a46cfdb5ddce442,51,multiple-current-records,"[4408, 4409, 4410]",3,"{""keep"": 1, ""review"": 1, ""split"": 1}"
2,O Livro dos Médiuns,full-staging-reconstruction,o-livro-dos-mediuns:chapter:b0fc1a2efa66b5a2,b0fc1a2efa66b5a2,chapter,Da psicografia,o-livro-dos-mediuns:division:9a46cfdb5ddce442,52,multiple-current-records,"[4411, 4412]",2,"{""keep"": 1, ""split"": 1}"
2,O Livro dos Médiuns,full-staging-reconstruction,o-livro-dos-mediuns:section:9765b9de5c87aa94,9765b9de5c87aa94,section,Psicografia indireta: cestas e pranchetas,o-livro-dos-mediuns:chapter:b0fc1a2efa66b5a2,53,missing-current-unit,[],0,{}
2,O Livro dos Médiuns,full-staging-reconstruction,o-livro-dos-mediuns:section:66ce33971f1fae95,66ce33971f1fae95,section,Psicografia direta ou manual,o-livro-dos-mediuns:chapter:b0fc1a2efa66b5a2,54,missing-current-unit,[],0,{}
2,O Livro dos Médiuns,full-staging-reconstruction,o-livro-dos-mediuns:chapter:68cf49fbe3c4db92,68cf49fbe3c4db92,chapter,Dos médiuns,o-livro-dos-mediuns:division:9a46cfdb5ddce442,55,multiple-current-records,"[4413, 4414]",2,"{""keep"": 1, ""split"": 1}"
2,O Livro dos Médiuns,full-staging-reconstruction,o-livro-dos-mediuns:section:33a173f2998c4501,33a173f2998c4501,section,Médiuns de efeitos físicos,o-livro-dos-mediuns:chapter:68cf49fbe3c4db92,56,covered,[4415],1,"{""keep"": 1}"
2,O Livro dos Médiuns,full-staging-reconstruction,o-livro-dos-mediuns:section:83e278ff3c2039e3,83e278ff3c2039e3,section,Pessoas elétricas,o-livro-dos-mediuns:chapter:68cf49fbe3c4db92,57,missing-current-unit,[],0,{}
2,O Livro dos Médiuns,full-staging-reconstruction,o-livro-dos-mediuns:section:b360ce5ecff5a57d,b360ce5ecff5a57d,section,Médiuns sensitivos ou impressionáveis,o-livro-dos-mediuns:chapter:68cf49fbe3c4db92,58,covered,[4416],1,"{""keep"": 1}"
2,O Livro dos Médiuns,full-staging-reconstruction,o-livro-dos-mediuns:section:cdcb59d353d57e4d,cdcb59d353d57e4d,section,Médiuns audientes,o-livro-dos-mediuns:chapter:68cf49fbe3c4db92,59,covered,[4417],1,"{""keep"": 1}"
2,O Livro dos Médiuns,full-staging-reconstruction,o-livro-dos-mediuns:section:55522858a73ac12e,55522858a73ac12e,section,Médiuns falantes,o-livro-dos-mediuns:chapter:68cf49fbe3c4db92,60,covered,[4418],1,"{""keep"": 1}"
2,O Livro dos Médiuns,full-staging-reconstruction,o-livro-dos-mediuns:section:3ecc100b34861336,3ecc100b34861336,section,Médiuns videntes,o-livro-dos-mediuns:chapter:68cf49fbe3c4db92,61,covered,[4419],1,"{""keep"": 1}"
2,O Livro dos Médiuns,full-staging-reconstruction,o-livro-dos-mediuns:section:994b29fa8bbc6d4c,994b29fa8bbc6d4c,section,Médiuns sonambúlicos,o-livro-dos-mediuns:chapter:68cf49fbe3c4db92,62,covered,[4420],1,"{""keep"": 1}"
2,O Livro dos Médiuns,full-staging-reconstruction,o-livro-dos-mediuns:section:12ad5eb93b770e9a,12ad5eb93b770e9a,section,Médiuns curadores,o-livro-dos-mediuns:chapter:68cf49fbe3c4db92,63,covered,[4421],1,"{""keep"": 1}"
2,O Livro dos Médiuns,full-staging-reconstruction,o-livro-dos-mediuns:section:4b9ea04d5ffc1ffc,4b9ea04d5ffc1ffc,section,Médiuns pneumatógrafos,o-livro-dos-mediuns:chapter:68cf49fbe3c4db92,64,covered,[4422],1,"{""keep"": 1}"
2,O Livro dos Médiuns,full-staging-reconstruction,o-livro-dos-mediuns:chapter:6615a1e9e3ee3507,6615a1e9e3ee3507,chapter,Dos médiuns escreventes ou psicógrafos,o-livro-dos-mediuns:division:9a46cfdb5ddce442,65,multiple-current-records,"[4423, 4424, 4425, 4426, 4427, 4428, 4429]",7,"{""keep"": 1, ""split"": 6}"
2,O Livro dos Médiuns,full-staging-reconstruction,o-livro-dos-mediuns:section:07cf59a2248b6e9f,07cf59a2248b6e9f,section,"Médiuns mecânicos, intuitivos, semimecânicos, inspirados ou involuntários; de pressentimentos",o-livro-dos-mediuns:chapter:6615a1e9e3ee3507,66,missing-current-unit,[],0,{}
2,O Livro dos Médiuns,full-staging-reconstruction,o-livro-dos-mediuns:chapter:df364177219af5cd,df364177219af5cd,chapter,Dos médiuns especiais,o-livro-dos-mediuns:division:9a46cfdb5ddce442,67,multiple-current-records,"[4430, 4431, 4432, 4433]",4,"{""keep"": 1, ""split"": 3}"
2,O Livro dos Médiuns,full-staging-reconstruction,o-livro-dos-mediuns:section:69229a523a950564,69229a523a950564,section,Aptidões especiais dos médiuns,o-livro-dos-mediuns:chapter:df364177219af5cd,68,missing-current-unit,[],0,{}
2,O Livro dos Médiuns,full-staging-reconstruction,o-livro-dos-mediuns:section:226470eac6cce9d1,226470eac6cce9d1,section,Quadro sinóptico das diferentes espécies de médiuns,o-livro-dos-mediuns:chapter:df364177219af5cd,69,missing-current-unit,[],0,{}
2,O Livro dos Médiuns,full-staging-reconstruction,o-livro-dos-mediuns:chapter:f931dcb245b67695,f931dcb245b67695,chapter,Da formação dos médiuns,o-livro-dos-mediuns:division:9a46cfdb5ddce442,70,covered,[4434],1,"{""keep"": 1}"
2,O Livro dos Médiuns,full-staging-reconstruction,o-livro-dos-mediuns:section:89777b0ea6a53288,89777b0ea6a53288,section,Desenvolvimento da mediunidade,o-livro-dos-mediuns:chapter:f931dcb245b67695,71,covered,[4435],1,"{""keep"": 1}"
2,O Livro dos Médiuns,full-staging-reconstruction,o-livro-dos-mediuns:section:47e8dc19213612d0,47e8dc19213612d0,section,Mudança de caligrafia,o-livro-dos-mediuns:chapter:f931dcb245b67695,72,covered,[4436],1,"{""keep"": 1}"
2,O Livro dos Médiuns,full-staging-reconstruction,o-livro-dos-mediuns:section:62279df3504d41af,62279df3504d41af,section,Perda e suspensão da mediunidade,o-livro-dos-mediuns:chapter:f931dcb245b67695,73,covered,[4437],1,"{""keep"": 1}"
2,O Livro dos Médiuns,full-staging-reconstruction,o-livro-dos-mediuns:chapter:deb8e99e0473f4ff,deb8e99e0473f4ff,chapter,Dos inconvenientes e perigos da mediunidade,o-livro-dos-mediuns:division:9a46cfdb5ddce442,74,multiple-current-records,"[4438, 4439]",2,"{""keep"": 1, ""split"": 1}"
2,O Livro dos Médiuns,full-staging-reconstruction,o-livro-dos-mediuns:section:8b15fc6b92237b7e,8b15fc6b92237b7e,section,Influência do exercício da mediunidade sobre a saúde,o-livro-dos-mediuns:chapter:deb8e99e0473f4ff,75,missing-current-unit,[],0,{}
2,O Livro dos Médiuns,full-staging-reconstruction,o-livro-dos-mediuns:section:f93fb7dbfc03afa8,f93fb7dbfc03afa8,section,Idem sobre o cérebro,o-livro-dos-mediuns:chapter:deb8e99e0473f4ff,76,missing-current-unit,[],0,{}
2,O Livro dos Médiuns,full-staging-reconstruction,o-livro-dos-mediuns:section:54b6ecd521e29f69,54b6ecd521e29f69,section,Idem sobre as crianças,o-livro-dos-mediuns:chapter:deb8e99e0473f4ff,77,missing-current-unit,[],0,{}
2,O Livro dos Médiuns,full-staging-reconstruction,o-livro-dos-mediuns:chapter:79567ea3539ea567,79567ea3539ea567,chapter,Do papel dos médiuns nas comunicações espíritas,o-livro-dos-mediuns:division:9a46cfdb5ddce442,78,multiple-current-records,"[4440, 4441]",2,"{""keep"": 1, ""split"": 1}"
2,O Livro dos Médiuns,full-staging-reconstruction,o-livro-dos-mediuns:section:ae7ffb30e717125f,ae7ffb30e717125f,section,Influência do Espírito pessoal do médium,o-livro-dos-mediuns:chapter:79567ea3539ea567,79,missing-current-unit,[],0,{}
2,O Livro dos Médiuns,full-staging-reconstruction,o-livro-dos-mediuns:section:e0ddf971b1a75a50,e0ddf971b1a75a50,section,Sistema dos médiuns inertes,o-livro-dos-mediuns:chapter:79567ea3539ea567,80,missing-current-unit,[],0,{}
2,O Livro dos Médiuns,full-staging-reconstruction,o-livro-dos-mediuns:section:e6af4a96a98dd86d,e6af4a96a98dd86d,section,"Aptidão de certos médiuns para coisas de que nada conhecem: línguas, música, desenho etc",o-livro-dos-mediuns:chapter:79567ea3539ea567,81,missing-current-unit,[],0,{}
2,O Livro dos Médiuns,full-staging-reconstruction,o-livro-dos-mediuns:section:a599df2946e2b34a,a599df2946e2b34a,section,Dissertação de um Espírito sobre o papel dos médiuns,o-livro-dos-mediuns:chapter:79567ea3539ea567,82,missing-current-unit,[],0,{}
2,O Livro dos Médiuns,full-staging-reconstruction,o-livro-dos-mediuns:chapter:7e7707b357633fe7,7e7707b357633fe7,chapter,Da influência moral do médium,o-livro-dos-mediuns:division:9a46cfdb5ddce442,83,multiple-current-records,"[4442, 4443]",2,"{""keep"": 1, ""split"": 1}"
2,O Livro dos Médiuns,full-staging-reconstruction,o-livro-dos-mediuns:section:d005f7e3dcda7939,d005f7e3dcda7939,section,Questões diversas,o-livro-dos-mediuns:chapter:7e7707b357633fe7,84,missing-current-unit,[],0,{}
2,O Livro dos Médiuns,full-staging-reconstruction,o-livro-dos-mediuns:section:0c6e3ca7fae925fa,0c6e3ca7fae925fa,section,Dissertação de um Espírito sobre a influência moral,o-livro-dos-mediuns:chapter:7e7707b357633fe7,85,missing-current-unit,[],0,{}
2,O Livro dos Médiuns,full-staging-reconstruction,o-livro-dos-mediuns:chapter:58089c6f104dbeaf,58089c6f104dbeaf,chapter,Da influência do meio,o-livro-dos-mediuns:division:9a46cfdb5ddce442,86,multiple-current-records,"[4444, 4445]",2,"{""keep"": 1, ""review"": 1}"
2,O Livro dos Médiuns,full-staging-reconstruction,o-livro-dos-mediuns:chapter:4a634808acd15f35,4a634808acd15f35,chapter,Da mediunidade nos animais,o-livro-dos-mediuns:division:9a46cfdb5ddce442,87,multiple-current-records,"[4446, 4447]",2,"{""keep"": 1, ""split"": 1}"
2,O Livro dos Médiuns,full-staging-reconstruction,o-livro-dos-mediuns:chapter:09cd84160cb379a3,09cd84160cb379a3,chapter,Da obsessão,o-livro-dos-mediuns:division:9a46cfdb5ddce442,88,multiple-current-records,"[4448, 4449]",2,"{""keep"": 1, ""split"": 1}"
2,O Livro dos Médiuns,full-staging-reconstruction,o-livro-dos-mediuns:section:5f10718bbac28805,5f10718bbac28805,section,Obsessão simples,o-livro-dos-mediuns:chapter:09cd84160cb379a3,89,missing-current-unit,[],0,{}
2,O Livro dos Médiuns,full-staging-reconstruction,o-livro-dos-mediuns:section:4f15b08f939f2c78,4f15b08f939f2c78,section,Fascinação,o-livro-dos-mediuns:chapter:09cd84160cb379a3,90,missing-current-unit,[],0,{}
2,O Livro dos Médiuns,full-staging-reconstruction,o-livro-dos-mediuns:section:710ff363b62f5309,710ff363b62f5309,section,Subjugação,o-livro-dos-mediuns:chapter:09cd84160cb379a3,91,missing-current-unit,[],0,{}
2,O Livro dos Médiuns,full-staging-reconstruction,o-livro-dos-mediuns:section:6818e3debc95063d,6818e3debc95063d,section,Causas da obsessão,o-livro-dos-mediuns:chapter:09cd84160cb379a3,92,missing-current-unit,[],0,{}
2,O Livro dos Médiuns,full-staging-reconstruction,o-livro-dos-mediuns:section:4c69457a55c1c259,4c69457a55c1c259,section,Meios de a combater,o-livro-dos-mediuns:chapter:09cd84160cb379a3,93,missing-current-unit,[],0,{}
2,O Livro dos Médiuns,full-staging-reconstruction,o-livro-dos-mediuns:chapter:83f3600ecf97ed90,83f3600ecf97ed90,chapter,Da identidade dos Espíritos,o-livro-dos-mediuns:division:9a46cfdb5ddce442,94,covered,[4450],1,"{""keep"": 1}"
2,O Livro dos Médiuns,full-staging-reconstruction,o-livro-dos-mediuns:section:7cf24fd67444aae7,7cf24fd67444aae7,section,Provas possíveis de identidade,o-livro-dos-mediuns:chapter:83f3600ecf97ed90,95,covered,[4451],1,"{""keep"": 1}"
2,O Livro dos Médiuns,full-staging-reconstruction,o-livro-dos-mediuns:section:3e31b6d762fd8aa9,3e31b6d762fd8aa9,section,Modo de se distinguirem os bons dos maus Espíritos,o-livro-dos-mediuns:chapter:83f3600ecf97ed90,96,covered,[4452],1,"{""keep"": 1}"
2,O Livro dos Médiuns,full-staging-reconstruction,o-livro-dos-mediuns:section:eae804aa8f59f274,eae804aa8f59f274,section,Questões sobre a Natureza e identidade dos Espíritos,o-livro-dos-mediuns:chapter:83f3600ecf97ed90,97,missing-current-unit,[],0,{}
2,O Livro dos Médiuns,full-staging-reconstruction,o-livro-dos-mediuns:chapter:573ec2b2b3eaa683,573ec2b2b3eaa683,chapter,Das evocações,o-livro-dos-mediuns:division:9a46cfdb5ddce442,98,covered,[4453],1,"{""keep"": 1}"
2,O Livro dos Médiuns,full-staging-reconstruction,o-livro-dos-mediuns:section:9f6a3eae58b1acb9,9f6a3eae58b1acb9,section,Considerações gerais,o-livro-dos-mediuns:chapter:573ec2b2b3eaa683,99,covered,[4454],1,"{""keep"": 1}"
2,O Livro dos Médiuns,full-staging-reconstruction,o-livro-dos-mediuns:section:845ad9f9d4d51587,845ad9f9d4d51587,section,Espíritos que se podem evocar,o-livro-dos-mediuns:chapter:573ec2b2b3eaa683,100,covered,[4455],1,"{""keep"": 1}"
2,O Livro dos Médiuns,full-staging-reconstruction,o-livro-dos-mediuns:section:492a6180c6ba6fe2,492a6180c6ba6fe2,section,Linguagem de que se deve usar com os Espíritos,o-livro-dos-mediuns:chapter:573ec2b2b3eaa683,101,covered,[4456],1,"{""keep"": 1}"
2,O Livro dos Médiuns,full-staging-reconstruction,o-livro-dos-mediuns:section:2acab01b60b0ea7e,2acab01b60b0ea7e,section,Utilidade das evocações particulares,o-livro-dos-mediuns:chapter:573ec2b2b3eaa683,102,covered,[4457],1,"{""keep"": 1}"
2,O Livro dos Médiuns,full-staging-reconstruction,o-livro-dos-mediuns:section:329a7200d16caaad,329a7200d16caaad,section,Questões sobre as evocações,o-livro-dos-mediuns:chapter:573ec2b2b3eaa683,103,missing-current-unit,[],0,{}
2,O Livro dos Médiuns,full-staging-reconstruction,o-livro-dos-mediuns:section:d7bb0f81e2ef61da,d7bb0f81e2ef61da,section,Evocações dos animais,o-livro-dos-mediuns:chapter:573ec2b2b3eaa683,104,missing-current-unit,[],0,{}
2,O Livro dos Médiuns,full-staging-reconstruction,o-livro-dos-mediuns:section:a4cc86b2c9901349,a4cc86b2c9901349,section,Evocações das pessoas vivas,o-livro-dos-mediuns:chapter:573ec2b2b3eaa683,105,missing-current-unit,[],0,{}
2,O Livro dos Médiuns,full-staging-reconstruction,o-livro-dos-mediuns:section:63a3f14aca441422,63a3f14aca441422,section,Telegrafia humana,o-livro-dos-mediuns:chapter:573ec2b2b3eaa683,106,missing-current-unit,[],0,{}
2,O Livro dos Médiuns,full-staging-reconstruction,o-livro-dos-mediuns:chapter:b35891906a8c3b1c,b35891906a8c3b1c,chapter,Das perguntas que se podem fazer aos Espíritos,o-livro-dos-mediuns:division:9a46cfdb5ddce442,107,covered,[4458],1,"{""keep"": 1}"
2,O Livro dos Médiuns,full-staging-reconstruction,o-livro-dos-mediuns:section:5ba3129a10c07ce9,5ba3129a10c07ce9,section,Observações preliminares,o-livro-dos-mediuns:chapter:b35891906a8c3b1c,108,covered,[4459],1,"{""keep"": 1}"
2,O Livro dos Médiuns,full-staging-reconstruction,o-livro-dos-mediuns:section:b96d2261558f3a12,b96d2261558f3a12,section,Perguntas simpáticas ou antipáticas aos Espíritos,o-livro-dos-mediuns:chapter:b35891906a8c3b1c,109,missing-current-unit,[],0,{}
2,O Livro dos Médiuns,full-staging-reconstruction,o-livro-dos-mediuns:section:389fe21542a10910,389fe21542a10910,section,Perguntas sobre o futuro,o-livro-dos-mediuns:chapter:b35891906a8c3b1c,110,missing-current-unit,[],0,{}
2,O Livro dos Médiuns,full-staging-reconstruction,o-livro-dos-mediuns:section:1060c077c5cff3d7,1060c077c5cff3d7,section,Sobre as existências passadas e vindouras,o-livro-dos-mediuns:chapter:b35891906a8c3b1c,111,missing-current-unit,[],0,{}
2,O Livro dos Médiuns,full-staging-reconstruction,o-livro-dos-mediuns:section:025ab82800fa1d39,025ab82800fa1d39,section,Sobre interesses morais e materiais,o-livro-dos-mediuns:chapter:b35891906a8c3b1c,112,missing-current-unit,[],0,{}
2,O Livro dos Médiuns,full-staging-reconstruction,o-livro-dos-mediuns:section:a1c5c326f44bd43b,a1c5c326f44bd43b,section,Sobre a sorte dos Espíritos,o-livro-dos-mediuns:chapter:b35891906a8c3b1c,113,missing-current-unit,[],0,{}
2,O Livro dos Médiuns,full-staging-reconstruction,o-livro-dos-mediuns:section:e6d3b855750d59f1,e6d3b855750d59f1,section,Sobre a saúde,o-livro-dos-mediuns:chapter:b35891906a8c3b1c,114,missing-current-unit,[],0,{}
2,O Livro dos Médiuns,full-staging-reconstruction,o-livro-dos-mediuns:section:e3b5d8ef2abf70dd,e3b5d8ef2abf70dd,section,Sobre as invenções e descobertas,o-livro-dos-mediuns:chapter:b35891906a8c3b1c,115,missing-current-unit,[],0,{}
2,O Livro dos Médiuns,full-staging-reconstruction,o-livro-dos-mediuns:section:d488139858eaed13,d488139858eaed13,section,Sobre os tesouros ocultos,o-livro-dos-mediuns:chapter:b35891906a8c3b1c,116,missing-current-unit,[],0,{}
2,O Livro dos Médiuns,full-staging-reconstruction,o-livro-dos-mediuns:section:2033210e151a1a89,2033210e151a1a89,section,Sobre outros mundos,o-livro-dos-mediuns:chapter:b35891906a8c3b1c,117,missing-current-unit,[],0,{}
2,O Livro dos Médiuns,full-staging-reconstruction,o-livro-dos-mediuns:chapter:c770c7120076c1e5,c770c7120076c1e5,chapter,Das contradições e das mistificações,o-livro-dos-mediuns:division:9a46cfdb5ddce442,118,multiple-current-records,"[4460, 4461, 4462]",3,"{""keep"": 1, ""review"": 1, ""split"": 1}"
2,O Livro dos Médiuns,full-staging-reconstruction,o-livro-dos-mediuns:chapter:4e904250e991756e,4e904250e991756e,chapter,Do charlatanismo e do embuste,o-livro-dos-mediuns:division:9a46cfdb5ddce442,119,covered,[4463],1,"{""keep"": 1}"
2,O Livro dos Médiuns,full-staging-reconstruction,o-livro-dos-mediuns:section:b94ab3e3419f09c1,b94ab3e3419f09c1,section,Médiuns interesseiros,o-livro-dos-mediuns:chapter:4e904250e991756e,120,covered,[4464],1,"{""keep"": 1}"
2,O Livro dos Médiuns,full-staging-reconstruction,o-livro-dos-mediuns:section:8f8ab860f9245161,8f8ab860f9245161,section,Fraudes espíritas,o-livro-dos-mediuns:chapter:4e904250e991756e,121,covered,[4465],1,"{""keep"": 1}"
2,O Livro dos Médiuns,full-staging-reconstruction,o-livro-dos-mediuns:chapter:2f0342bc10e59b7f,2f0342bc10e59b7f,chapter,Das reuniões e das Sociedades Espíritas,o-livro-dos-mediuns:division:9a46cfdb5ddce442,122,covered,[4466],1,"{""keep"": 1}"
2,O Livro dos Médiuns,full-staging-reconstruction,o-livro-dos-mediuns:section:af9f20c96c2ac242,af9f20c96c2ac242,section,Das reuniões em geral,o-livro-dos-mediuns:chapter:2f0342bc10e59b7f,123,covered,[4467],1,"{""keep"": 1}"
2,O Livro dos Médiuns,full-staging-reconstruction,o-livro-dos-mediuns:section:8b21899a6a96df5a,8b21899a6a96df5a,section,Das Sociedades propriamente ditas,o-livro-dos-mediuns:chapter:2f0342bc10e59b7f,124,covered,[4468],1,"{""keep"": 1}"
2,O Livro dos Médiuns,full-staging-reconstruction,o-livro-dos-mediuns:section:ea7f85d849f687bf,ea7f85d849f687bf,section,Assuntos de estudo,o-livro-dos-mediuns:chapter:2f0342bc10e59b7f,125,covered,[4469],1,"{""keep"": 1}"
2,O Livro dos Médiuns,full-staging-reconstruction,o-livro-dos-mediuns:section:4f7eac7c6f70650c,4f7eac7c6f70650c,section,Rivalidades entre as Sociedades,o-livro-dos-mediuns:chapter:2f0342bc10e59b7f,126,covered,[4470],1,"{""keep"": 1}"
2,O Livro dos Médiuns,full-staging-reconstruction,o-livro-dos-mediuns:chapter:b01470c0d02fef18,b01470c0d02fef18,chapter,Regulamento da Sociedade Parisiense de Estudos Espíritas,o-livro-dos-mediuns:division:9a46cfdb5ddce442,127,multiple-current-records,"[4471, 4472, 4473, 4474, 4475, 4476]",6,"{""keep"": 1, ""review"": 5}"
2,O Livro dos Médiuns,full-staging-reconstruction,o-livro-dos-mediuns:chapter:9e2d3cf0d9c500c2,9e2d3cf0d9c500c2,chapter,Dissertações espíritas,o-livro-dos-mediuns:division:9a46cfdb5ddce442,128,multiple-current-records,"[4477, 4478, 4479, 4480, 4481, 4482, 4483, 4484, 4485, 4486, 4487, 4488, 4489, 4490, 4491, 4492, 4493, 4495, 4496, 4497, 4498, 4499, 4500, 4501, 4502, 4503, 4504, 4505, 4506, 4507, 4509, 4510, 4511, 4512, 4513, 4514]",36,"{""keep"": 1, ""split"": 35}"
2,O Livro dos Médiuns,full-staging-reconstruction,o-livro-dos-mediuns:section:7ddff543f7338deb,7ddff543f7338deb,section,Acerca do Espiritismo,o-livro-dos-mediuns:chapter:9e2d3cf0d9c500c2,129,missing-current-unit,[],0,{}
2,O Livro dos Médiuns,full-staging-reconstruction,o-livro-dos-mediuns:section:7649e1be5e3c71c6,7649e1be5e3c71c6,section,Sobre os médiuns,o-livro-dos-mediuns:chapter:9e2d3cf0d9c500c2,130,missing-current-unit,[],0,{}
2,O Livro dos Médiuns,full-staging-reconstruction,o-livro-dos-mediuns:section:8667d0a9356064c3,8667d0a9356064c3,section,Sobre as Sociedades Espíritas,o-livro-dos-mediuns:chapter:9e2d3cf0d9c500c2,131,covered,[4494],1,"{""keep"": 1}"
2,O Livro dos Médiuns,full-staging-reconstruction,o-livro-dos-mediuns:section:79a7d4d9521a9f82,79a7d4d9521a9f82,section,Comunicações apócrifas,o-livro-dos-mediuns:chapter:9e2d3cf0d9c500c2,132,covered,[4508],1,"{""keep"": 1}"
2,O Livro dos Médiuns,full-staging-reconstruction,o-livro-dos-mediuns:chapter:ff2d79a135314b4a,ff2d79a135314b4a,chapter,Vocabulário espírita,o-livro-dos-mediuns:division:9a46cfdb5ddce442,133,multiple-current-records,"[4515, 4516, 4517]",3,"{""keep"": 1, ""review"": 1, ""split"": 1}"
2,O Livro dos Médiuns,full-staging-reconstruction,o-livro-dos-mediuns:back_matter:607ca85bf3aff12e,607ca85bf3aff12e,back_matter,Nota Explicativa,,134,missing-current-unit,[],0,{}
2,O Livro dos Médiuns,full-staging-reconstruction,o-livro-dos-mediuns:back_matter:671bb4edf0012323,671bb4edf0012323,back_matter,Índice Geral,,135,missing-current-unit,[],0,{}
3,O Evangelho Segundo o Espiritismo,full-staging-reconstruction,o-evangelho-segundo-o-espiritismo:front_matter:6a4738dbc8f85e8c,6a4738dbc8f85e8c,front_matter,Nota da Editora,,1,missing-current-unit,[],0,{}
3,O Evangelho Segundo o Espiritismo,full-staging-reconstruction,o-evangelho-segundo-o-espiritismo:front_matter:934c5644bdd4752e,934c5644bdd4752e,front_matter,Explicação,,2,covered-role-review,[4518],1,"{""reclassify"": 1}"
3,O Evangelho Segundo o Espiritismo,full-staging-reconstruction,o-evangelho-segundo-o-espiritismo:front_matter:bf747732e4175546,bf747732e4175546,front_matter,Prefácio,,3,covered-role-review,[4519],1,"{""reclassify"": 1}"
3,O Evangelho Segundo o Espiritismo,full-staging-reconstruction,o-evangelho-segundo-o-espiritismo:front_matter:7d45ca2b969108ab,7d45ca2b969108ab,front_matter,Introdução,,4,missing-current-unit,[],0,{}
3,O Evangelho Segundo o Espiritismo,full-staging-reconstruction,o-evangelho-segundo-o-espiritismo:chapter:8a2818f098324598,8a2818f098324598,chapter,Não vim destruir a lei,,5,multiple-current-records,"[4524, 4526, 4527, 4528, 4530]",5,"{""keep"": 1, ""split"": 4}"
3,O Evangelho Segundo o Espiritismo,full-staging-reconstruction,o-evangelho-segundo-o-espiritismo:section:1cb153e45f0d850e,1cb153e45f0d850e,section,"As três revelações: Moisés, Cristo, Espiritismo",o-evangelho-segundo-o-espiritismo:chapter:8a2818f098324598,6,missing-current-unit,[],0,{}
3,O Evangelho Segundo o Espiritismo,full-staging-reconstruction,o-evangelho-segundo-o-espiritismo:section:1eb085eb3da05c20,1eb085eb3da05c20,section,Aliança da Ciência e da Religião,o-evangelho-segundo-o-espiritismo:chapter:8a2818f098324598,7,covered,[4529],1,"{""keep"": 1}"
3,O Evangelho Segundo o Espiritismo,full-staging-reconstruction,o-evangelho-segundo-o-espiritismo:section:ceacaa5287373f78,ceacaa5287373f78,section,Instruções dos Espíritos: A nova era,o-evangelho-segundo-o-espiritismo:chapter:8a2818f098324598,8,covered,[4525],1,"{""keep"": 1}"
3,O Evangelho Segundo o Espiritismo,full-staging-reconstruction,o-evangelho-segundo-o-espiritismo:chapter:feed99e9906b4d14,feed99e9906b4d14,chapter,Meu Reino não é deste mundo,,9,multiple-current-records,"[4531, 4532, 4536]",3,"{""keep"": 1, ""split"": 2}"
3,O Evangelho Segundo o Espiritismo,full-staging-reconstruction,o-evangelho-segundo-o-espiritismo:section:eab2cc1864e46eb8,eab2cc1864e46eb8,section,A vida futura,o-evangelho-segundo-o-espiritismo:chapter:feed99e9906b4d14,10,covered,[4533],1,"{""keep"": 1}"
3,O Evangelho Segundo o Espiritismo,full-staging-reconstruction,o-evangelho-segundo-o-espiritismo:section:4994984bdfaa5548,4994984bdfaa5548,section,A realeza de Jesus,o-evangelho-segundo-o-espiritismo:chapter:feed99e9906b4d14,11,covered,[4534],1,"{""keep"": 1}"
3,O Evangelho Segundo o Espiritismo,full-staging-reconstruction,o-evangelho-segundo-o-espiritismo:section:8e5a80c61f2c722c,8e5a80c61f2c722c,section,O ponto de vista,o-evangelho-segundo-o-espiritismo:chapter:feed99e9906b4d14,12,covered,[4535],1,"{""keep"": 1}"
3,O Evangelho Segundo o Espiritismo,full-staging-reconstruction,o-evangelho-segundo-o-espiritismo:section:d07355a2e50e184a,d07355a2e50e184a,section,Instruções dos Espíritos: Uma realeza terrestre,o-evangelho-segundo-o-espiritismo:chapter:feed99e9906b4d14,13,missing-current-unit,[],0,{}
3,O Evangelho Segundo o Espiritismo,full-staging-reconstruction,o-evangelho-segundo-o-espiritismo:chapter:cb8bbbf90c300761,cb8bbbf90c300761,chapter,Há muitas moradas na casa de meu Pai,,14,multiple-current-records,"[4537, 4538, 4542]",3,"{""keep"": 1, ""split"": 2}"
3,O Evangelho Segundo o Espiritismo,full-staging-reconstruction,o-evangelho-segundo-o-espiritismo:section:6e95b00a2e65b8cc,6e95b00a2e65b8cc,section,Diferentes estados da alma na erraticidade,o-evangelho-segundo-o-espiritismo:chapter:cb8bbbf90c300761,15,covered,[4539],1,"{""keep"": 1}"
3,O Evangelho Segundo o Espiritismo,full-staging-reconstruction,o-evangelho-segundo-o-espiritismo:section:f2c23881d5ca18e6,f2c23881d5ca18e6,section,Diferentes categorias de mundos habitados,o-evangelho-segundo-o-espiritismo:chapter:cb8bbbf90c300761,16,covered,[4540],1,"{""keep"": 1}"
3,O Evangelho Segundo o Espiritismo,full-staging-reconstruction,o-evangelho-segundo-o-espiritismo:section:ca2433df464f9158,ca2433df464f9158,section,Destinação da Terra. Causas das misérias humanas,o-evangelho-segundo-o-espiritismo:chapter:cb8bbbf90c300761,17,covered,[4541],1,"{""keep"": 1}"
3,O Evangelho Segundo o Espiritismo,full-staging-reconstruction,o-evangelho-segundo-o-espiritismo:section:b46a7d10b596afd2,b46a7d10b596afd2,section,Instruções dos Espíritos: Mundos inferiores e mundos superiores,o-evangelho-segundo-o-espiritismo:chapter:cb8bbbf90c300761,18,missing-current-unit,[],0,{}
3,O Evangelho Segundo o Espiritismo,full-staging-reconstruction,o-evangelho-segundo-o-espiritismo:section:2fd4b1ec5fafebd1,2fd4b1ec5fafebd1,section,Mundos de expiações e de provas,o-evangelho-segundo-o-espiritismo:chapter:cb8bbbf90c300761,19,covered,[4543],1,"{""keep"": 1}"
3,O Evangelho Segundo o Espiritismo,full-staging-reconstruction,o-evangelho-segundo-o-espiritismo:section:7666c08df9d43e93,7666c08df9d43e93,section,Mundos regeneradores,o-evangelho-segundo-o-espiritismo:chapter:cb8bbbf90c300761,20,covered,[4544],1,"{""keep"": 1}"
3,O Evangelho Segundo o Espiritismo,full-staging-reconstruction,o-evangelho-segundo-o-espiritismo:section:e90f6fb9cd0d33e0,e90f6fb9cd0d33e0,section,Progressão dos mundos,o-evangelho-segundo-o-espiritismo:chapter:cb8bbbf90c300761,21,covered,[4545],1,"{""keep"": 1}"
3,O Evangelho Segundo o Espiritismo,full-staging-reconstruction,o-evangelho-segundo-o-espiritismo:chapter:20b609be29c3e1e6,20b609be29c3e1e6,chapter,Ninguém poderá ver o Reino de Deus se não nascer de novo,,22,multiple-current-records,"[4546, 4547, 4549, 4550]",4,"{""keep"": 1, ""split"": 3}"
3,O Evangelho Segundo o Espiritismo,full-staging-reconstruction,o-evangelho-segundo-o-espiritismo:section:3a8a76cf3b8f8253,3a8a76cf3b8f8253,section,Ressurreição e reencarnação,o-evangelho-segundo-o-espiritismo:chapter:20b609be29c3e1e6,23,covered,[4548],1,"{""keep"": 1}"
3,O Evangelho Segundo o Espiritismo,full-staging-reconstruction,o-evangelho-segundo-o-espiritismo:section:ccbba847312d31bf,ccbba847312d31bf,section,"A reencarnação fortalece os laços de família, ao passo que a unicidade da existência os rompe",o-evangelho-segundo-o-espiritismo:chapter:20b609be29c3e1e6,24,missing-current-unit,[],0,{}
3,O Evangelho Segundo o Espiritismo,full-staging-reconstruction,o-evangelho-segundo-o-espiritismo:section:1582ce795beb0aa5,1582ce795beb0aa5,section,Instruções dos Espíritos: Limites da encarnação,o-evangelho-segundo-o-espiritismo:chapter:20b609be29c3e1e6,25,missing-current-unit,[],0,{}
3,O Evangelho Segundo o Espiritismo,full-staging-reconstruction,o-evangelho-segundo-o-espiritismo:section:7f471d65f6267a37,7f471d65f6267a37,section,Necessidade da encarnação,o-evangelho-segundo-o-espiritismo:chapter:20b609be29c3e1e6,26,covered,[4551],1,"{""keep"": 1}"
3,O Evangelho Segundo o Espiritismo,full-staging-reconstruction,o-evangelho-segundo-o-espiritismo:chapter:abd764d47a7f62c4,abd764d47a7f62c4,chapter,Bem-aventurados os aflitos,,27,multiple-current-records,"[4552, 4553, 4560, 4570]",4,"{""keep"": 1, ""split"": 3}"
3,O Evangelho Segundo o Espiritismo,full-staging-reconstruction,o-evangelho-segundo-o-espiritismo:section:a02c06f96ef76f0f,a02c06f96ef76f0f,section,Justiça das aflições,o-evangelho-segundo-o-espiritismo:chapter:abd764d47a7f62c4,28,covered,[4554],1,"{""keep"": 1}"
3,O Evangelho Segundo o Espiritismo,full-staging-reconstruction,o-evangelho-segundo-o-espiritismo:section:c38b20bca5083e82,c38b20bca5083e82,section,Causas atuais das aflições,o-evangelho-segundo-o-espiritismo:chapter:abd764d47a7f62c4,29,covered,[4555],1,"{""keep"": 1}"
3,O Evangelho Segundo o Espiritismo,full-staging-reconstruction,o-evangelho-segundo-o-espiritismo:section:59f04d2c35094f8c,59f04d2c35094f8c,section,Causas anteriores das aflições,o-evangelho-segundo-o-espiritismo:chapter:abd764d47a7f62c4,30,covered,[4556],1,"{""keep"": 1}"
3,O Evangelho Segundo o Espiritismo,full-staging-reconstruction,o-evangelho-segundo-o-espiritismo:section:c4f913feb420d030,c4f913feb420d030,section,Esquecimento do passado,o-evangelho-segundo-o-espiritismo:chapter:abd764d47a7f62c4,31,covered,[4557],1,"{""keep"": 1}"
3,O Evangelho Segundo o Espiritismo,full-staging-reconstruction,o-evangelho-segundo-o-espiritismo:section:1e9a8db489343788,1e9a8db489343788,section,Motivos de resignação,o-evangelho-segundo-o-espiritismo:chapter:abd764d47a7f62c4,32,covered,[4558],1,"{""keep"": 1}"
3,O Evangelho Segundo o Espiritismo,full-staging-reconstruction,o-evangelho-segundo-o-espiritismo:section:ead2c8758446aa43,ead2c8758446aa43,section,O suicídio e a loucura,o-evangelho-segundo-o-espiritismo:chapter:abd764d47a7f62c4,33,covered,[4559],1,"{""keep"": 1}"
3,O Evangelho Segundo o Espiritismo,full-staging-reconstruction,o-evangelho-segundo-o-espiritismo:section:9413001c2134fe4c,9413001c2134fe4c,section,Instruções dos Espíritos: Bem e mal sofrer,o-evangelho-segundo-o-espiritismo:chapter:abd764d47a7f62c4,34,missing-current-unit,[],0,{}
3,O Evangelho Segundo o Espiritismo,full-staging-reconstruction,o-evangelho-segundo-o-espiritismo:section:28c6c6812ca142da,28c6c6812ca142da,section,O mal e o remédio,o-evangelho-segundo-o-espiritismo:chapter:abd764d47a7f62c4,35,covered,[4561],1,"{""keep"": 1}"
3,O Evangelho Segundo o Espiritismo,full-staging-reconstruction,o-evangelho-segundo-o-espiritismo:section:c936cbd9e8957325,c936cbd9e8957325,section,A felicidade não é deste mundo,o-evangelho-segundo-o-espiritismo:chapter:abd764d47a7f62c4,36,covered,[4562],1,"{""keep"": 1}"
3,O Evangelho Segundo o Espiritismo,full-staging-reconstruction,o-evangelho-segundo-o-espiritismo:section:9591e0797f814b76,9591e0797f814b76,section,Perda de pessoas amadas. Mortes prematuras,o-evangelho-segundo-o-espiritismo:chapter:abd764d47a7f62c4,37,covered,[4563],1,"{""keep"": 1}"
3,O Evangelho Segundo o Espiritismo,full-staging-reconstruction,o-evangelho-segundo-o-espiritismo:section:bf8fefe0caee64aa,bf8fefe0caee64aa,section,"Se fosse um homem de bem, teria morrido",o-evangelho-segundo-o-espiritismo:chapter:abd764d47a7f62c4,38,covered,[4564],1,"{""keep"": 1}"
3,O Evangelho Segundo o Espiritismo,full-staging-reconstruction,o-evangelho-segundo-o-espiritismo:section:0fe9158754c12daf,0fe9158754c12daf,section,Os tormentos voluntários,o-evangelho-segundo-o-espiritismo:chapter:abd764d47a7f62c4,39,covered,[4565],1,"{""keep"": 1}"
3,O Evangelho Segundo o Espiritismo,full-staging-reconstruction,o-evangelho-segundo-o-espiritismo:section:740f29c13f7122eb,740f29c13f7122eb,section,A desgraça real,o-evangelho-segundo-o-espiritismo:chapter:abd764d47a7f62c4,40,covered,[4566],1,"{""keep"": 1}"
3,O Evangelho Segundo o Espiritismo,full-staging-reconstruction,o-evangelho-segundo-o-espiritismo:section:09d5650b176ce585,09d5650b176ce585,section,A melancolia,o-evangelho-segundo-o-espiritismo:chapter:abd764d47a7f62c4,41,covered,[4567],1,"{""keep"": 1}"
3,O Evangelho Segundo o Espiritismo,full-staging-reconstruction,o-evangelho-segundo-o-espiritismo:section:7cbccd2f02210ff3,7cbccd2f02210ff3,section,Provas voluntárias. O verdadeiro cilício,o-evangelho-segundo-o-espiritismo:chapter:abd764d47a7f62c4,42,covered,[4568],1,"{""keep"": 1}"
3,O Evangelho Segundo o Espiritismo,full-staging-reconstruction,o-evangelho-segundo-o-espiritismo:section:c17ac1350afbdb75,c17ac1350afbdb75,section,Dever-se-á pôr termo às provas do próximo?,o-evangelho-segundo-o-espiritismo:chapter:abd764d47a7f62c4,43,covered,[4569],1,"{""keep"": 1}"
3,O Evangelho Segundo o Espiritismo,full-staging-reconstruction,o-evangelho-segundo-o-espiritismo:section:a1f167a5b1a44d1a,a1f167a5b1a44d1a,section,Será lícito abreviar a vida de um doente que sofra sem esperança de cura?,o-evangelho-segundo-o-espiritismo:chapter:abd764d47a7f62c4,44,missing-current-unit,[],0,{}
3,O Evangelho Segundo o Espiritismo,full-staging-reconstruction,o-evangelho-segundo-o-espiritismo:section:7264231671aab9ae,7264231671aab9ae,section,Sacrifício da própria vida,o-evangelho-segundo-o-espiritismo:chapter:abd764d47a7f62c4,45,covered,[4571],1,"{""keep"": 1}"
3,O Evangelho Segundo o Espiritismo,full-staging-reconstruction,o-evangelho-segundo-o-espiritismo:section:55c793a78f0e5513,55c793a78f0e5513,section,Proveito dos sofrimentos para outrem,o-evangelho-segundo-o-espiritismo:chapter:abd764d47a7f62c4,46,covered,[4572],1,"{""keep"": 1}"
3,O Evangelho Segundo o Espiritismo,full-staging-reconstruction,o-evangelho-segundo-o-espiritismo:chapter:b2f320bb88040a71,b2f320bb88040a71,chapter,O Cristo Consolador,,47,multiple-current-records,"[4573, 4576]",2,"{""keep"": 1, ""split"": 1}"
3,O Evangelho Segundo o Espiritismo,full-staging-reconstruction,o-evangelho-segundo-o-espiritismo:section:c546d626c7920c34,c546d626c7920c34,section,O jugo leve,o-evangelho-segundo-o-espiritismo:chapter:b2f320bb88040a71,48,covered,[4574],1,"{""keep"": 1}"
3,O Evangelho Segundo o Espiritismo,full-staging-reconstruction,o-evangelho-segundo-o-espiritismo:section:6ca613754ad19867,6ca613754ad19867,section,Consolador Prometido,o-evangelho-segundo-o-espiritismo:chapter:b2f320bb88040a71,49,covered,[4575],1,"{""keep"": 1}"
3,O Evangelho Segundo o Espiritismo,full-staging-reconstruction,o-evangelho-segundo-o-espiritismo:section:e585eca45fe17e4b,e585eca45fe17e4b,section,Instruções dos Espíritos: Advento do Espírito de Verdade,o-evangelho-segundo-o-espiritismo:chapter:b2f320bb88040a71,50,missing-current-unit,[],0,{}
3,O Evangelho Segundo o Espiritismo,full-staging-reconstruction,o-evangelho-segundo-o-espiritismo:chapter:8be239c4c28806e1,8be239c4c28806e1,chapter,Bem-aventurados os pobres de espírito,,51,multiple-current-records,"[4577, 4581]",2,"{""keep"": 1, ""split"": 1}"
3,O Evangelho Segundo o Espiritismo,full-staging-reconstruction,o-evangelho-segundo-o-espiritismo:section:2d2ff1edb420ccb6,2d2ff1edb420ccb6,section,O que se deve entender por pobres de espírito,o-evangelho-segundo-o-espiritismo:chapter:8be239c4c28806e1,52,covered,[4578],1,"{""keep"": 1}"
3,O Evangelho Segundo o Espiritismo,full-staging-reconstruction,o-evangelho-segundo-o-espiritismo:section:a3a2d3aadfd5a342,a3a2d3aadfd5a342,section,Aquele que se eleva será rebaixado,o-evangelho-segundo-o-espiritismo:chapter:8be239c4c28806e1,53,covered,[4579],1,"{""keep"": 1}"
3,O Evangelho Segundo o Espiritismo,full-staging-reconstruction,o-evangelho-segundo-o-espiritismo:section:2e32fd9f3e01da79,2e32fd9f3e01da79,section,Mistérios ocultos aos doutos e aos prudentes,o-evangelho-segundo-o-espiritismo:chapter:8be239c4c28806e1,54,covered,[4580],1,"{""keep"": 1}"
3,O Evangelho Segundo o Espiritismo,full-staging-reconstruction,o-evangelho-segundo-o-espiritismo:section:c20f3e0762555451,c20f3e0762555451,section,Instruções dos Espíritos: O orgulho e a humildade,o-evangelho-segundo-o-espiritismo:chapter:8be239c4c28806e1,55,missing-current-unit,[],0,{}
3,O Evangelho Segundo o Espiritismo,full-staging-reconstruction,o-evangelho-segundo-o-espiritismo:section:ee8f617e84e036d2,ee8f617e84e036d2,section,Missão do homem inteligente na Terra,o-evangelho-segundo-o-espiritismo:chapter:8be239c4c28806e1,56,covered,[4582],1,"{""keep"": 1}"
3,O Evangelho Segundo o Espiritismo,full-staging-reconstruction,o-evangelho-segundo-o-espiritismo:chapter:4429333fe7ab2487,4429333fe7ab2487,chapter,Bem-aventurados os que têm puro o coração,,57,multiple-current-records,"[4583, 4587, 4588]",3,"{""keep"": 1, ""split"": 2}"
3,O Evangelho Segundo o Espiritismo,full-staging-reconstruction,o-evangelho-segundo-o-espiritismo:section:8b7585b90c6151d0,8b7585b90c6151d0,section,Simplicidade e pureza de coração,o-evangelho-segundo-o-espiritismo:chapter:4429333fe7ab2487,58,covered,[4584],1,"{""keep"": 1}"
3,O Evangelho Segundo o Espiritismo,full-staging-reconstruction,o-evangelho-segundo-o-espiritismo:section:3c75017da42158d8,3c75017da42158d8,section,Pecado por pensamentos. Adultério,o-evangelho-segundo-o-espiritismo:chapter:4429333fe7ab2487,59,covered,[4585],1,"{""keep"": 1}"
3,O Evangelho Segundo o Espiritismo,full-staging-reconstruction,o-evangelho-segundo-o-espiritismo:section:19f0e72536966ed9,19f0e72536966ed9,section,Verdadeira pureza. Mãos não lavadas,o-evangelho-segundo-o-espiritismo:chapter:4429333fe7ab2487,60,covered,[4586],1,"{""keep"": 1}"
3,O Evangelho Segundo o Espiritismo,full-staging-reconstruction,o-evangelho-segundo-o-espiritismo:section:4c4ac6758ed4be29,4c4ac6758ed4be29,section,"Escândalos. Se a vossa mão é motivo de escândalo, cortai-a",o-evangelho-segundo-o-espiritismo:chapter:4429333fe7ab2487,61,missing-current-unit,[],0,{}
3,O Evangelho Segundo o Espiritismo,full-staging-reconstruction,o-evangelho-segundo-o-espiritismo:section:16b3cc4a1725dc73,16b3cc4a1725dc73,section,Instruções dos Espíritos: Deixai que venham a mim as criancinhas,o-evangelho-segundo-o-espiritismo:chapter:4429333fe7ab2487,62,missing-current-unit,[],0,{}
3,O Evangelho Segundo o Espiritismo,full-staging-reconstruction,o-evangelho-segundo-o-espiritismo:section:1e6c34348c75fbe9,1e6c34348c75fbe9,section,Bem-aventurados os que têm fechados os olhos,o-evangelho-segundo-o-espiritismo:chapter:4429333fe7ab2487,63,covered,[4589],1,"{""keep"": 1}"
3,O Evangelho Segundo o Espiritismo,full-staging-reconstruction,o-evangelho-segundo-o-espiritismo:chapter:c3bf6ff6b1463501,c3bf6ff6b1463501,chapter,Bem-aventurados os que são brandos e pacíficos,,64,multiple-current-records,"[4590, 4592]",2,"{""keep"": 1, ""split"": 1}"
3,O Evangelho Segundo o Espiritismo,full-staging-reconstruction,o-evangelho-segundo-o-espiritismo:section:2857a8bdae6400a4,2857a8bdae6400a4,section,Injúrias e violências,o-evangelho-segundo-o-espiritismo:chapter:c3bf6ff6b1463501,65,covered,[4591],1,"{""keep"": 1}"
3,O Evangelho Segundo o Espiritismo,full-staging-reconstruction,o-evangelho-segundo-o-espiritismo:section:e0b350233e719759,e0b350233e719759,section,Instruções dos Espíritos: A afabilidade e a doçura,o-evangelho-segundo-o-espiritismo:chapter:c3bf6ff6b1463501,66,missing-current-unit,[],0,{}
3,O Evangelho Segundo o Espiritismo,full-staging-reconstruction,o-evangelho-segundo-o-espiritismo:section:a8afea4eca39c89d,a8afea4eca39c89d,section,A paciência,o-evangelho-segundo-o-espiritismo:chapter:c3bf6ff6b1463501,67,covered,[4593],1,"{""keep"": 1}"
3,O Evangelho Segundo o Espiritismo,full-staging-reconstruction,o-evangelho-segundo-o-espiritismo:section:d5246ba836bb2ecf,d5246ba836bb2ecf,section,Obediência e resignação,o-evangelho-segundo-o-espiritismo:chapter:c3bf6ff6b1463501,68,covered,[4594],1,"{""keep"": 1}"
3,O Evangelho Segundo o Espiritismo,full-staging-reconstruction,o-evangelho-segundo-o-espiritismo:section:eff708244b44ad3e,eff708244b44ad3e,section,A cólera,o-evangelho-segundo-o-espiritismo:chapter:c3bf6ff6b1463501,69,covered,[4595],1,"{""keep"": 1}"
3,O Evangelho Segundo o Espiritismo,full-staging-reconstruction,o-evangelho-segundo-o-espiritismo:chapter:e13a7c25a85e52be,e13a7c25a85e52be,chapter,Bem-aventurados os que são misericordiosos,,70,multiple-current-records,"[4596, 4601, 4602, 4604]",4,"{""keep"": 1, ""split"": 3}"
3,O Evangelho Segundo o Espiritismo,full-staging-reconstruction,o-evangelho-segundo-o-espiritismo:section:d2a81e0f376535b2,d2a81e0f376535b2,section,"Perdoai, para que Deus vos perdoe",o-evangelho-segundo-o-espiritismo:chapter:e13a7c25a85e52be,71,covered,[4597],1,"{""keep"": 1}"
3,O Evangelho Segundo o Espiritismo,full-staging-reconstruction,o-evangelho-segundo-o-espiritismo:section:c911194ed7716bcb,c911194ed7716bcb,section,Reconciliação com os adversários,o-evangelho-segundo-o-espiritismo:chapter:e13a7c25a85e52be,72,covered,[4598],1,"{""keep"": 1}"
3,O Evangelho Segundo o Espiritismo,full-staging-reconstruction,o-evangelho-segundo-o-espiritismo:section:f907cde882b7a119,f907cde882b7a119,section,O sacrifício mais agradável a Deus,o-evangelho-segundo-o-espiritismo:chapter:e13a7c25a85e52be,73,covered,[4599],1,"{""keep"": 1}"
3,O Evangelho Segundo o Espiritismo,full-staging-reconstruction,o-evangelho-segundo-o-espiritismo:section:e99f761b382e193e,e99f761b382e193e,section,O argueiro e a trave no olho,o-evangelho-segundo-o-espiritismo:chapter:e13a7c25a85e52be,74,covered,[4600],1,"{""keep"": 1}"
3,O Evangelho Segundo o Espiritismo,full-staging-reconstruction,o-evangelho-segundo-o-espiritismo:section:176ed5879bba79a8,176ed5879bba79a8,section,"Não julgueis, para não serdes julgados. Atire a primeira pedra aquele que estiver sem pecado",o-evangelho-segundo-o-espiritismo:chapter:e13a7c25a85e52be,75,missing-current-unit,[],0,{}
3,O Evangelho Segundo o Espiritismo,full-staging-reconstruction,o-evangelho-segundo-o-espiritismo:section:9315e614d7330fc8,9315e614d7330fc8,section,Instruções dos Espíritos: Perdão das ofensas,o-evangelho-segundo-o-espiritismo:chapter:e13a7c25a85e52be,76,missing-current-unit,[],0,{}
3,O Evangelho Segundo o Espiritismo,full-staging-reconstruction,o-evangelho-segundo-o-espiritismo:section:28ad4e5c58dab161,28ad4e5c58dab161,section,A indulgência,o-evangelho-segundo-o-espiritismo:chapter:e13a7c25a85e52be,77,covered,[4603],1,"{""keep"": 1}"
3,O Evangelho Segundo o Espiritismo,full-staging-reconstruction,o-evangelho-segundo-o-espiritismo:section:005722efacf6c7ab,005722efacf6c7ab,section,"É permitido repreender os outros, notar as imperfeições de outrem, divulgar o mal de outrem?",o-evangelho-segundo-o-espiritismo:chapter:e13a7c25a85e52be,78,missing-current-unit,[],0,{}
3,O Evangelho Segundo o Espiritismo,full-staging-reconstruction,o-evangelho-segundo-o-espiritismo:chapter:05a8e761c4362ed4,05a8e761c4362ed4,chapter,Amar o próximo como a si mesmo,,79,multiple-current-records,"[4605, 4606, 4608]",3,"{""keep"": 1, ""split"": 2}"
3,O Evangelho Segundo o Espiritismo,full-staging-reconstruction,o-evangelho-segundo-o-espiritismo:section:cb585f27af40922f,cb585f27af40922f,section,O mandamento maior. Fazermos aos outros o que queiramos que os outros nos façam. Parábola dos Credores e dos Devedores,o-evangelho-segundo-o-espiritismo:chapter:05a8e761c4362ed4,80,missing-current-unit,[],0,{}
3,O Evangelho Segundo o Espiritismo,full-staging-reconstruction,o-evangelho-segundo-o-espiritismo:section:203af11a97b5071c,203af11a97b5071c,section,Dai a César o que é de César,o-evangelho-segundo-o-espiritismo:chapter:05a8e761c4362ed4,81,covered,[4607],1,"{""keep"": 1}"
3,O Evangelho Segundo o Espiritismo,full-staging-reconstruction,o-evangelho-segundo-o-espiritismo:section:41776a1a001323a1,41776a1a001323a1,section,Instruções dos Espíritos: A lei de amor,o-evangelho-segundo-o-espiritismo:chapter:05a8e761c4362ed4,82,missing-current-unit,[],0,{}
3,O Evangelho Segundo o Espiritismo,full-staging-reconstruction,o-evangelho-segundo-o-espiritismo:section:72056b82696c9f37,72056b82696c9f37,section,O egoísmo,o-evangelho-segundo-o-espiritismo:chapter:05a8e761c4362ed4,83,covered,[4609],1,"{""keep"": 1}"
3,O Evangelho Segundo o Espiritismo,full-staging-reconstruction,o-evangelho-segundo-o-espiritismo:section:eddd2d8d1f0d3ae1,eddd2d8d1f0d3ae1,section,A fé e a caridade,o-evangelho-segundo-o-espiritismo:chapter:05a8e761c4362ed4,84,covered,[4610],1,"{""keep"": 1}"
3,O Evangelho Segundo o Espiritismo,full-staging-reconstruction,o-evangelho-segundo-o-espiritismo:section:c13bffe9ec5c6189,c13bffe9ec5c6189,section,Caridade para com os criminosos,o-evangelho-segundo-o-espiritismo:chapter:05a8e761c4362ed4,85,covered,[4611],1,"{""keep"": 1}"
3,O Evangelho Segundo o Espiritismo,full-staging-reconstruction,o-evangelho-segundo-o-espiritismo:section:a9e2d9548cd648b6,a9e2d9548cd648b6,section,Deve-se expor a vida por um malfeitor?,o-evangelho-segundo-o-espiritismo:chapter:05a8e761c4362ed4,86,covered,[4612],1,"{""keep"": 1}"
3,O Evangelho Segundo o Espiritismo,full-staging-reconstruction,o-evangelho-segundo-o-espiritismo:chapter:42e1b00ef742c0ee,42e1b00ef742c0ee,chapter,Amai os vossos inimigos,,87,multiple-current-records,"[4613, 4616, 4617]",3,"{""keep"": 1, ""split"": 2}"
3,O Evangelho Segundo o Espiritismo,full-staging-reconstruction,o-evangelho-segundo-o-espiritismo:section:e7ce82a4701d9187,e7ce82a4701d9187,section,Retribuir o mal com o bem,o-evangelho-segundo-o-espiritismo:chapter:42e1b00ef742c0ee,88,covered,[4614],1,"{""keep"": 1}"
3,O Evangelho Segundo o Espiritismo,full-staging-reconstruction,o-evangelho-segundo-o-espiritismo:section:a16f5217e66a2b6e,a16f5217e66a2b6e,section,Os inimigos desencarnados,o-evangelho-segundo-o-espiritismo:chapter:42e1b00ef742c0ee,89,covered,[4615],1,"{""keep"": 1}"
3,O Evangelho Segundo o Espiritismo,full-staging-reconstruction,o-evangelho-segundo-o-espiritismo:section:44429f81f48aa5e7,44429f81f48aa5e7,section,"Se alguém vos bater na face direita, apresentai-lhe também a outra",o-evangelho-segundo-o-espiritismo:chapter:42e1b00ef742c0ee,90,missing-current-unit,[],0,{}
3,O Evangelho Segundo o Espiritismo,full-staging-reconstruction,o-evangelho-segundo-o-espiritismo:section:55c5a244e1235970,55c5a244e1235970,section,Instruções dos Espíritos: A vingança,o-evangelho-segundo-o-espiritismo:chapter:42e1b00ef742c0ee,91,missing-current-unit,[],0,{}
3,O Evangelho Segundo o Espiritismo,full-staging-reconstruction,o-evangelho-segundo-o-espiritismo:section:60240d58f4df10cd,60240d58f4df10cd,section,O ódio,o-evangelho-segundo-o-espiritismo:chapter:42e1b00ef742c0ee,92,covered,[4618],1,"{""keep"": 1}"
3,O Evangelho Segundo o Espiritismo,full-staging-reconstruction,o-evangelho-segundo-o-espiritismo:section:af9b2d0aac670576,af9b2d0aac670576,section,O duelo,o-evangelho-segundo-o-espiritismo:chapter:42e1b00ef742c0ee,93,covered,[4619],1,"{""keep"": 1}"
3,O Evangelho Segundo o Espiritismo,full-staging-reconstruction,o-evangelho-segundo-o-espiritismo:chapter:29b9c6ddac59e109,29b9c6ddac59e109,chapter,Não saiba a vossa mão esquerda o que dê a vossa mão direita,,94,multiple-current-records,"[4620, 4624, 4625, 4627, 4628]",5,"{""keep"": 1, ""split"": 4}"
3,O Evangelho Segundo o Espiritismo,full-staging-reconstruction,o-evangelho-segundo-o-espiritismo:section:b26875fe555b110a,b26875fe555b110a,section,Fazer o bem sem ostentação,o-evangelho-segundo-o-espiritismo:chapter:29b9c6ddac59e109,95,covered,[4621],1,"{""keep"": 1}"
3,O Evangelho Segundo o Espiritismo,full-staging-reconstruction,o-evangelho-segundo-o-espiritismo:section:de7647e184ddbf38,de7647e184ddbf38,section,Os infortúnios ocultos,o-evangelho-segundo-o-espiritismo:chapter:29b9c6ddac59e109,96,covered,[4622],1,"{""keep"": 1}"
3,O Evangelho Segundo o Espiritismo,full-staging-reconstruction,o-evangelho-segundo-o-espiritismo:section:2fc3dcc2292bb157,2fc3dcc2292bb157,section,O óbolo da viúva,o-evangelho-segundo-o-espiritismo:chapter:29b9c6ddac59e109,97,covered,[4623],1,"{""keep"": 1}"
3,O Evangelho Segundo o Espiritismo,full-staging-reconstruction,o-evangelho-segundo-o-espiritismo:section:df5ce3936acfbcd0,df5ce3936acfbcd0,section,Convidar os pobres e os estropiados. Dar sem esperar retribuição,o-evangelho-segundo-o-espiritismo:chapter:29b9c6ddac59e109,98,missing-current-unit,[],0,{}
3,O Evangelho Segundo o Espiritismo,full-staging-reconstruction,o-evangelho-segundo-o-espiritismo:section:653b939f90ab7235,653b939f90ab7235,section,Instruções dos Espíritos: A caridade material e a caridade moral,o-evangelho-segundo-o-espiritismo:chapter:29b9c6ddac59e109,99,missing-current-unit,[],0,{}
3,O Evangelho Segundo o Espiritismo,full-staging-reconstruction,o-evangelho-segundo-o-espiritismo:section:4fb8e5bb0bf7cb97,4fb8e5bb0bf7cb97,section,A beneficência,o-evangelho-segundo-o-espiritismo:chapter:29b9c6ddac59e109,100,covered,[4626],1,"{""keep"": 1}"
3,O Evangelho Segundo o Espiritismo,full-staging-reconstruction,o-evangelho-segundo-o-espiritismo:section:9834bc494941095b,9834bc494941095b,section,A piedade: 17. Os órfãos,o-evangelho-segundo-o-espiritismo:chapter:29b9c6ddac59e109,101,missing-current-unit,[],0,{}
3,O Evangelho Segundo o Espiritismo,full-staging-reconstruction,o-evangelho-segundo-o-espiritismo:section:7454abd8389c7469,7454abd8389c7469,section,Benefícios pagos com a ingratidão,o-evangelho-segundo-o-espiritismo:chapter:29b9c6ddac59e109,102,covered,[4629],1,"{""keep"": 1}"
3,O Evangelho Segundo o Espiritismo,full-staging-reconstruction,o-evangelho-segundo-o-espiritismo:section:8695e52f098e8c30,8695e52f098e8c30,section,Beneficência exclusiva,o-evangelho-segundo-o-espiritismo:chapter:29b9c6ddac59e109,103,covered,[4630],1,"{""keep"": 1}"
3,O Evangelho Segundo o Espiritismo,full-staging-reconstruction,o-evangelho-segundo-o-espiritismo:chapter:116319a813065617,116319a813065617,chapter,Honrai a vosso pai e a vossa mãe,,104,multiple-current-records,"[4631, 4632, 4636]",3,"{""keep"": 1, ""split"": 2}"
3,O Evangelho Segundo o Espiritismo,full-staging-reconstruction,o-evangelho-segundo-o-espiritismo:section:f51e1631153d5d81,f51e1631153d5d81,section,Piedade filial,o-evangelho-segundo-o-espiritismo:chapter:116319a813065617,105,covered,[4633],1,"{""keep"": 1}"
3,O Evangelho Segundo o Espiritismo,full-staging-reconstruction,o-evangelho-segundo-o-espiritismo:section:474bc8d82f79c21c,474bc8d82f79c21c,section,Quem é minha mãe e quem são meus irmãos?,o-evangelho-segundo-o-espiritismo:chapter:116319a813065617,106,covered,[4634],1,"{""keep"": 1}"
3,O Evangelho Segundo o Espiritismo,full-staging-reconstruction,o-evangelho-segundo-o-espiritismo:section:b6abae3682eb089f,b6abae3682eb089f,section,A parentela corporal e a parentela espiritual,o-evangelho-segundo-o-espiritismo:chapter:116319a813065617,107,covered,[4635],1,"{""keep"": 1}"
3,O Evangelho Segundo o Espiritismo,full-staging-reconstruction,o-evangelho-segundo-o-espiritismo:section:5d6b73dd440adabd,5d6b73dd440adabd,section,Instruções dos Espíritos: A ingratidão dos filhos e os laços de família,o-evangelho-segundo-o-espiritismo:chapter:116319a813065617,108,missing-current-unit,[],0,{}
3,O Evangelho Segundo o Espiritismo,full-staging-reconstruction,o-evangelho-segundo-o-espiritismo:chapter:931716ce4ee40774,931716ce4ee40774,chapter,Fora da caridade não há salvação,,109,multiple-current-records,"[4637, 4638, 4641, 4642]",4,"{""keep"": 1, ""split"": 3}"
3,O Evangelho Segundo o Espiritismo,full-staging-reconstruction,o-evangelho-segundo-o-espiritismo:section:d33bb5e65a79527c,d33bb5e65a79527c,section,O de que precisa o Espírito para ser salvo. Parábola do Bom Samaritano,o-evangelho-segundo-o-espiritismo:chapter:931716ce4ee40774,110,missing-current-unit,[],0,{}
3,O Evangelho Segundo o Espiritismo,full-staging-reconstruction,o-evangelho-segundo-o-espiritismo:section:7dfed11efa128cb6,7dfed11efa128cb6,section,O mandamento maior,o-evangelho-segundo-o-espiritismo:chapter:931716ce4ee40774,111,covered,[4639],1,"{""keep"": 1}"
3,O Evangelho Segundo o Espiritismo,full-staging-reconstruction,o-evangelho-segundo-o-espiritismo:section:83f28067d4662780,83f28067d4662780,section,"Necessidade da caridade, segundo Paulo",o-evangelho-segundo-o-espiritismo:chapter:931716ce4ee40774,112,covered,[4640],1,"{""keep"": 1}"
3,O Evangelho Segundo o Espiritismo,full-staging-reconstruction,o-evangelho-segundo-o-espiritismo:section:240fda6277fb10b5,240fda6277fb10b5,section,Fora da Igreja não há salvação. Fora da verdade não há salvação,o-evangelho-segundo-o-espiritismo:chapter:931716ce4ee40774,113,missing-current-unit,[],0,{}
3,O Evangelho Segundo o Espiritismo,full-staging-reconstruction,o-evangelho-segundo-o-espiritismo:section:2948e2f81dba6ba9,2948e2f81dba6ba9,section,Instruções dos Espíritos: Fora da caridade não há salvação,o-evangelho-segundo-o-espiritismo:chapter:931716ce4ee40774,114,missing-current-unit,[],0,{}
3,O Evangelho Segundo o Espiritismo,full-staging-reconstruction,o-evangelho-segundo-o-espiritismo:chapter:7831a72e951d3101,7831a72e951d3101,chapter,Não se pode servir a Deus e a Mamon,,115,multiple-current-records,"[4643, 4649, 4651]",3,"{""keep"": 1, ""split"": 2}"
3,O Evangelho Segundo o Espiritismo,full-staging-reconstruction,o-evangelho-segundo-o-espiritismo:section:8571e3a1c5590a95,8571e3a1c5590a95,section,Salvação dos ricos,o-evangelho-segundo-o-espiritismo:chapter:7831a72e951d3101,116,covered,[4644],1,"{""keep"": 1}"
3,O Evangelho Segundo o Espiritismo,full-staging-reconstruction,o-evangelho-segundo-o-espiritismo:section:f4eed6eb003dce4b,f4eed6eb003dce4b,section,Preservar-se da avareza,o-evangelho-segundo-o-espiritismo:chapter:7831a72e951d3101,117,covered,[4645],1,"{""keep"": 1}"
3,O Evangelho Segundo o Espiritismo,full-staging-reconstruction,o-evangelho-segundo-o-espiritismo:section:03049de1e7eb61a5,03049de1e7eb61a5,section,Jesus em casa de Zaqueu,o-evangelho-segundo-o-espiritismo:chapter:7831a72e951d3101,118,covered,[4646],1,"{""keep"": 1}"
3,O Evangelho Segundo o Espiritismo,full-staging-reconstruction,o-evangelho-segundo-o-espiritismo:section:3ff5d72ca216fe32,3ff5d72ca216fe32,section,Parábola do Mau Rico,o-evangelho-segundo-o-espiritismo:chapter:7831a72e951d3101,119,covered,[4647],1,"{""keep"": 1}"
3,O Evangelho Segundo o Espiritismo,full-staging-reconstruction,o-evangelho-segundo-o-espiritismo:section:22877f3011b90a50,22877f3011b90a50,section,Parábola dos Talentos,o-evangelho-segundo-o-espiritismo:chapter:7831a72e951d3101,120,covered,[4648],1,"{""keep"": 1}"
3,O Evangelho Segundo o Espiritismo,full-staging-reconstruction,o-evangelho-segundo-o-espiritismo:section:fa2741afc176688e,fa2741afc176688e,section,Utilidade providencial da riqueza. Provas da riqueza e da miséria,o-evangelho-segundo-o-espiritismo:chapter:7831a72e951d3101,121,missing-current-unit,[],0,{}
3,O Evangelho Segundo o Espiritismo,full-staging-reconstruction,o-evangelho-segundo-o-espiritismo:section:9a42582457518469,9a42582457518469,section,Desigualdade das riquezas,o-evangelho-segundo-o-espiritismo:chapter:7831a72e951d3101,122,covered,[4650],1,"{""keep"": 1}"
3,O Evangelho Segundo o Espiritismo,full-staging-reconstruction,o-evangelho-segundo-o-espiritismo:section:1dc7031d0c76b09b,1dc7031d0c76b09b,section,Instruções dos Espíritos: A verdadeira propriedade,o-evangelho-segundo-o-espiritismo:chapter:7831a72e951d3101,123,missing-current-unit,[],0,{}
3,O Evangelho Segundo o Espiritismo,full-staging-reconstruction,o-evangelho-segundo-o-espiritismo:section:4ea2b6ce1df9393e,4ea2b6ce1df9393e,section,Emprego da riqueza,o-evangelho-segundo-o-espiritismo:chapter:7831a72e951d3101,124,covered,[4652],1,"{""keep"": 1}"
3,O Evangelho Segundo o Espiritismo,full-staging-reconstruction,o-evangelho-segundo-o-espiritismo:section:b905bc09c0ed19ef,b905bc09c0ed19ef,section,Desprendimento dos bens terrenos,o-evangelho-segundo-o-espiritismo:chapter:7831a72e951d3101,125,covered,[4653],1,"{""keep"": 1}"
3,O Evangelho Segundo o Espiritismo,full-staging-reconstruction,o-evangelho-segundo-o-espiritismo:section:97d43642411a2ccf,97d43642411a2ccf,section,Transmissão da riqueza,o-evangelho-segundo-o-espiritismo:chapter:7831a72e951d3101,126,covered,[4654],1,"{""keep"": 1}"
3,O Evangelho Segundo o Espiritismo,full-staging-reconstruction,o-evangelho-segundo-o-espiritismo:chapter:c3f3ddcb525377c1,c3f3ddcb525377c1,chapter,Sede perfeitos,,127,multiple-current-records,"[4655, 4660]",2,"{""keep"": 1, ""split"": 1}"
3,O Evangelho Segundo o Espiritismo,full-staging-reconstruction,o-evangelho-segundo-o-espiritismo:section:85485a836b6feb8c,85485a836b6feb8c,section,Caracteres da perfeição,o-evangelho-segundo-o-espiritismo:chapter:c3f3ddcb525377c1,128,covered,[4656],1,"{""keep"": 1}"
3,O Evangelho Segundo o Espiritismo,full-staging-reconstruction,o-evangelho-segundo-o-espiritismo:section:9345871acf2dc955,9345871acf2dc955,section,O homem de bem,o-evangelho-segundo-o-espiritismo:chapter:c3f3ddcb525377c1,129,covered,[4657],1,"{""keep"": 1}"
3,O Evangelho Segundo o Espiritismo,full-staging-reconstruction,o-evangelho-segundo-o-espiritismo:section:082af4337cc605a6,082af4337cc605a6,section,Os bons espíritas,o-evangelho-segundo-o-espiritismo:chapter:c3f3ddcb525377c1,130,covered,[4658],1,"{""keep"": 1}"
3,O Evangelho Segundo o Espiritismo,full-staging-reconstruction,o-evangelho-segundo-o-espiritismo:section:e4a31a68a6bcc7ee,e4a31a68a6bcc7ee,section,Parábola do Semeador,o-evangelho-segundo-o-espiritismo:chapter:c3f3ddcb525377c1,131,covered,[4659],1,"{""keep"": 1}"
3,O Evangelho Segundo o Espiritismo,full-staging-reconstruction,o-evangelho-segundo-o-espiritismo:section:4bacc8308c73b273,4bacc8308c73b273,section,Instruções dos Espíritos: O dever,o-evangelho-segundo-o-espiritismo:chapter:c3f3ddcb525377c1,132,missing-current-unit,[],0,{}
3,O Evangelho Segundo o Espiritismo,full-staging-reconstruction,o-evangelho-segundo-o-espiritismo:section:1ec4b548313ed9c4,1ec4b548313ed9c4,section,A virtude,o-evangelho-segundo-o-espiritismo:chapter:c3f3ddcb525377c1,133,covered,[4661],1,"{""keep"": 1}"
3,O Evangelho Segundo o Espiritismo,full-staging-reconstruction,o-evangelho-segundo-o-espiritismo:section:79ea449c378dc9e1,79ea449c378dc9e1,section,Os superiores e os inferiores,o-evangelho-segundo-o-espiritismo:chapter:c3f3ddcb525377c1,134,covered,[4662],1,"{""keep"": 1}"
3,O Evangelho Segundo o Espiritismo,full-staging-reconstruction,o-evangelho-segundo-o-espiritismo:section:2d75814f8fbde270,2d75814f8fbde270,section,O homem no mundo,o-evangelho-segundo-o-espiritismo:chapter:c3f3ddcb525377c1,135,covered,[4663],1,"{""keep"": 1}"
3,O Evangelho Segundo o Espiritismo,full-staging-reconstruction,o-evangelho-segundo-o-espiritismo:section:3130533fa0645462,3130533fa0645462,section,Cuidar do corpo e do espírito,o-evangelho-segundo-o-espiritismo:chapter:c3f3ddcb525377c1,136,covered,[4664],1,"{""keep"": 1}"
3,O Evangelho Segundo o Espiritismo,full-staging-reconstruction,o-evangelho-segundo-o-espiritismo:chapter:7f0e83d61ca559d5,7f0e83d61ca559d5,chapter,"Muitos os chamados, poucos os escolhidos",,137,multiple-current-records,"[4665, 4668, 4670]",3,"{""keep"": 1, ""split"": 2}"
3,O Evangelho Segundo o Espiritismo,full-staging-reconstruction,o-evangelho-segundo-o-espiritismo:section:9e4e0647692ba6d0,9e4e0647692ba6d0,section,Parábola do Festim das Bodas,o-evangelho-segundo-o-espiritismo:chapter:7f0e83d61ca559d5,138,covered,[4666],1,"{""keep"": 1}"
3,O Evangelho Segundo o Espiritismo,full-staging-reconstruction,o-evangelho-segundo-o-espiritismo:section:67e161937ebee0d5,67e161937ebee0d5,section,A porta estreita,o-evangelho-segundo-o-espiritismo:chapter:7f0e83d61ca559d5,139,covered,[4667],1,"{""keep"": 1}"
3,O Evangelho Segundo o Espiritismo,full-staging-reconstruction,o-evangelho-segundo-o-espiritismo:section:2c11e17cf8b7f38f,2c11e17cf8b7f38f,section,Nem todos os que dizem: “Senhor! Senhor!” entrarão no Reino dos Céus,o-evangelho-segundo-o-espiritismo:chapter:7f0e83d61ca559d5,140,missing-current-unit,[],0,{}
3,O Evangelho Segundo o Espiritismo,full-staging-reconstruction,o-evangelho-segundo-o-espiritismo:section:f1c9ed2d7e45029f,f1c9ed2d7e45029f,section,Muito se pedirá àquele que muito recebeu,o-evangelho-segundo-o-espiritismo:chapter:7f0e83d61ca559d5,141,covered,[4669],1,"{""keep"": 1}"
3,O Evangelho Segundo o Espiritismo,full-staging-reconstruction,o-evangelho-segundo-o-espiritismo:section:e2bd506ea7043b4c,e2bd506ea7043b4c,section,Instruções dos Espíritos: Dar-se-á àquele que tem,o-evangelho-segundo-o-espiritismo:chapter:7f0e83d61ca559d5,142,missing-current-unit,[],0,{}
3,O Evangelho Segundo o Espiritismo,full-staging-reconstruction,o-evangelho-segundo-o-espiritismo:section:e289a1b2b6701f30,e289a1b2b6701f30,section,Pelas suas obras é que se reconhece o cristão,o-evangelho-segundo-o-espiritismo:chapter:7f0e83d61ca559d5,143,covered,[4671],1,"{""keep"": 1}"
3,O Evangelho Segundo o Espiritismo,full-staging-reconstruction,o-evangelho-segundo-o-espiritismo:chapter:99bfc7bd060b3fd0,99bfc7bd060b3fd0,chapter,A fé transporta montanhas,,144,multiple-current-records,"[4672, 4676]",2,"{""keep"": 1, ""split"": 1}"
3,O Evangelho Segundo o Espiritismo,full-staging-reconstruction,o-evangelho-segundo-o-espiritismo:section:2a52d4b9e6a681e9,2a52d4b9e6a681e9,section,Poder da fé,o-evangelho-segundo-o-espiritismo:chapter:99bfc7bd060b3fd0,145,covered,[4673],1,"{""keep"": 1}"
3,O Evangelho Segundo o Espiritismo,full-staging-reconstruction,o-evangelho-segundo-o-espiritismo:section:f8084496bced5bef,f8084496bced5bef,section,A fé religiosa. Condição da fé inabalável,o-evangelho-segundo-o-espiritismo:chapter:99bfc7bd060b3fd0,146,covered,[4674],1,"{""keep"": 1}"
3,O Evangelho Segundo o Espiritismo,full-staging-reconstruction,o-evangelho-segundo-o-espiritismo:section:2d121ea2e59e7c6d,2d121ea2e59e7c6d,section,Parábola da Figueira que Secou,o-evangelho-segundo-o-espiritismo:chapter:99bfc7bd060b3fd0,147,covered,[4675],1,"{""keep"": 1}"
3,O Evangelho Segundo o Espiritismo,full-staging-reconstruction,o-evangelho-segundo-o-espiritismo:section:73c1a4d01c57d447,73c1a4d01c57d447,section,Instruções dos Espíritos: A fé: mãe da esperança e da caridade,o-evangelho-segundo-o-espiritismo:chapter:99bfc7bd060b3fd0,148,missing-current-unit,[],0,{}
3,O Evangelho Segundo o Espiritismo,full-staging-reconstruction,o-evangelho-segundo-o-espiritismo:section:e1d1f3f2b0667c07,e1d1f3f2b0667c07,section,A fé humana e a divina,o-evangelho-segundo-o-espiritismo:chapter:99bfc7bd060b3fd0,149,covered,[4677],1,"{""keep"": 1}"
3,O Evangelho Segundo o Espiritismo,full-staging-reconstruction,o-evangelho-segundo-o-espiritismo:chapter:86596137967a3f21,86596137967a3f21,chapter,Os trabalhadores da última hora,,150,multiple-current-records,"[4678, 4679, 4680]",3,"{""keep"": 1, ""split"": 2}"
3,O Evangelho Segundo o Espiritismo,full-staging-reconstruction,o-evangelho-segundo-o-espiritismo:section:bb1051248ab7fc20,bb1051248ab7fc20,section,Instruções dos Espíritos: Os últimos serão os primeiros,o-evangelho-segundo-o-espiritismo:chapter:86596137967a3f21,151,missing-current-unit,[],0,{}
3,O Evangelho Segundo o Espiritismo,full-staging-reconstruction,o-evangelho-segundo-o-espiritismo:section:999c702c70c56686,999c702c70c56686,section,Missão dos espíritas,o-evangelho-segundo-o-espiritismo:chapter:86596137967a3f21,152,covered,[4681],1,"{""keep"": 1}"
3,O Evangelho Segundo o Espiritismo,full-staging-reconstruction,o-evangelho-segundo-o-espiritismo:section:f13ec08e079aa773,f13ec08e079aa773,section,Os obreiros do Senhor,o-evangelho-segundo-o-espiritismo:chapter:86596137967a3f21,153,covered,[4682],1,"{""keep"": 1}"
3,O Evangelho Segundo o Espiritismo,full-staging-reconstruction,o-evangelho-segundo-o-espiritismo:chapter:0f6d29444044bb0d,0f6d29444044bb0d,chapter,Haverá falsos cristos e falsos profetas,,154,multiple-current-records,"[4683, 4688]",2,"{""keep"": 1, ""split"": 1}"
3,O Evangelho Segundo o Espiritismo,full-staging-reconstruction,o-evangelho-segundo-o-espiritismo:section:1b8f17ee84eb3ebc,1b8f17ee84eb3ebc,section,Conhece-se a árvore pelo fruto,o-evangelho-segundo-o-espiritismo:chapter:0f6d29444044bb0d,155,covered,[4684],1,"{""keep"": 1}"
3,O Evangelho Segundo o Espiritismo,full-staging-reconstruction,o-evangelho-segundo-o-espiritismo:section:067f18f5d41d60d8,067f18f5d41d60d8,section,Missão dos profetas,o-evangelho-segundo-o-espiritismo:chapter:0f6d29444044bb0d,156,covered,[4685],1,"{""keep"": 1}"
3,O Evangelho Segundo o Espiritismo,full-staging-reconstruction,o-evangelho-segundo-o-espiritismo:section:1ea98b65e4659fb0,1ea98b65e4659fb0,section,Prodígios dos falsos profetas,o-evangelho-segundo-o-espiritismo:chapter:0f6d29444044bb0d,157,covered,[4686],1,"{""keep"": 1}"
3,O Evangelho Segundo o Espiritismo,full-staging-reconstruction,o-evangelho-segundo-o-espiritismo:section:d26b218a1a57538c,d26b218a1a57538c,section,Não creais em todos os Espíritos,o-evangelho-segundo-o-espiritismo:chapter:0f6d29444044bb0d,158,covered,[4687],1,"{""keep"": 1}"
3,O Evangelho Segundo o Espiritismo,full-staging-reconstruction,o-evangelho-segundo-o-espiritismo:section:8e7e64a2194c754c,8e7e64a2194c754c,section,Instruções dos Espíritos: Os falsos profetas,o-evangelho-segundo-o-espiritismo:chapter:0f6d29444044bb0d,159,missing-current-unit,[],0,{}
3,O Evangelho Segundo o Espiritismo,full-staging-reconstruction,o-evangelho-segundo-o-espiritismo:section:0c9073442024fbd8,0c9073442024fbd8,section,Caracteres do verdadeiro profeta,o-evangelho-segundo-o-espiritismo:chapter:0f6d29444044bb0d,160,covered,[4689],1,"{""keep"": 1}"
3,O Evangelho Segundo o Espiritismo,full-staging-reconstruction,o-evangelho-segundo-o-espiritismo:section:dcf64c7196a83239,dcf64c7196a83239,section,Os falsos profetas da erraticidade,o-evangelho-segundo-o-espiritismo:chapter:0f6d29444044bb0d,161,covered,[4690],1,"{""keep"": 1}"
3,O Evangelho Segundo o Espiritismo,full-staging-reconstruction,o-evangelho-segundo-o-espiritismo:section:10d0185b0808fc7f,10d0185b0808fc7f,section,Jeremias e os falsos profetas,o-evangelho-segundo-o-espiritismo:chapter:0f6d29444044bb0d,162,covered,[4691],1,"{""keep"": 1}"
3,O Evangelho Segundo o Espiritismo,full-staging-reconstruction,o-evangelho-segundo-o-espiritismo:chapter:be3c752810fae1d3,be3c752810fae1d3,chapter,Não separeis o que Deus juntou,,163,covered,[4692],1,"{""keep"": 1}"
3,O Evangelho Segundo o Espiritismo,full-staging-reconstruction,o-evangelho-segundo-o-espiritismo:section:940c034723c698e8,940c034723c698e8,section,Indissolubilidade do casamento,o-evangelho-segundo-o-espiritismo:chapter:be3c752810fae1d3,164,covered,[4693],1,"{""keep"": 1}"
3,O Evangelho Segundo o Espiritismo,full-staging-reconstruction,o-evangelho-segundo-o-espiritismo:section:039ee55b4b539c70,039ee55b4b539c70,section,O divórcio,o-evangelho-segundo-o-espiritismo:chapter:be3c752810fae1d3,165,covered,[4694],1,"{""keep"": 1}"
3,O Evangelho Segundo o Espiritismo,full-staging-reconstruction,o-evangelho-segundo-o-espiritismo:chapter:644b74453d56c150,644b74453d56c150,chapter,Estranha moral,,166,multiple-current-records,"[4695, 4698]",2,"{""keep"": 1, ""split"": 1}"
3,O Evangelho Segundo o Espiritismo,full-staging-reconstruction,o-evangelho-segundo-o-espiritismo:section:48be150ee162e92d,48be150ee162e92d,section,Odiar os pais,o-evangelho-segundo-o-espiritismo:chapter:644b74453d56c150,167,covered,[4696],1,"{""keep"": 1}"
3,O Evangelho Segundo o Espiritismo,full-staging-reconstruction,o-evangelho-segundo-o-espiritismo:section:bf8b00bfacacfef5,bf8b00bfacacfef5,section,"Abandonar pai, mãe e filhos",o-evangelho-segundo-o-espiritismo:chapter:644b74453d56c150,168,covered,[4697],1,"{""keep"": 1}"
3,O Evangelho Segundo o Espiritismo,full-staging-reconstruction,o-evangelho-segundo-o-espiritismo:section:74f27dfb344cf3b2,74f27dfb344cf3b2,section,Deixar aos mortos o cuidado de enterrar seus mortos,o-evangelho-segundo-o-espiritismo:chapter:644b74453d56c150,169,missing-current-unit,[],0,{}
3,O Evangelho Segundo o Espiritismo,full-staging-reconstruction,o-evangelho-segundo-o-espiritismo:section:208c20145b6ee5a4,208c20145b6ee5a4,section,"Não vim trazer a paz, mas a divisão",o-evangelho-segundo-o-espiritismo:chapter:644b74453d56c150,170,covered,[4699],1,"{""keep"": 1}"
3,O Evangelho Segundo o Espiritismo,full-staging-reconstruction,o-evangelho-segundo-o-espiritismo:chapter:41077b555b40b85c,41077b555b40b85c,chapter,Não ponhais a candeia debaixo do alqueire,,171,multiple-current-records,"[4700, 4701, 4703, 4705]",4,"{""keep"": 1, ""split"": 3}"
3,O Evangelho Segundo o Espiritismo,full-staging-reconstruction,o-evangelho-segundo-o-espiritismo:section:d9e729edff827da4,d9e729edff827da4,section,Candeia sob o alqueire. Por que fala Jesus por parábolas,o-evangelho-segundo-o-espiritismo:chapter:41077b555b40b85c,172,missing-current-unit,[],0,{}
3,O Evangelho Segundo o Espiritismo,full-staging-reconstruction,o-evangelho-segundo-o-espiritismo:section:3239437b8ac36e10,3239437b8ac36e10,section,Não vades ter com os gentios,o-evangelho-segundo-o-espiritismo:chapter:41077b555b40b85c,173,covered,[4702],1,"{""keep"": 1}"
3,O Evangelho Segundo o Espiritismo,full-staging-reconstruction,o-evangelho-segundo-o-espiritismo:section:93da9bd5a21815cc,93da9bd5a21815cc,section,Não são os que gozam saúde que precisam de médico,o-evangelho-segundo-o-espiritismo:chapter:41077b555b40b85c,174,missing-current-unit,[],0,{}
3,O Evangelho Segundo o Espiritismo,full-staging-reconstruction,o-evangelho-segundo-o-espiritismo:section:da73a66bfcd9507a,da73a66bfcd9507a,section,Coragem da fé,o-evangelho-segundo-o-espiritismo:chapter:41077b555b40b85c,175,covered,[4704],1,"{""keep"": 1}"
3,O Evangelho Segundo o Espiritismo,full-staging-reconstruction,o-evangelho-segundo-o-espiritismo:section:482702995c062759,482702995c062759,section,"Carregar sua cruz. Quem quiser salvar a vida, perdê-la-á",o-evangelho-segundo-o-espiritismo:chapter:41077b555b40b85c,176,missing-current-unit,[],0,{}
3,O Evangelho Segundo o Espiritismo,full-staging-reconstruction,o-evangelho-segundo-o-espiritismo:chapter:7ee8e14cf2b3dfbd,7ee8e14cf2b3dfbd,chapter,Buscai e achareis,,177,covered,[4706],1,"{""keep"": 1}"
3,O Evangelho Segundo o Espiritismo,full-staging-reconstruction,o-evangelho-segundo-o-espiritismo:section:1819b2b55433835d,1819b2b55433835d,section,"Ajuda-te a ti mesmo, que o céu te ajudará",o-evangelho-segundo-o-espiritismo:chapter:7ee8e14cf2b3dfbd,178,covered,[4707],1,"{""keep"": 1}"
3,O Evangelho Segundo o Espiritismo,full-staging-reconstruction,o-evangelho-segundo-o-espiritismo:section:cba141f32aa69e5d,cba141f32aa69e5d,section,Observai os pássaros do céu,o-evangelho-segundo-o-espiritismo:chapter:7ee8e14cf2b3dfbd,179,covered,[4708],1,"{""keep"": 1}"
3,O Evangelho Segundo o Espiritismo,full-staging-reconstruction,o-evangelho-segundo-o-espiritismo:section:42f980073b7ab72f,42f980073b7ab72f,section,Não vos afadigueis pela posse do ouro,o-evangelho-segundo-o-espiritismo:chapter:7ee8e14cf2b3dfbd,180,covered,[4709],1,"{""keep"": 1}"
3,O Evangelho Segundo o Espiritismo,full-staging-reconstruction,o-evangelho-segundo-o-espiritismo:chapter:069a82afbb9131f1,069a82afbb9131f1,chapter,Dai gratuitamente o que gratuitamente recebestes,,181,covered,[4710],1,"{""keep"": 1}"
3,O Evangelho Segundo o Espiritismo,full-staging-reconstruction,o-evangelho-segundo-o-espiritismo:section:445088a8ed30f363,445088a8ed30f363,section,Dom de curar,o-evangelho-segundo-o-espiritismo:chapter:069a82afbb9131f1,182,covered,[4711],1,"{""keep"": 1}"
3,O Evangelho Segundo o Espiritismo,full-staging-reconstruction,o-evangelho-segundo-o-espiritismo:section:c23fd1da131556de,c23fd1da131556de,section,Preces pagas,o-evangelho-segundo-o-espiritismo:chapter:069a82afbb9131f1,183,covered,[4712],1,"{""keep"": 1}"
3,O Evangelho Segundo o Espiritismo,full-staging-reconstruction,o-evangelho-segundo-o-espiritismo:section:af91e6bc43edfbb0,af91e6bc43edfbb0,section,Mercadores expulsos do templo,o-evangelho-segundo-o-espiritismo:chapter:069a82afbb9131f1,184,covered,[4713],1,"{""keep"": 1}"
3,O Evangelho Segundo o Espiritismo,full-staging-reconstruction,o-evangelho-segundo-o-espiritismo:section:05fb6072c6c10b57,05fb6072c6c10b57,section,Mediunidade gratuita,o-evangelho-segundo-o-espiritismo:chapter:069a82afbb9131f1,185,covered,[4714],1,"{""keep"": 1}"
3,O Evangelho Segundo o Espiritismo,full-staging-reconstruction,o-evangelho-segundo-o-espiritismo:chapter:c2c82cb03b23a9be,c2c82cb03b23a9be,chapter,Pedi e obtereis,,186,multiple-current-records,"[4715, 4721]",2,"{""keep"": 1, ""split"": 1}"
3,O Evangelho Segundo o Espiritismo,full-staging-reconstruction,o-evangelho-segundo-o-espiritismo:section:3ff4f3617d86bc8f,3ff4f3617d86bc8f,section,Qualidades da prece,o-evangelho-segundo-o-espiritismo:chapter:c2c82cb03b23a9be,187,covered,[4716],1,"{""keep"": 1}"
3,O Evangelho Segundo o Espiritismo,full-staging-reconstruction,o-evangelho-segundo-o-espiritismo:section:c43f1a7cd8930ccf,c43f1a7cd8930ccf,section,Eficácia da prece,o-evangelho-segundo-o-espiritismo:chapter:c2c82cb03b23a9be,188,covered,[4717],1,"{""keep"": 1}"
3,O Evangelho Segundo o Espiritismo,full-staging-reconstruction,o-evangelho-segundo-o-espiritismo:section:10ad264e9ccc12c2,10ad264e9ccc12c2,section,Ação da prece. Transmissão do pensamento,o-evangelho-segundo-o-espiritismo:chapter:c2c82cb03b23a9be,189,covered,[4718],1,"{""keep"": 1}"
3,O Evangelho Segundo o Espiritismo,full-staging-reconstruction,o-evangelho-segundo-o-espiritismo:section:9fc6d79d98629d4e,9fc6d79d98629d4e,section,Preces inteligíveis,o-evangelho-segundo-o-espiritismo:chapter:c2c82cb03b23a9be,190,covered,[4719],1,"{""keep"": 1}"
3,O Evangelho Segundo o Espiritismo,full-staging-reconstruction,o-evangelho-segundo-o-espiritismo:section:59ae1400a083c155,59ae1400a083c155,section,Da prece pelos mortos e pelos Espíritos sofredores,o-evangelho-segundo-o-espiritismo:chapter:c2c82cb03b23a9be,191,covered,[4720],1,"{""keep"": 1}"
3,O Evangelho Segundo o Espiritismo,full-staging-reconstruction,o-evangelho-segundo-o-espiritismo:section:2a1a3545b9965790,2a1a3545b9965790,section,Instruções dos Espíritos: Maneira de orar,o-evangelho-segundo-o-espiritismo:chapter:c2c82cb03b23a9be,192,missing-current-unit,[],0,{}
3,O Evangelho Segundo o Espiritismo,full-staging-reconstruction,o-evangelho-segundo-o-espiritismo:section:834448407b597eaa,834448407b597eaa,section,Felicidade que a prece proporciona,o-evangelho-segundo-o-espiritismo:chapter:c2c82cb03b23a9be,193,covered,[4722],1,"{""keep"": 1}"
3,O Evangelho Segundo o Espiritismo,full-staging-reconstruction,o-evangelho-segundo-o-espiritismo:chapter:16ce7d7a83389925,16ce7d7a83389925,chapter,Coletânea de preces espíritas,,194,multiple-current-records,"[4723, 4758]",2,"{""keep"": 1, ""split"": 1}"
3,O Evangelho Segundo o Espiritismo,full-staging-reconstruction,o-evangelho-segundo-o-espiritismo:section:cb17acec132c44e0,cb17acec132c44e0,section,Preâmbulo,o-evangelho-segundo-o-espiritismo:chapter:16ce7d7a83389925,195,covered,[4724],1,"{""keep"": 1}"
3,O Evangelho Segundo o Espiritismo,full-staging-reconstruction,o-evangelho-segundo-o-espiritismo:group:aea9298e11b2bd52,aea9298e11b2bd52,group,I – Preces gerais,o-evangelho-segundo-o-espiritismo:chapter:16ce7d7a83389925,196,missing-current-unit,[],0,{}
3,O Evangelho Segundo o Espiritismo,full-staging-reconstruction,o-evangelho-segundo-o-espiritismo:section:f438dd94af879fee,f438dd94af879fee,section,Oração dominical,o-evangelho-segundo-o-espiritismo:group:aea9298e11b2bd52,197,covered,[4725],1,"{""keep"": 1}"
3,O Evangelho Segundo o Espiritismo,full-staging-reconstruction,o-evangelho-segundo-o-espiritismo:section:b94c7238d386c766,b94c7238d386c766,section,Reuniões espíritas,o-evangelho-segundo-o-espiritismo:group:aea9298e11b2bd52,198,covered,[4726],1,"{""keep"": 1}"
3,O Evangelho Segundo o Espiritismo,full-staging-reconstruction,o-evangelho-segundo-o-espiritismo:section:ed233878241f115c,ed233878241f115c,section,Para os médiuns,o-evangelho-segundo-o-espiritismo:group:aea9298e11b2bd52,199,covered,[4727],1,"{""keep"": 1}"
3,O Evangelho Segundo o Espiritismo,full-staging-reconstruction,o-evangelho-segundo-o-espiritismo:group:32c714818b9fc68b,32c714818b9fc68b,group,II – Preces por aquele mesmo que ora,o-evangelho-segundo-o-espiritismo:chapter:16ce7d7a83389925,200,missing-current-unit,[],0,{}
3,O Evangelho Segundo o Espiritismo,full-staging-reconstruction,o-evangelho-segundo-o-espiritismo:section:46e49b719f6e9623,46e49b719f6e9623,section,Aos anjos guardiães e aos Espíritos protetores,o-evangelho-segundo-o-espiritismo:group:32c714818b9fc68b,201,covered,[4728],1,"{""keep"": 1}"
3,O Evangelho Segundo o Espiritismo,full-staging-reconstruction,o-evangelho-segundo-o-espiritismo:section:344d1bc955fbfa9a,344d1bc955fbfa9a,section,Para afastar os maus Espíritos,o-evangelho-segundo-o-espiritismo:group:32c714818b9fc68b,202,covered,[4729],1,"{""keep"": 1}"
3,O Evangelho Segundo o Espiritismo,full-staging-reconstruction,o-evangelho-segundo-o-espiritismo:section:00fcbfd79330b2ce,00fcbfd79330b2ce,section,Para pedir a corrigenda de um defeito,o-evangelho-segundo-o-espiritismo:group:32c714818b9fc68b,203,covered,[4730],1,"{""keep"": 1}"
3,O Evangelho Segundo o Espiritismo,full-staging-reconstruction,o-evangelho-segundo-o-espiritismo:section:9d59d6de18bc6db1,9d59d6de18bc6db1,section,Para pedir a força de resistir a uma tentação,o-evangelho-segundo-o-espiritismo:group:32c714818b9fc68b,204,covered,[4731],1,"{""keep"": 1}"
3,O Evangelho Segundo o Espiritismo,full-staging-reconstruction,o-evangelho-segundo-o-espiritismo:section:2840a01722080ec5,2840a01722080ec5,section,Ação de graças pela vitória alcançada sobre uma tentação,o-evangelho-segundo-o-espiritismo:group:32c714818b9fc68b,205,covered,[4732],1,"{""keep"": 1}"
3,O Evangelho Segundo o Espiritismo,full-staging-reconstruction,o-evangelho-segundo-o-espiritismo:section:5aaf7768f6977fa8,5aaf7768f6977fa8,section,Para pedir um conselho,o-evangelho-segundo-o-espiritismo:group:32c714818b9fc68b,206,covered,[4733],1,"{""keep"": 1}"
3,O Evangelho Segundo o Espiritismo,full-staging-reconstruction,o-evangelho-segundo-o-espiritismo:section:6e0e64c515dac57f,6e0e64c515dac57f,section,Nas aflições da vida,o-evangelho-segundo-o-espiritismo:group:32c714818b9fc68b,207,covered,[4734],1,"{""keep"": 1}"
3,O Evangelho Segundo o Espiritismo,full-staging-reconstruction,o-evangelho-segundo-o-espiritismo:section:40414e49f30470e4,40414e49f30470e4,section,Ação de graças por um favor obtido,o-evangelho-segundo-o-espiritismo:group:32c714818b9fc68b,208,covered,[4735],1,"{""keep"": 1}"
3,O Evangelho Segundo o Espiritismo,full-staging-reconstruction,o-evangelho-segundo-o-espiritismo:section:f4572b27f62ce5fa,f4572b27f62ce5fa,section,Ato de submissão e de resignação,o-evangelho-segundo-o-espiritismo:group:32c714818b9fc68b,209,covered,[4736],1,"{""keep"": 1}"
3,O Evangelho Segundo o Espiritismo,full-staging-reconstruction,o-evangelho-segundo-o-espiritismo:section:ab1f7f3bcebb158a,ab1f7f3bcebb158a,section,Num perigo iminente,o-evangelho-segundo-o-espiritismo:group:32c714818b9fc68b,210,covered,[4737],1,"{""keep"": 1}"
3,O Evangelho Segundo o Espiritismo,full-staging-reconstruction,o-evangelho-segundo-o-espiritismo:section:081daf378e7185fe,081daf378e7185fe,section,Ação de graças por haver escapado a um perigo,o-evangelho-segundo-o-espiritismo:group:32c714818b9fc68b,211,covered,[4738],1,"{""keep"": 1}"
3,O Evangelho Segundo o Espiritismo,full-staging-reconstruction,o-evangelho-segundo-o-espiritismo:section:00251d1059a4d8cc,00251d1059a4d8cc,section,À hora de dormir,o-evangelho-segundo-o-espiritismo:group:32c714818b9fc68b,212,covered,[4739],1,"{""keep"": 1}"
3,O Evangelho Segundo o Espiritismo,full-staging-reconstruction,o-evangelho-segundo-o-espiritismo:section:568886791de3abb7,568886791de3abb7,section,Prevendo próxima a morte,o-evangelho-segundo-o-espiritismo:group:32c714818b9fc68b,213,covered,[4740],1,"{""keep"": 1}"
3,O Evangelho Segundo o Espiritismo,full-staging-reconstruction,o-evangelho-segundo-o-espiritismo:group:f5d10224b4d0d890,f5d10224b4d0d890,group,III – Preces por outrem,o-evangelho-segundo-o-espiritismo:chapter:16ce7d7a83389925,214,missing-current-unit,[],0,{}
3,O Evangelho Segundo o Espiritismo,full-staging-reconstruction,o-evangelho-segundo-o-espiritismo:section:4f20cb8c2bdab375,4f20cb8c2bdab375,section,Por alguém que esteja em aflição,o-evangelho-segundo-o-espiritismo:group:f5d10224b4d0d890,215,covered,[4741],1,"{""keep"": 1}"
3,O Evangelho Segundo o Espiritismo,full-staging-reconstruction,o-evangelho-segundo-o-espiritismo:section:73d5b8796ef86b77,73d5b8796ef86b77,section,Ação de graças por um benefício concedido a outrem,o-evangelho-segundo-o-espiritismo:group:f5d10224b4d0d890,216,covered,[4742],1,"{""keep"": 1}"
3,O Evangelho Segundo o Espiritismo,full-staging-reconstruction,o-evangelho-segundo-o-espiritismo:section:ccbb12b4ab055cb0,ccbb12b4ab055cb0,section,Pelos nossos inimigos e pelos que nos querem mal,o-evangelho-segundo-o-espiritismo:group:f5d10224b4d0d890,217,covered,[4743],1,"{""keep"": 1}"
3,O Evangelho Segundo o Espiritismo,full-staging-reconstruction,o-evangelho-segundo-o-espiritismo:section:e2bd93be3be5bfa6,e2bd93be3be5bfa6,section,Ação de graças pelo bem concedido aos nossos inimigos,o-evangelho-segundo-o-espiritismo:group:f5d10224b4d0d890,218,covered,[4744],1,"{""keep"": 1}"
3,O Evangelho Segundo o Espiritismo,full-staging-reconstruction,o-evangelho-segundo-o-espiritismo:section:d32d7d3158893c9f,d32d7d3158893c9f,section,Pelos inimigos do Espiritismo,o-evangelho-segundo-o-espiritismo:group:f5d10224b4d0d890,219,covered,[4745],1,"{""keep"": 1}"
3,O Evangelho Segundo o Espiritismo,full-staging-reconstruction,o-evangelho-segundo-o-espiritismo:section:f20b50af7e08f5fd,f20b50af7e08f5fd,section,Por uma criança que acaba de nascer,o-evangelho-segundo-o-espiritismo:group:f5d10224b4d0d890,220,covered,[4746],1,"{""keep"": 1}"
3,O Evangelho Segundo o Espiritismo,full-staging-reconstruction,o-evangelho-segundo-o-espiritismo:section:273fff196bffa374,273fff196bffa374,section,Por um agonizante,o-evangelho-segundo-o-espiritismo:group:f5d10224b4d0d890,221,covered,[4747],1,"{""keep"": 1}"
3,O Evangelho Segundo o Espiritismo,full-staging-reconstruction,o-evangelho-segundo-o-espiritismo:group:e348af53515ec259,e348af53515ec259,group,IV – Preces pelos que já não são da Terra,o-evangelho-segundo-o-espiritismo:chapter:16ce7d7a83389925,222,missing-current-unit,[],0,{}
3,O Evangelho Segundo o Espiritismo,full-staging-reconstruction,o-evangelho-segundo-o-espiritismo:section:a7cc53605ee3dd3e,a7cc53605ee3dd3e,section,Por alguém que acaba de morrer,o-evangelho-segundo-o-espiritismo:group:e348af53515ec259,223,covered,[4748],1,"{""keep"": 1}"
3,O Evangelho Segundo o Espiritismo,full-staging-reconstruction,o-evangelho-segundo-o-espiritismo:section:b8642c32622ece8c,b8642c32622ece8c,section,Pelas pessoas a quem tivemos afeição,o-evangelho-segundo-o-espiritismo:group:e348af53515ec259,224,covered,[4749],1,"{""keep"": 1}"
3,O Evangelho Segundo o Espiritismo,full-staging-reconstruction,o-evangelho-segundo-o-espiritismo:section:ba500c7e6e1450b1,ba500c7e6e1450b1,section,Pelas almas sofredoras que pedem preces,o-evangelho-segundo-o-espiritismo:group:e348af53515ec259,225,covered,[4750],1,"{""keep"": 1}"
3,O Evangelho Segundo o Espiritismo,full-staging-reconstruction,o-evangelho-segundo-o-espiritismo:section:7d7c169f13513135,7d7c169f13513135,section,Por um inimigo que morreu,o-evangelho-segundo-o-espiritismo:group:e348af53515ec259,226,covered,[4751],1,"{""keep"": 1}"
3,O Evangelho Segundo o Espiritismo,full-staging-reconstruction,o-evangelho-segundo-o-espiritismo:section:8cd97a9e25364346,8cd97a9e25364346,section,Por um criminoso,o-evangelho-segundo-o-espiritismo:group:e348af53515ec259,227,covered,[4752],1,"{""keep"": 1}"
3,O Evangelho Segundo o Espiritismo,full-staging-reconstruction,o-evangelho-segundo-o-espiritismo:section:1d8434d35cd6b196,1d8434d35cd6b196,section,Por um suicida,o-evangelho-segundo-o-espiritismo:group:e348af53515ec259,228,covered,[4753],1,"{""keep"": 1}"
3,O Evangelho Segundo o Espiritismo,full-staging-reconstruction,o-evangelho-segundo-o-espiritismo:section:4a8392a915cbbe72,4a8392a915cbbe72,section,Pelos Espíritos penitentes,o-evangelho-segundo-o-espiritismo:group:e348af53515ec259,229,covered,[4754],1,"{""keep"": 1}"
3,O Evangelho Segundo o Espiritismo,full-staging-reconstruction,o-evangelho-segundo-o-espiritismo:section:3a7a259cd6b62159,3a7a259cd6b62159,section,Pelos Espíritos endurecidos,o-evangelho-segundo-o-espiritismo:group:e348af53515ec259,230,covered,[4755],1,"{""keep"": 1}"
3,O Evangelho Segundo o Espiritismo,full-staging-reconstruction,o-evangelho-segundo-o-espiritismo:group:74aa80ffae50bb12,74aa80ffae50bb12,group,V – Preces pelos doentes e pelos obsidiados,o-evangelho-segundo-o-espiritismo:chapter:16ce7d7a83389925,231,missing-current-unit,[],0,{}
3,O Evangelho Segundo o Espiritismo,full-staging-reconstruction,o-evangelho-segundo-o-espiritismo:section:a336a8f28c402538,a336a8f28c402538,section,Pelos doentes,o-evangelho-segundo-o-espiritismo:group:74aa80ffae50bb12,232,covered,[4756],1,"{""keep"": 1}"
3,O Evangelho Segundo o Espiritismo,full-staging-reconstruction,o-evangelho-segundo-o-espiritismo:section:fea5b54b1bf84bbd,fea5b54b1bf84bbd,section,Pelos obsidiados,o-evangelho-segundo-o-espiritismo:group:74aa80ffae50bb12,233,covered,[4757],1,"{""keep"": 1}"
3,O Evangelho Segundo o Espiritismo,full-staging-reconstruction,o-evangelho-segundo-o-espiritismo:back_matter:29618b6e164aebfe,29618b6e164aebfe,back_matter,Nota Explicativa,,234,missing-current-unit,[],0,{}
3,O Evangelho Segundo o Espiritismo,full-staging-reconstruction,o-evangelho-segundo-o-espiritismo:back_matter:8bd56e3bc31a22a8,8bd56e3bc31a22a8,back_matter,Índice Geral,,235,missing-current-unit,[],0,{}
4,O Céu e o Inferno,full-staging-reconstruction,o-ceu-e-o-inferno:division:36046d5a4a823882,36046d5a4a823882,division,PRIMEIRA PARTE — Doutrina,,1,covered,[4759],1,"{""keep"": 1}"
4,O Céu e o Inferno,full-staging-reconstruction,o-ceu-e-o-inferno:chapter:bd6f1918c6b462f8,bd6f1918c6b462f8,chapter,O porvir e o nada,o-ceu-e-o-inferno:division:36046d5a4a823882,2,multiple-current-records,"[4761, 4762]",2,"{""keep"": 1, ""split"": 1}"
4,O Céu e o Inferno,full-staging-reconstruction,o-ceu-e-o-inferno:chapter:e8bca143f7c10c6c,e8bca143f7c10c6c,chapter,Temor da morte,o-ceu-e-o-inferno:division:36046d5a4a823882,3,covered,[4763],1,"{""keep"": 1}"
4,O Céu e o Inferno,full-staging-reconstruction,o-ceu-e-o-inferno:section:0b581031ca5e7177,0b581031ca5e7177,section,Causas do temor da morte,o-ceu-e-o-inferno:chapter:e8bca143f7c10c6c,4,covered,[4764],1,"{""keep"": 1}"
4,O Céu e o Inferno,full-staging-reconstruction,o-ceu-e-o-inferno:section:cdedb1c23a136a3e,cdedb1c23a136a3e,section,Por que os espíritas não temem a morte,o-ceu-e-o-inferno:chapter:e8bca143f7c10c6c,5,covered,[4765],1,"{""keep"": 1}"
4,O Céu e o Inferno,full-staging-reconstruction,o-ceu-e-o-inferno:chapter:b063a7ebeb31036c,b063a7ebeb31036c,chapter,O céu,o-ceu-e-o-inferno:division:36046d5a4a823882,6,multiple-current-records,"[4766, 4767]",2,"{""keep"": 1, ""split"": 1}"
4,O Céu e o Inferno,full-staging-reconstruction,o-ceu-e-o-inferno:chapter:9b25848479a1d4fc,9b25848479a1d4fc,chapter,O inferno,o-ceu-e-o-inferno:division:36046d5a4a823882,7,covered,[4768],1,"{""keep"": 1}"
4,O Céu e o Inferno,full-staging-reconstruction,o-ceu-e-o-inferno:section:040dfc020c5960ee,040dfc020c5960ee,section,Intuição das penas futuras,o-ceu-e-o-inferno:chapter:9b25848479a1d4fc,8,covered,[4769],1,"{""keep"": 1}"
4,O Céu e o Inferno,full-staging-reconstruction,o-ceu-e-o-inferno:section:1484d72deafb70e5,1484d72deafb70e5,section,O inferno cristão imitado do inferno pagão,o-ceu-e-o-inferno:chapter:9b25848479a1d4fc,9,covered,[4770],1,"{""keep"": 1}"
4,O Céu e o Inferno,full-staging-reconstruction,o-ceu-e-o-inferno:section:07df27d54cb14e7c,07df27d54cb14e7c,section,Os limbos,o-ceu-e-o-inferno:chapter:9b25848479a1d4fc,10,covered,[4771],1,"{""keep"": 1}"
4,O Céu e o Inferno,full-staging-reconstruction,o-ceu-e-o-inferno:section:fbcba34e0ffefed3,fbcba34e0ffefed3,section,Quadro do inferno pagão,o-ceu-e-o-inferno:chapter:9b25848479a1d4fc,11,covered,[4772],1,"{""keep"": 1}"
4,O Céu e o Inferno,full-staging-reconstruction,o-ceu-e-o-inferno:section:abbb52d8aabed411,abbb52d8aabed411,section,Esboço do inferno cristão,o-ceu-e-o-inferno:chapter:9b25848479a1d4fc,12,covered,[4773],1,"{""keep"": 1}"
4,O Céu e o Inferno,full-staging-reconstruction,o-ceu-e-o-inferno:chapter:b8125beef58f9a24,b8125beef58f9a24,chapter,O purgatório,o-ceu-e-o-inferno:division:36046d5a4a823882,13,multiple-current-records,"[4774, 4775]",2,"{""keep"": 1, ""split"": 1}"
4,O Céu e o Inferno,full-staging-reconstruction,o-ceu-e-o-inferno:chapter:8851e017433221db,8851e017433221db,chapter,Doutrina das penas eternas,o-ceu-e-o-inferno:division:36046d5a4a823882,14,multiple-current-records,"[4776, 4781]",2,"{""keep"": 1, ""split"": 1}"
4,O Céu e o Inferno,full-staging-reconstruction,o-ceu-e-o-inferno:section:1ff019f5aea45e01,1ff019f5aea45e01,section,Origem da doutrina das penas eternas,o-ceu-e-o-inferno:chapter:8851e017433221db,15,covered,[4777],1,"{""keep"": 1}"
4,O Céu e o Inferno,full-staging-reconstruction,o-ceu-e-o-inferno:section:10ef443a41ec3716,10ef443a41ec3716,section,Argumentos a favor das penas eternas,o-ceu-e-o-inferno:chapter:8851e017433221db,16,covered,[4778],1,"{""keep"": 1}"
4,O Céu e o Inferno,full-staging-reconstruction,o-ceu-e-o-inferno:section:269e5eb177195519,269e5eb177195519,section,Impossibilidade material das penas eternas,o-ceu-e-o-inferno:chapter:8851e017433221db,17,covered,[4779],1,"{""keep"": 1}"
4,O Céu e o Inferno,full-staging-reconstruction,o-ceu-e-o-inferno:section:1a71050b739a2580,1a71050b739a2580,section,A doutrina das penas eternas fez sua época,o-ceu-e-o-inferno:chapter:8851e017433221db,18,covered,[4780],1,"{""keep"": 1}"
4,O Céu e o Inferno,full-staging-reconstruction,o-ceu-e-o-inferno:section:b05ac0726bba7331,b05ac0726bba7331,section,Ezequiel contra a eternidade das penas e o pecado original,o-ceu-e-o-inferno:chapter:8851e017433221db,19,missing-current-unit,[],0,{}
4,O Céu e o Inferno,full-staging-reconstruction,o-ceu-e-o-inferno:chapter:f64454f36cb8de88,f64454f36cb8de88,chapter,As penas futuras segundo o Espiritismo,o-ceu-e-o-inferno:division:36046d5a4a823882,20,multiple-current-records,"[4782, 4784]",2,"{""keep"": 1, ""split"": 1}"
4,O Céu e o Inferno,full-staging-reconstruction,o-ceu-e-o-inferno:section:29a7fa0ba4b64e73,29a7fa0ba4b64e73,section,A carne é fraca,o-ceu-e-o-inferno:chapter:f64454f36cb8de88,21,covered,[4783],1,"{""keep"": 1}"
4,O Céu e o Inferno,full-staging-reconstruction,o-ceu-e-o-inferno:section:be4ec434510b11da,be4ec434510b11da,section,Princípios da Doutrina Espírita sobre as penas futuras,o-ceu-e-o-inferno:chapter:f64454f36cb8de88,22,missing-current-unit,[],0,{}
4,O Céu e o Inferno,full-staging-reconstruction,o-ceu-e-o-inferno:section:95bfb372f416047d,95bfb372f416047d,section,Código penal da vida futura,o-ceu-e-o-inferno:chapter:f64454f36cb8de88,23,covered,[4785],1,"{""keep"": 1}"
4,O Céu e o Inferno,full-staging-reconstruction,o-ceu-e-o-inferno:chapter:c86d7b2504dd6790,c86d7b2504dd6790,chapter,Os anjos,o-ceu-e-o-inferno:division:36046d5a4a823882,24,covered,[4786],1,"{""keep"": 1}"
4,O Céu e o Inferno,full-staging-reconstruction,o-ceu-e-o-inferno:section:2a475d26d1a923a6,2a475d26d1a923a6,section,Os anjos segundo a Igreja,o-ceu-e-o-inferno:chapter:c86d7b2504dd6790,25,covered,[4787],1,"{""keep"": 1}"
4,O Céu e o Inferno,full-staging-reconstruction,o-ceu-e-o-inferno:section:959e09d8dcb0bb69,959e09d8dcb0bb69,section,Refutação,o-ceu-e-o-inferno:chapter:c86d7b2504dd6790,26,covered,[4788],1,"{""keep"": 1}"
4,O Céu e o Inferno,full-staging-reconstruction,o-ceu-e-o-inferno:section:7522830903b70ea9,7522830903b70ea9,section,Os anjos segundo o Espiritismo,o-ceu-e-o-inferno:chapter:c86d7b2504dd6790,27,covered,[4789],1,"{""keep"": 1}"
4,O Céu e o Inferno,full-staging-reconstruction,o-ceu-e-o-inferno:chapter:1dc493030bb5faf0,1dc493030bb5faf0,chapter,Os demônios,o-ceu-e-o-inferno:division:36046d5a4a823882,28,covered,[4790],1,"{""keep"": 1}"
4,O Céu e o Inferno,full-staging-reconstruction,o-ceu-e-o-inferno:section:bb0459a3f399dfce,bb0459a3f399dfce,section,Origem da crença nos demônios,o-ceu-e-o-inferno:chapter:1dc493030bb5faf0,29,covered,[4791],1,"{""keep"": 1}"
4,O Céu e o Inferno,full-staging-reconstruction,o-ceu-e-o-inferno:section:f72bc4ed91d10b37,f72bc4ed91d10b37,section,Os demônios segundo a Igreja,o-ceu-e-o-inferno:chapter:1dc493030bb5faf0,30,covered,[4792],1,"{""keep"": 1}"
4,O Céu e o Inferno,full-staging-reconstruction,o-ceu-e-o-inferno:section:3d64462982913738,3d64462982913738,section,Os demônios segundo o Espiritismo,o-ceu-e-o-inferno:chapter:1dc493030bb5faf0,31,covered,[4793],1,"{""keep"": 1}"
4,O Céu e o Inferno,full-staging-reconstruction,o-ceu-e-o-inferno:chapter:9781d6e4ebee2a8d,9781d6e4ebee2a8d,chapter,Intervenção dos demônios nas modernas manifestações,o-ceu-e-o-inferno:division:36046d5a4a823882,32,multiple-current-records,"[4794, 4795]",2,"{""keep"": 1, ""split"": 1}"
4,O Céu e o Inferno,full-staging-reconstruction,o-ceu-e-o-inferno:chapter:1292d2d9abe27b0a,1292d2d9abe27b0a,chapter,Da proibição de evocar os mortos,o-ceu-e-o-inferno:division:36046d5a4a823882,33,multiple-current-records,"[4796, 4797]",2,"{""keep"": 1, ""split"": 1}"
4,O Céu e o Inferno,full-staging-reconstruction,o-ceu-e-o-inferno:division:7183e549b85b7e66,7183e549b85b7e66,division,SEGUNDA PARTE — Exemplos,,34,covered,[4798],1,"{""keep"": 1}"
4,O Céu e o Inferno,full-staging-reconstruction,o-ceu-e-o-inferno:chapter:958866f80eb8f2d5,958866f80eb8f2d5,chapter,O passamento,o-ceu-e-o-inferno:division:7183e549b85b7e66,35,multiple-current-records,"[4800, 4801]",2,"{""keep"": 1, ""split"": 1}"
4,O Céu e o Inferno,full-staging-reconstruction,o-ceu-e-o-inferno:chapter:8a91fe3b461ccafb,8a91fe3b461ccafb,chapter,Espíritos felizes,o-ceu-e-o-inferno:division:7183e549b85b7e66,36,multiple-current-records,"[4802, 4804, 4805, 4806, 4807, 4808, 4815, 4816, 4817, 4822]",10,"{""keep"": 1, ""split"": 9}"
4,O Céu e o Inferno,full-staging-reconstruction,o-ceu-e-o-inferno:section:33f3e38b8a54691c,33f3e38b8a54691c,section,Sanson,o-ceu-e-o-inferno:chapter:8a91fe3b461ccafb,37,covered,[4803],1,"{""keep"": 1}"
4,O Céu e o Inferno,full-staging-reconstruction,o-ceu-e-o-inferno:section:5fcfd6cc043b3728,5fcfd6cc043b3728,section,Jobard,o-ceu-e-o-inferno:chapter:8a91fe3b461ccafb,38,covered,[4809],1,"{""keep"": 1}"
4,O Céu e o Inferno,full-staging-reconstruction,o-ceu-e-o-inferno:section:5aac44416187c526,5aac44416187c526,section,Samuel Philippe,o-ceu-e-o-inferno:chapter:8a91fe3b461ccafb,39,covered,[4810],1,"{""keep"": 1}"
4,O Céu e o Inferno,full-staging-reconstruction,o-ceu-e-o-inferno:section:498cfae38284e212,498cfae38284e212,section,Van Durst,o-ceu-e-o-inferno:chapter:8a91fe3b461ccafb,40,covered,[4811],1,"{""keep"": 1}"
4,O Céu e o Inferno,full-staging-reconstruction,o-ceu-e-o-inferno:section:a0b1cc18b0bdad15,a0b1cc18b0bdad15,section,Sixdeniers,o-ceu-e-o-inferno:chapter:8a91fe3b461ccafb,41,covered,[4812],1,"{""keep"": 1}"
4,O Céu e o Inferno,full-staging-reconstruction,o-ceu-e-o-inferno:section:8cef4d28e71647ad,8cef4d28e71647ad,section,O doutor Demeure,o-ceu-e-o-inferno:chapter:8a91fe3b461ccafb,42,covered,[4813],1,"{""keep"": 1}"
4,O Céu e o Inferno,full-staging-reconstruction,o-ceu-e-o-inferno:section:c15746f1117c9928,c15746f1117c9928,section,"A viúva Foulon, nascida Wollis",o-ceu-e-o-inferno:chapter:8a91fe3b461ccafb,43,covered,[4814],1,"{""keep"": 1}"
4,O Céu e o Inferno,full-staging-reconstruction,o-ceu-e-o-inferno:section:a977fd88642bcc75,a977fd88642bcc75,section,Um médico russo,o-ceu-e-o-inferno:chapter:8a91fe3b461ccafb,44,covered,[4818],1,"{""keep"": 1}"
4,O Céu e o Inferno,full-staging-reconstruction,o-ceu-e-o-inferno:section:9fd1f94de8fc88aa,9fd1f94de8fc88aa,section,Bernardin,o-ceu-e-o-inferno:chapter:8a91fe3b461ccafb,45,covered,[4819],1,"{""keep"": 1}"
4,O Céu e o Inferno,full-staging-reconstruction,o-ceu-e-o-inferno:section:e01eff344b851aa7,e01eff344b851aa7,section,A condessa Paula,o-ceu-e-o-inferno:chapter:8a91fe3b461ccafb,46,covered,[4820],1,"{""keep"": 1}"
4,O Céu e o Inferno,full-staging-reconstruction,o-ceu-e-o-inferno:section:7389de0f9f58fd24,7389de0f9f58fd24,section,Jean Reynaud,o-ceu-e-o-inferno:chapter:8a91fe3b461ccafb,47,covered,[4821],1,"{""keep"": 1}"
4,O Céu e o Inferno,full-staging-reconstruction,o-ceu-e-o-inferno:section:f7d1853a504f8d32,f7d1853a504f8d32,section,Antoine Costeau,o-ceu-e-o-inferno:chapter:8a91fe3b461ccafb,48,covered,[4823],1,"{""keep"": 1}"
4,O Céu e o Inferno,full-staging-reconstruction,o-ceu-e-o-inferno:section:f5751d7aecafa246,f5751d7aecafa246,section,A Srta. Emma,o-ceu-e-o-inferno:chapter:8a91fe3b461ccafb,49,covered,[4824],1,"{""keep"": 1}"
4,O Céu e o Inferno,full-staging-reconstruction,o-ceu-e-o-inferno:section:45c7fb3f005a8031,45c7fb3f005a8031,section,O doutor Vignal,o-ceu-e-o-inferno:chapter:8a91fe3b461ccafb,50,covered,[4825],1,"{""keep"": 1}"
4,O Céu e o Inferno,full-staging-reconstruction,o-ceu-e-o-inferno:section:9a62855f9a463509,9a62855f9a463509,section,Victor Lebufle,o-ceu-e-o-inferno:chapter:8a91fe3b461ccafb,51,covered,[4826],1,"{""keep"": 1}"
4,O Céu e o Inferno,full-staging-reconstruction,o-ceu-e-o-inferno:section:7e119966ae39a2cd,7e119966ae39a2cd,section,A Sra. Anaïs Gourdon,o-ceu-e-o-inferno:chapter:8a91fe3b461ccafb,52,covered,[4827],1,"{""keep"": 1}"
4,O Céu e o Inferno,full-staging-reconstruction,o-ceu-e-o-inferno:section:ee87ee6d05da806a,ee87ee6d05da806a,section,Maurice Gontran,o-ceu-e-o-inferno:chapter:8a91fe3b461ccafb,53,covered,[4828],1,"{""keep"": 1}"
4,O Céu e o Inferno,full-staging-reconstruction,o-ceu-e-o-inferno:chapter:ccc06fbf8b40acde,ccc06fbf8b40acde,chapter,Espíritos em condições medianas,o-ceu-e-o-inferno:division:7183e549b85b7e66,54,covered,[4829],1,"{""keep"": 1}"
4,O Céu e o Inferno,full-staging-reconstruction,o-ceu-e-o-inferno:section:79c2ad0f6fd85e17,79c2ad0f6fd85e17,section,Joseph Bré,o-ceu-e-o-inferno:chapter:ccc06fbf8b40acde,55,covered,[4830],1,"{""keep"": 1}"
4,O Céu e o Inferno,full-staging-reconstruction,o-ceu-e-o-inferno:section:d211b30c42aa0482,d211b30c42aa0482,section,Sra. Hélène Michel,o-ceu-e-o-inferno:chapter:ccc06fbf8b40acde,56,covered,[4831],1,"{""keep"": 1}"
4,O Céu e o Inferno,full-staging-reconstruction,o-ceu-e-o-inferno:section:a563eadf7ab082b4,a563eadf7ab082b4,section,O marquês de Saint- -Paul,o-ceu-e-o-inferno:chapter:ccc06fbf8b40acde,57,covered,[4832],1,"{""keep"": 1}"
4,O Céu e o Inferno,full-staging-reconstruction,o-ceu-e-o-inferno:section:c11d45079e45329d,c11d45079e45329d,section,"Sr. Cardon, médico",o-ceu-e-o-inferno:chapter:ccc06fbf8b40acde,58,covered,[4833],1,"{""keep"": 1}"
4,O Céu e o Inferno,full-staging-reconstruction,o-ceu-e-o-inferno:section:a31e5991bf5b036a,a31e5991bf5b036a,section,Eric Stanislas,o-ceu-e-o-inferno:chapter:ccc06fbf8b40acde,59,covered,[4834],1,"{""keep"": 1}"
4,O Céu e o Inferno,full-staging-reconstruction,o-ceu-e-o-inferno:section:8627ca8df9007af5,8627ca8df9007af5,section,Sra. Anna Belleville,o-ceu-e-o-inferno:chapter:ccc06fbf8b40acde,60,covered,[4835],1,"{""keep"": 1}"
4,O Céu e o Inferno,full-staging-reconstruction,o-ceu-e-o-inferno:chapter:0ee32e90d408d42b,0ee32e90d408d42b,chapter,Espíritos sofredores,o-ceu-e-o-inferno:division:7183e549b85b7e66,61,multiple-current-records,"[4836, 4845]",2,"{""keep"": 1, ""split"": 1}"
4,O Céu e o Inferno,full-staging-reconstruction,o-ceu-e-o-inferno:section:e05b6b8254a43eb0,e05b6b8254a43eb0,section,O castigo,o-ceu-e-o-inferno:chapter:0ee32e90d408d42b,62,covered,[4837],1,"{""keep"": 1}"
4,O Céu e o Inferno,full-staging-reconstruction,o-ceu-e-o-inferno:section:7d00e0a74379fe68,7d00e0a74379fe68,section,Novel,o-ceu-e-o-inferno:chapter:0ee32e90d408d42b,63,covered,[4838],1,"{""keep"": 1}"
4,O Céu e o Inferno,full-staging-reconstruction,o-ceu-e-o-inferno:section:20dcc7cffd70ba09,20dcc7cffd70ba09,section,Auguste Michel,o-ceu-e-o-inferno:chapter:0ee32e90d408d42b,64,covered,[4839],1,"{""keep"": 1}"
4,O Céu e o Inferno,full-staging-reconstruction,o-ceu-e-o-inferno:section:921cdaf51547d1af,921cdaf51547d1af,section,Exprobrações de um boêmio,o-ceu-e-o-inferno:chapter:0ee32e90d408d42b,65,covered,[4840],1,"{""keep"": 1}"
4,O Céu e o Inferno,full-staging-reconstruction,o-ceu-e-o-inferno:section:d1675567a0f5061d,d1675567a0f5061d,section,Lisbeth,o-ceu-e-o-inferno:chapter:0ee32e90d408d42b,66,covered,[4841],1,"{""keep"": 1}"
4,O Céu e o Inferno,full-staging-reconstruction,o-ceu-e-o-inferno:section:203969a6d6a2cc30,203969a6d6a2cc30,section,Príncipe Ouran,o-ceu-e-o-inferno:chapter:0ee32e90d408d42b,67,covered,[4842],1,"{""keep"": 1}"
4,O Céu e o Inferno,full-staging-reconstruction,o-ceu-e-o-inferno:section:9ee0830bb669d1f0,9ee0830bb669d1f0,section,Pascal Lavic,o-ceu-e-o-inferno:chapter:0ee32e90d408d42b,68,covered,[4843],1,"{""keep"": 1}"
4,O Céu e o Inferno,full-staging-reconstruction,o-ceu-e-o-inferno:section:d98a171ab8db6ad4,d98a171ab8db6ad4,section,Ferdinand Bertin,o-ceu-e-o-inferno:chapter:0ee32e90d408d42b,69,covered,[4844],1,"{""keep"": 1}"
4,O Céu e o Inferno,full-staging-reconstruction,o-ceu-e-o-inferno:section:9dae846c7c5b87a8,9dae846c7c5b87a8,section,François Riquier,o-ceu-e-o-inferno:chapter:0ee32e90d408d42b,70,covered,[4846],1,"{""keep"": 1}"
4,O Céu e o Inferno,full-staging-reconstruction,o-ceu-e-o-inferno:section:4ac0b0f3adb937e3,4ac0b0f3adb937e3,section,Claire,o-ceu-e-o-inferno:chapter:0ee32e90d408d42b,71,covered,[4847],1,"{""keep"": 1}"
4,O Céu e o Inferno,full-staging-reconstruction,o-ceu-e-o-inferno:chapter:0085e912dd0113bd,0085e912dd0113bd,chapter,Suicidas,o-ceu-e-o-inferno:division:7183e549b85b7e66,72,multiple-current-records,"[4848, 4850, 4852, 4855, 4859, 4861, 4863]",7,"{""keep"": 1, ""split"": 6}"
4,O Céu e o Inferno,full-staging-reconstruction,o-ceu-e-o-inferno:section:ab9a714290597eb4,ab9a714290597eb4,section,O suicida da Samaritana,o-ceu-e-o-inferno:chapter:0085e912dd0113bd,73,covered,[4849],1,"{""keep"": 1}"
4,O Céu e o Inferno,full-staging-reconstruction,o-ceu-e-o-inferno:section:302dfb11e64ff30c,302dfb11e64ff30c,section,O pai e o conscrito,o-ceu-e-o-inferno:chapter:0085e912dd0113bd,74,covered,[4851],1,"{""keep"": 1}"
4,O Céu e o Inferno,full-staging-reconstruction,o-ceu-e-o-inferno:section:ff26dec106381254,ff26dec106381254,section,François- -Simon Louvet,o-ceu-e-o-inferno:chapter:0085e912dd0113bd,75,covered,[4853],1,"{""keep"": 1}"
4,O Céu e o Inferno,full-staging-reconstruction,o-ceu-e-o-inferno:section:a81580a21d01b8d3,a81580a21d01b8d3,section,Mãe e filho,o-ceu-e-o-inferno:chapter:0085e912dd0113bd,76,covered,[4854],1,"{""keep"": 1}"
4,O Céu e o Inferno,full-staging-reconstruction,o-ceu-e-o-inferno:section:26b73cb278a2c7db,26b73cb278a2c7db,section,"Duplo suicídio, por amor e por dever",o-ceu-e-o-inferno:chapter:0085e912dd0113bd,77,covered,[4856],1,"{""keep"": 1}"
4,O Céu e o Inferno,full-staging-reconstruction,o-ceu-e-o-inferno:section:2df215abe0fddf1f,2df215abe0fddf1f,section,Louis e a pespontadeira de botinas,o-ceu-e-o-inferno:chapter:0085e912dd0113bd,78,covered,[4857],1,"{""keep"": 1}"
4,O Céu e o Inferno,full-staging-reconstruction,o-ceu-e-o-inferno:section:9869374328395575,9869374328395575,section,Um ateu,o-ceu-e-o-inferno:chapter:0085e912dd0113bd,79,covered,[4858],1,"{""keep"": 1}"
4,O Céu e o Inferno,full-staging-reconstruction,o-ceu-e-o-inferno:section:2ae82be4e829a3e8,2ae82be4e829a3e8,section,Félicien,o-ceu-e-o-inferno:chapter:0085e912dd0113bd,80,covered,[4860],1,"{""keep"": 1}"
4,O Céu e o Inferno,full-staging-reconstruction,o-ceu-e-o-inferno:section:9719567bc0d9fd47,9719567bc0d9fd47,section,Antoine Bell,o-ceu-e-o-inferno:chapter:0085e912dd0113bd,81,covered,[4862],1,"{""keep"": 1}"
4,O Céu e o Inferno,full-staging-reconstruction,o-ceu-e-o-inferno:chapter:e84833a6b7cb0a8c,e84833a6b7cb0a8c,chapter,Criminosos arrependidos,o-ceu-e-o-inferno:division:7183e549b85b7e66,82,multiple-current-records,"[4864, 4866, 4868, 4872, 4873, 4874, 4875]",7,"{""keep"": 1, ""split"": 6}"
4,O Céu e o Inferno,full-staging-reconstruction,o-ceu-e-o-inferno:section:628113c54cb85a83,628113c54cb85a83,section,Verger,o-ceu-e-o-inferno:chapter:e84833a6b7cb0a8c,83,covered,[4865],1,"{""keep"": 1}"
4,O Céu e o Inferno,full-staging-reconstruction,o-ceu-e-o-inferno:section:7a86df7cc4b370d8,7a86df7cc4b370d8,section,Lemaire,o-ceu-e-o-inferno:chapter:e84833a6b7cb0a8c,84,covered,[4867],1,"{""keep"": 1}"
4,O Céu e o Inferno,full-staging-reconstruction,o-ceu-e-o-inferno:section:1f45d8ad423428cf,1f45d8ad423428cf,section,Benoist,o-ceu-e-o-inferno:chapter:e84833a6b7cb0a8c,85,covered,[4869],1,"{""keep"": 1}"
4,O Céu e o Inferno,full-staging-reconstruction,o-ceu-e-o-inferno:section:c0510ccaa870a9fd,c0510ccaa870a9fd,section,O Espírito de Castelnaudary,o-ceu-e-o-inferno:chapter:e84833a6b7cb0a8c,86,covered,[4870],1,"{""keep"": 1}"
4,O Céu e o Inferno,full-staging-reconstruction,o-ceu-e-o-inferno:section:c02a6b6f15bae49c,c02a6b6f15bae49c,section,Jacques Latour,o-ceu-e-o-inferno:chapter:e84833a6b7cb0a8c,87,covered,[4871],1,"{""keep"": 1}"
4,O Céu e o Inferno,full-staging-reconstruction,o-ceu-e-o-inferno:chapter:0813bb2fd6a7d081,0813bb2fd6a7d081,chapter,Espíritos endurecidos,o-ceu-e-o-inferno:division:7183e549b85b7e66,88,multiple-current-records,"[4876, 4878, 4879, 4880]",4,"{""keep"": 1, ""split"": 3}"
4,O Céu e o Inferno,full-staging-reconstruction,o-ceu-e-o-inferno:section:c7f062d1fddda72e,c7f062d1fddda72e,section,Lapommeray,o-ceu-e-o-inferno:chapter:0813bb2fd6a7d081,89,covered,[4877],1,"{""keep"": 1}"
4,O Céu e o Inferno,full-staging-reconstruction,o-ceu-e-o-inferno:section:fcba3502fd38e729,fcba3502fd38e729,section,"Angèle, nulidade sobre a Terra",o-ceu-e-o-inferno:chapter:0813bb2fd6a7d081,90,covered,[4881],1,"{""keep"": 1}"
4,O Céu e o Inferno,full-staging-reconstruction,o-ceu-e-o-inferno:section:4d5a8b20ac3f3d70,4d5a8b20ac3f3d70,section,Um Espírito aborrecido,o-ceu-e-o-inferno:chapter:0813bb2fd6a7d081,91,covered,[4882],1,"{""keep"": 1}"
4,O Céu e o Inferno,full-staging-reconstruction,o-ceu-e-o-inferno:section:a7948b1afd1b5bf5,a7948b1afd1b5bf5,section,A rainha de Oude,o-ceu-e-o-inferno:chapter:0813bb2fd6a7d081,92,covered,[4883],1,"{""keep"": 1}"
4,O Céu e o Inferno,full-staging-reconstruction,o-ceu-e-o-inferno:section:618328ceee81c1ec,618328ceee81c1ec,section,Xumène,o-ceu-e-o-inferno:chapter:0813bb2fd6a7d081,93,covered,[4884],1,"{""keep"": 1}"
4,O Céu e o Inferno,full-staging-reconstruction,o-ceu-e-o-inferno:chapter:60f5a60806ac759c,60f5a60806ac759c,chapter,Expiações terrestres,o-ceu-e-o-inferno:division:7183e549b85b7e66,94,multiple-current-records,"[4885, 4892, 4896, 4897, 4900, 4904]",6,"{""keep"": 1, ""split"": 5}"
4,O Céu e o Inferno,full-staging-reconstruction,o-ceu-e-o-inferno:section:f2d6c0b85b1af1dd,f2d6c0b85b1af1dd,section,"Marcel, o menino do no 4",o-ceu-e-o-inferno:chapter:60f5a60806ac759c,95,covered,[4886],1,"{""keep"": 1}"
4,O Céu e o Inferno,full-staging-reconstruction,o-ceu-e-o-inferno:section:f470b4833a81e1eb,f470b4833a81e1eb,section,Szymel Slizgol,o-ceu-e-o-inferno:chapter:60f5a60806ac759c,96,covered,[4887],1,"{""keep"": 1}"
4,O Céu e o Inferno,full-staging-reconstruction,o-ceu-e-o-inferno:section:940f87bb998b0c6e,940f87bb998b0c6e,section,"Julienne-Marie, a mendiga",o-ceu-e-o-inferno:chapter:60f5a60806ac759c,97,covered,[4888],1,"{""keep"": 1}"
4,O Céu e o Inferno,full-staging-reconstruction,o-ceu-e-o-inferno:section:ef64ead6a324ae42,ef64ead6a324ae42,section,"Max, o mendigo",o-ceu-e-o-inferno:chapter:60f5a60806ac759c,98,covered,[4889],1,"{""keep"": 1}"
4,O Céu e o Inferno,full-staging-reconstruction,o-ceu-e-o-inferno:section:067a420f38fc233f,067a420f38fc233f,section,História de um criado,o-ceu-e-o-inferno:chapter:60f5a60806ac759c,99,covered,[4890],1,"{""keep"": 1}"
4,O Céu e o Inferno,full-staging-reconstruction,o-ceu-e-o-inferno:section:292f2840fd6b54f7,292f2840fd6b54f7,section,Antonio B...,o-ceu-e-o-inferno:chapter:60f5a60806ac759c,100,covered,[4891],1,"{""keep"": 1}"
4,O Céu e o Inferno,full-staging-reconstruction,o-ceu-e-o-inferno:section:23c30e826aa47071,23c30e826aa47071,section,Letil,o-ceu-e-o-inferno:chapter:60f5a60806ac759c,101,covered,[4893],1,"{""keep"": 1}"
4,O Céu e o Inferno,full-staging-reconstruction,o-ceu-e-o-inferno:section:480588fbbd595466,480588fbbd595466,section,Um sábio ambicioso,o-ceu-e-o-inferno:chapter:60f5a60806ac759c,102,covered,[4894],1,"{""keep"": 1}"
4,O Céu e o Inferno,full-staging-reconstruction,o-ceu-e-o-inferno:section:8f8029269fd26477,8f8029269fd26477,section,"Charles de Saint-G..., idiota",o-ceu-e-o-inferno:chapter:60f5a60806ac759c,103,covered,[4895],1,"{""keep"": 1}"
4,O Céu e o Inferno,full-staging-reconstruction,o-ceu-e-o-inferno:section:7742381987b5d1a8,7742381987b5d1a8,section,Adélaïde-Marguerite Gosse,o-ceu-e-o-inferno:chapter:60f5a60806ac759c,104,covered,[4898],1,"{""keep"": 1}"
4,O Céu e o Inferno,full-staging-reconstruction,o-ceu-e-o-inferno:section:f95da131fe27f822,f95da131fe27f822,section,Clara Rivier,o-ceu-e-o-inferno:chapter:60f5a60806ac759c,105,covered,[4899],1,"{""keep"": 1}"
4,O Céu e o Inferno,full-staging-reconstruction,o-ceu-e-o-inferno:section:9d37823f1aad40ce,9d37823f1aad40ce,section,Françoise Vernhes,o-ceu-e-o-inferno:chapter:60f5a60806ac759c,106,covered,[4901],1,"{""keep"": 1}"
4,O Céu e o Inferno,full-staging-reconstruction,o-ceu-e-o-inferno:section:2f8952719e3c5f12,2f8952719e3c5f12,section,Anna Bitter,o-ceu-e-o-inferno:chapter:60f5a60806ac759c,107,covered,[4902],1,"{""keep"": 1}"
4,O Céu e o Inferno,full-staging-reconstruction,o-ceu-e-o-inferno:section:421d24f9c73ae2f8,421d24f9c73ae2f8,section,"Joseph Maître, o cego",o-ceu-e-o-inferno:chapter:60f5a60806ac759c,108,covered,[4903],1,"{""keep"": 1}"
4,O Céu e o Inferno,full-staging-reconstruction,o-ceu-e-o-inferno:back_matter:a37da91f90a647d2,a37da91f90a647d2,back_matter,Nota Explicativa,,109,missing-current-unit,[],0,{}
4,O Céu e o Inferno,full-staging-reconstruction,o-ceu-e-o-inferno:back_matter:3363ac66db35b351,3363ac66db35b351,back_matter,Índice Geral,,110,missing-current-unit,[],0,{}
5,A Gênese,targeted-staging-reconstruction,a-genese:front_matter:19b929fd38d1afa2,19b929fd38d1afa2,front_matter,Nota da Editora,,1,missing-current-unit,[],0,{}
5,A Gênese,targeted-staging-reconstruction,a-genese:front_matter:644fea731d3f9981,644fea731d3f9981,front_matter,Introdução,,2,missing-current-unit,[],0,{}
5,A Gênese,targeted-staging-reconstruction,a-genese:division:35951e5f8c1ad9fe,35951e5f8c1ad9fe,division,A Gênese segundo o Espiritismo,,3,missing-current-unit,[],0,{}
5,A Gênese,targeted-staging-reconstruction,a-genese:chapter:af0595094b00dbc4,af0595094b00dbc4,chapter,Caráter da revelação espírita,a-genese:division:35951e5f8c1ad9fe,4,multiple-current-records,"[4907, 4908]",2,"{""keep"": 1, ""split"": 1}"
5,A Gênese,targeted-staging-reconstruction,a-genese:chapter:7a69729d545d44ec,7a69729d545d44ec,chapter,Deus,a-genese:division:35951e5f8c1ad9fe,5,covered,[4909],1,"{""keep"": 1}"
5,A Gênese,targeted-staging-reconstruction,a-genese:section:1cc749a484f3787d,1cc749a484f3787d,section,Existência de Deus,a-genese:chapter:7a69729d545d44ec,6,covered,[4910],1,"{""keep"": 1}"
5,A Gênese,targeted-staging-reconstruction,a-genese:section:6e289fb52ab4300e,6e289fb52ab4300e,section,Da natureza divina,a-genese:chapter:7a69729d545d44ec,7,covered,[4911],1,"{""keep"": 1}"
5,A Gênese,targeted-staging-reconstruction,a-genese:section:8db39298159e9943,8db39298159e9943,section,A Providência,a-genese:chapter:7a69729d545d44ec,8,covered,[4912],1,"{""keep"": 1}"
5,A Gênese,targeted-staging-reconstruction,a-genese:section:becc0d198df71200,becc0d198df71200,section,A visão de Deus,a-genese:chapter:7a69729d545d44ec,9,covered,[4913],1,"{""keep"": 1}"
5,A Gênese,targeted-staging-reconstruction,a-genese:chapter:ba73a1edf9cf0984,ba73a1edf9cf0984,chapter,O bem e o mal,a-genese:division:35951e5f8c1ad9fe,10,covered,[4914],1,"{""keep"": 1}"
5,A Gênese,targeted-staging-reconstruction,a-genese:section:2ef1a83403eee616,2ef1a83403eee616,section,Origem do bem e do mal,a-genese:chapter:ba73a1edf9cf0984,11,covered,[4915],1,"{""keep"": 1}"
5,A Gênese,targeted-staging-reconstruction,a-genese:section:3a94d77b84a2e939,3a94d77b84a2e939,section,O instinto e a inteligência,a-genese:chapter:ba73a1edf9cf0984,12,covered,[4916],1,"{""keep"": 1}"
5,A Gênese,targeted-staging-reconstruction,a-genese:section:f372f8a647f3409e,f372f8a647f3409e,section,Destruição dos seres vivos uns pelos outros,a-genese:chapter:ba73a1edf9cf0984,13,covered,[4917],1,"{""keep"": 1}"
5,A Gênese,targeted-staging-reconstruction,a-genese:chapter:b7284bbc42f35bcf,b7284bbc42f35bcf,chapter,Papel da Ciência na Gênese,a-genese:division:35951e5f8c1ad9fe,14,multiple-current-records,"[4918, 4919]",2,"{""keep"": 1, ""split"": 1}"
5,A Gênese,targeted-staging-reconstruction,a-genese:chapter:a2a42f3b752ead20,a2a42f3b752ead20,chapter,Antigos e modernos sistemas do mundo,a-genese:division:35951e5f8c1ad9fe,15,multiple-current-records,"[4920, 4921]",2,"{""keep"": 1, ""split"": 1}"
5,A Gênese,targeted-staging-reconstruction,a-genese:chapter:13b8701c61562c39,13b8701c61562c39,chapter,Uranografia geral,a-genese:division:35951e5f8c1ad9fe,16,covered,[4922],1,"{""keep"": 1}"
5,A Gênese,targeted-staging-reconstruction,a-genese:section:fea241074d671c5b,fea241074d671c5b,section,O espaço e o tempo,a-genese:chapter:13b8701c61562c39,17,covered,[4923],1,"{""keep"": 1}"
5,A Gênese,targeted-staging-reconstruction,a-genese:section:eedb3d40d7a997e5,eedb3d40d7a997e5,section,A matéria,a-genese:chapter:13b8701c61562c39,18,covered,[4924],1,"{""keep"": 1}"
5,A Gênese,targeted-staging-reconstruction,a-genese:section:15010139e77461c3,15010139e77461c3,section,As leis e as forças,a-genese:chapter:13b8701c61562c39,19,covered,[4925],1,"{""keep"": 1}"
5,A Gênese,targeted-staging-reconstruction,a-genese:section:54f40b8c84d0cede,54f40b8c84d0cede,section,A criação primária,a-genese:chapter:13b8701c61562c39,20,covered,[4926],1,"{""keep"": 1}"
5,A Gênese,targeted-staging-reconstruction,a-genese:section:2c807b1d9605ef63,2c807b1d9605ef63,section,A criação universal,a-genese:chapter:13b8701c61562c39,21,covered,[4927],1,"{""keep"": 1}"
5,A Gênese,targeted-staging-reconstruction,a-genese:section:cbbc3e0534b221b2,cbbc3e0534b221b2,section,Os sóis e os planetas,a-genese:chapter:13b8701c61562c39,22,covered,[4928],1,"{""keep"": 1}"
5,A Gênese,targeted-staging-reconstruction,a-genese:section:6d0b10c401780982,6d0b10c401780982,section,Os satélites,a-genese:chapter:13b8701c61562c39,23,covered,[4929],1,"{""keep"": 1}"
5,A Gênese,targeted-staging-reconstruction,a-genese:section:d8e88d5ca3643c43,d8e88d5ca3643c43,section,Os cometas,a-genese:chapter:13b8701c61562c39,24,covered,[4930],1,"{""keep"": 1}"
5,A Gênese,targeted-staging-reconstruction,a-genese:section:8374240cd5ca6d37,8374240cd5ca6d37,section,A Via Láctea,a-genese:chapter:13b8701c61562c39,25,covered,[4931],1,"{""keep"": 1}"
5,A Gênese,targeted-staging-reconstruction,a-genese:section:07baad0babc6e3e4,07baad0babc6e3e4,section,As estrelas fixas,a-genese:chapter:13b8701c61562c39,26,covered,[4932],1,"{""keep"": 1}"
5,A Gênese,targeted-staging-reconstruction,a-genese:section:8ecd06ff55ba4b26,8ecd06ff55ba4b26,section,Os desertos do espaço,a-genese:chapter:13b8701c61562c39,27,covered,[4933],1,"{""keep"": 1}"
5,A Gênese,targeted-staging-reconstruction,a-genese:section:d2da706a720db629,d2da706a720db629,section,Eterna sucessão dos mundos,a-genese:chapter:13b8701c61562c39,28,covered,[4934],1,"{""keep"": 1}"
5,A Gênese,targeted-staging-reconstruction,a-genese:section:110093f69011cdbe,110093f69011cdbe,section,A vida universal,a-genese:chapter:13b8701c61562c39,29,covered,[4935],1,"{""keep"": 1}"
5,A Gênese,targeted-staging-reconstruction,a-genese:section:b2b41915ec4d05ee,b2b41915ec4d05ee,section,Diversidade dos mundos,a-genese:chapter:13b8701c61562c39,30,covered,[4936],1,"{""keep"": 1}"
5,A Gênese,targeted-staging-reconstruction,a-genese:chapter:123410ff215322e1,123410ff215322e1,chapter,Esboço geológico da Terra,a-genese:division:35951e5f8c1ad9fe,31,multiple-current-records,"[4937, 4945]",2,"{""keep"": 1, ""split"": 1}"
5,A Gênese,targeted-staging-reconstruction,a-genese:section:7cbd8c3d6f6a24b2,7cbd8c3d6f6a24b2,section,Períodos geológicos,a-genese:chapter:123410ff215322e1,32,covered,[4938],1,"{""keep"": 1}"
5,A Gênese,targeted-staging-reconstruction,a-genese:section:f1e91a6576b7e1ef,f1e91a6576b7e1ef,section,Estado primitivo do globo,a-genese:chapter:123410ff215322e1,33,covered,[4939],1,"{""keep"": 1}"
5,A Gênese,targeted-staging-reconstruction,a-genese:section:023ec0e9328811bd,023ec0e9328811bd,section,Período primário,a-genese:chapter:123410ff215322e1,34,covered,[4940],1,"{""keep"": 1}"
5,A Gênese,targeted-staging-reconstruction,a-genese:section:285fac7b6d3a8e4b,285fac7b6d3a8e4b,section,Período de transição,a-genese:chapter:123410ff215322e1,35,covered,[4941],1,"{""keep"": 1}"
5,A Gênese,targeted-staging-reconstruction,a-genese:section:176f310b323ca992,176f310b323ca992,section,Período secundário,a-genese:chapter:123410ff215322e1,36,covered,[4942],1,"{""keep"": 1}"
5,A Gênese,targeted-staging-reconstruction,a-genese:section:ce227ece6795ebca,ce227ece6795ebca,section,Período terciário,a-genese:chapter:123410ff215322e1,37,covered,[4943],1,"{""keep"": 1}"
5,A Gênese,targeted-staging-reconstruction,a-genese:section:38b8a406335e82fc,38b8a406335e82fc,section,Período diluviano,a-genese:chapter:123410ff215322e1,38,covered,[4944],1,"{""keep"": 1}"
5,A Gênese,targeted-staging-reconstruction,a-genese:section:c78a3bca3910454c,c78a3bca3910454c,section,Período pós-diluviano ou atual. Nascimento do homem,a-genese:chapter:123410ff215322e1,39,missing-current-unit,[],0,{}
5,A Gênese,targeted-staging-reconstruction,a-genese:chapter:b74a85ea0b19410e,b74a85ea0b19410e,chapter,Teorias sobre a formação da Terra,a-genese:division:35951e5f8c1ad9fe,40,covered,[4946],1,"{""keep"": 1}"
5,A Gênese,targeted-staging-reconstruction,a-genese:section:a94f1ab12407a3e3,a94f1ab12407a3e3,section,Teoria da projeção,a-genese:chapter:b74a85ea0b19410e,41,covered,[4947],1,"{""keep"": 1}"
5,A Gênese,targeted-staging-reconstruction,a-genese:section:dd4aa94eb885fdb2,dd4aa94eb885fdb2,section,Teoria da condensação,a-genese:chapter:b74a85ea0b19410e,42,covered,[4948],1,"{""keep"": 1}"
5,A Gênese,targeted-staging-reconstruction,a-genese:section:17d784f8eeb9bc17,17d784f8eeb9bc17,section,Teoria da incrustação,a-genese:chapter:b74a85ea0b19410e,43,covered,[4949],1,"{""keep"": 1}"
5,A Gênese,targeted-staging-reconstruction,a-genese:section:e7bfb13055460106,e7bfb13055460106,section,Alma da Terra,a-genese:chapter:b74a85ea0b19410e,44,covered,[4950],1,"{""keep"": 1}"
5,A Gênese,targeted-staging-reconstruction,a-genese:chapter:c0c676f816849837,c0c676f816849837,chapter,Revoluções do globo,a-genese:division:35951e5f8c1ad9fe,45,covered,[4951],1,"{""keep"": 1}"
5,A Gênese,targeted-staging-reconstruction,a-genese:section:8cff37049df024a7,8cff37049df024a7,section,Revoluções gerais ou parciais,a-genese:chapter:c0c676f816849837,46,covered,[4952],1,"{""keep"": 1}"
5,A Gênese,targeted-staging-reconstruction,a-genese:section:56934150e289cabf,56934150e289cabf,section,Idade das montanhas,a-genese:chapter:c0c676f816849837,47,covered,[4953],1,"{""keep"": 1}"
5,A Gênese,targeted-staging-reconstruction,a-genese:section:c48b46e6b528a461,c48b46e6b528a461,section,Dilúvio bíblico,a-genese:chapter:c0c676f816849837,48,covered,[4954],1,"{""keep"": 1}"
5,A Gênese,targeted-staging-reconstruction,a-genese:section:43d5cc67f239f1e0,43d5cc67f239f1e0,section,Revoluções periódicas,a-genese:chapter:c0c676f816849837,49,covered,[4955],1,"{""keep"": 1}"
5,A Gênese,targeted-staging-reconstruction,a-genese:section:dd69f51f515c285b,dd69f51f515c285b,section,Cataclismos futuros,a-genese:chapter:c0c676f816849837,50,covered,[4956],1,"{""keep"": 1}"
5,A Gênese,targeted-staging-reconstruction,a-genese:section:8db2e6742ebd930a,8db2e6742ebd930a,section,Aumento ou diminuição do volume da Terra,a-genese:chapter:c0c676f816849837,51,covered,[4957],1,"{""keep"": 1}"
5,A Gênese,targeted-staging-reconstruction,a-genese:chapter:77b5b1d9c9b1a5ce,77b5b1d9c9b1a5ce,chapter,Gênese orgânica,a-genese:division:35951e5f8c1ad9fe,52,covered,[4958],1,"{""keep"": 1}"
5,A Gênese,targeted-staging-reconstruction,a-genese:section:c0c47813d7682b9f,c0c47813d7682b9f,section,Formação primária dos seres vivos,a-genese:chapter:77b5b1d9c9b1a5ce,53,covered,[4959],1,"{""keep"": 1}"
5,A Gênese,targeted-staging-reconstruction,a-genese:section:ffd10a10d0d6698e,ffd10a10d0d6698e,section,Princípio vital,a-genese:chapter:77b5b1d9c9b1a5ce,54,covered,[4960],1,"{""keep"": 1}"
5,A Gênese,targeted-staging-reconstruction,a-genese:section:392535f6aba405f6,392535f6aba405f6,section,Geração espontânea,a-genese:chapter:77b5b1d9c9b1a5ce,55,covered,[4961],1,"{""keep"": 1}"
5,A Gênese,targeted-staging-reconstruction,a-genese:section:571219248f85b91f,571219248f85b91f,section,Escala dos seres orgânicos,a-genese:chapter:77b5b1d9c9b1a5ce,56,covered,[4962],1,"{""keep"": 1}"
5,A Gênese,targeted-staging-reconstruction,a-genese:section:1693b5eca039ac8c,1693b5eca039ac8c,section,O homem corpóreo,a-genese:chapter:77b5b1d9c9b1a5ce,57,covered,[4963],1,"{""keep"": 1}"
5,A Gênese,targeted-staging-reconstruction,a-genese:chapter:6a880ca93b62f14e,6a880ca93b62f14e,chapter,Gênese espiritual,a-genese:division:35951e5f8c1ad9fe,58,multiple-current-records,"[4964, 4972, 4973]",3,"{""keep"": 1, ""split"": 2}"
5,A Gênese,targeted-staging-reconstruction,a-genese:section:86b57a362db2aa3b,86b57a362db2aa3b,section,Princípio espiritual,a-genese:chapter:6a880ca93b62f14e,59,covered,[4965],1,"{""keep"": 1}"
5,A Gênese,targeted-staging-reconstruction,a-genese:section:807800606d883921,807800606d883921,section,União do princípio espiritual à matéria,a-genese:chapter:6a880ca93b62f14e,60,covered,[4966],1,"{""keep"": 1}"
5,A Gênese,targeted-staging-reconstruction,a-genese:section:925fa4f2bbfc4b06,925fa4f2bbfc4b06,section,Hipótese sobre a origem do corpo humano,a-genese:chapter:6a880ca93b62f14e,61,covered,[4967],1,"{""keep"": 1}"
5,A Gênese,targeted-staging-reconstruction,a-genese:section:9d7857fd9cb70f8e,9d7857fd9cb70f8e,section,Encarnação dos Espíritos,a-genese:chapter:6a880ca93b62f14e,62,covered,[4968],1,"{""keep"": 1}"
5,A Gênese,targeted-staging-reconstruction,a-genese:section:ed7081dd924da1d4,ed7081dd924da1d4,section,Reencarnações,a-genese:chapter:6a880ca93b62f14e,63,covered,[4969],1,"{""keep"": 1}"
5,A Gênese,targeted-staging-reconstruction,a-genese:section:6bd54580322e02b4,6bd54580322e02b4,section,Emigrações e imigrações dos Espíritos,a-genese:chapter:6a880ca93b62f14e,64,covered,[4970],1,"{""keep"": 1}"
5,A Gênese,targeted-staging-reconstruction,a-genese:section:6e7e5507e5e269fc,6e7e5507e5e269fc,section,Raça adâmica,a-genese:chapter:6a880ca93b62f14e,65,covered,[4971],1,"{""keep"": 1}"
5,A Gênese,targeted-staging-reconstruction,a-genese:section:ed5872eefc3db57d,ed5872eefc3db57d,section,Doutrina dos anjos decaídos e da perda do paraíso,a-genese:chapter:6a880ca93b62f14e,66,missing-current-unit,[],0,{}
5,A Gênese,targeted-staging-reconstruction,a-genese:chapter:d25535e0493af0fa,d25535e0493af0fa,chapter,Gênese moisaica,a-genese:division:35951e5f8c1ad9fe,67,covered,[4974],1,"{""keep"": 1}"
5,A Gênese,targeted-staging-reconstruction,a-genese:section:fcaffe63df986c98,fcaffe63df986c98,section,Os seis dias,a-genese:chapter:d25535e0493af0fa,68,covered,[4975],1,"{""keep"": 1}"
5,A Gênese,targeted-staging-reconstruction,a-genese:section:cc31ab814ac921aa,cc31ab814ac921aa,section,Perda do paraíso,a-genese:chapter:d25535e0493af0fa,69,covered,[4976],1,"{""keep"": 1}"
5,A Gênese,targeted-staging-reconstruction,a-genese:division:d6c0ddea4f3369ac,d6c0ddea4f3369ac,division,Os milagres segundo o Espiritismo,,70,missing-current-unit,[],0,{}
5,A Gênese,targeted-staging-reconstruction,a-genese:chapter:4685321434f67c73,4685321434f67c73,chapter,Caracteres dos milagres,a-genese:division:d6c0ddea4f3369ac,71,covered,[4979],1,"{""keep"": 1}"
5,A Gênese,targeted-staging-reconstruction,a-genese:section:610f42bf1a6bf94c,610f42bf1a6bf94c,section,Os milagres no sentido teológico,a-genese:chapter:4685321434f67c73,72,covered,[4980],1,"{""keep"": 1}"
5,A Gênese,targeted-staging-reconstruction,a-genese:section:84a5f73d101522e6,84a5f73d101522e6,section,O Espiritismo não faz milagres,a-genese:chapter:4685321434f67c73,73,covered,[4981],1,"{""keep"": 1}"
5,A Gênese,targeted-staging-reconstruction,a-genese:section:48a378f88a9605f2,48a378f88a9605f2,section,Faz Deus milagres?,a-genese:chapter:4685321434f67c73,74,covered,[4982],1,"{""keep"": 1}"
5,A Gênese,targeted-staging-reconstruction,a-genese:section:059d99c19ee11beb,059d99c19ee11beb,section,O sobrenatural e as religiões,a-genese:chapter:4685321434f67c73,75,covered,[4983],1,"{""keep"": 1}"
5,A Gênese,targeted-staging-reconstruction,a-genese:chapter:a0051f14fb2993f9,a0051f14fb2993f9,chapter,Os fluidos,a-genese:division:d6c0ddea4f3369ac,76,multiple-current-records,"[4984, 4987, 4989]",3,"{""keep"": 1, ""split"": 2}"
5,A Gênese,targeted-staging-reconstruction,a-genese:group:fa73b1c0cb502f50,fa73b1c0cb502f50,group,I. Natureza e propriedades dos fluidos,a-genese:chapter:a0051f14fb2993f9,77,missing-current-unit,[],0,{}
5,A Gênese,targeted-staging-reconstruction,a-genese:section:84ab2b2a6fc87c84,84ab2b2a6fc87c84,section,Elementos fluídicos,a-genese:group:fa73b1c0cb502f50,78,covered,[4985],1,"{""keep"": 1}"
5,A Gênese,targeted-staging-reconstruction,a-genese:section:504a3793dbd588a0,504a3793dbd588a0,section,Formação e propriedades do perispírito,a-genese:group:fa73b1c0cb502f50,79,covered,[4986],1,"{""keep"": 1}"
5,A Gênese,targeted-staging-reconstruction,a-genese:section:02154f19dd9bd09c,02154f19dd9bd09c,section,Ação dos Espíritos sobre os fluidos. Criações fluídicas. Fotografia do pensamento,a-genese:group:fa73b1c0cb502f50,80,missing-current-unit,[],0,{}
5,A Gênese,targeted-staging-reconstruction,a-genese:section:ff6d5ed7de16fd9c,ff6d5ed7de16fd9c,section,Qualidades dos fluidos,a-genese:group:fa73b1c0cb502f50,81,covered,[4988],1,"{""keep"": 1}"
5,A Gênese,targeted-staging-reconstruction,a-genese:group:5113cc40c91ad700,5113cc40c91ad700,group,II. Explicação de alguns fenômenos considerados sobrenaturais,a-genese:chapter:a0051f14fb2993f9,82,missing-current-unit,[],0,{}
5,A Gênese,targeted-staging-reconstruction,a-genese:section:b4e32e234f0292fe,b4e32e234f0292fe,section,Vista espiritual ou psíquica. Dupla vista. Sonambulismo. Sonhos,a-genese:group:5113cc40c91ad700,83,missing-current-unit,[],0,{}
5,A Gênese,targeted-staging-reconstruction,a-genese:section:04c14ec163e76c33,04c14ec163e76c33,section,Catalepsia. Ressurreições,a-genese:group:5113cc40c91ad700,84,covered,[4990],1,"{""keep"": 1}"
5,A Gênese,targeted-staging-reconstruction,a-genese:section:5282179c191b4d14,5282179c191b4d14,section,Curas,a-genese:group:5113cc40c91ad700,85,covered,[4991],1,"{""keep"": 1}"
5,A Gênese,targeted-staging-reconstruction,a-genese:section:2b1b0aa088a95d41,2b1b0aa088a95d41,section,Aparições. Transfigurações,a-genese:group:5113cc40c91ad700,86,covered,[4992],1,"{""keep"": 1}"
5,A Gênese,targeted-staging-reconstruction,a-genese:section:763f26f4ac26b321,763f26f4ac26b321,section,Manifestações físicas. Mediunidade,a-genese:group:5113cc40c91ad700,87,covered,[4993],1,"{""keep"": 1}"
5,A Gênese,targeted-staging-reconstruction,a-genese:section:57048f469c2e0233,57048f469c2e0233,section,Obsessões e possessões,a-genese:group:5113cc40c91ad700,88,covered,[4994],1,"{""keep"": 1}"
5,A Gênese,targeted-staging-reconstruction,a-genese:chapter:b40691f78ebdfee6,b40691f78ebdfee6,chapter,Os milagres do Evangelho,a-genese:division:d6c0ddea4f3369ac,89,covered,[4995],1,"{""keep"": 1}"
5,A Gênese,targeted-staging-reconstruction,a-genese:section:5ee5fda8b564eb0a,5ee5fda8b564eb0a,section,Superioridade da natureza de Jesus,a-genese:chapter:b40691f78ebdfee6,90,covered,[4996],1,"{""keep"": 1}"
5,A Gênese,targeted-staging-reconstruction,a-genese:section:32b327202c62a090,32b327202c62a090,section,Sonhos,a-genese:chapter:b40691f78ebdfee6,91,covered,[4997],1,"{""keep"": 1}"
5,A Gênese,targeted-staging-reconstruction,a-genese:section:a5c717f7405c7ec9,a5c717f7405c7ec9,section,Estrela dos magos,a-genese:chapter:b40691f78ebdfee6,92,covered,[4998],1,"{""keep"": 1}"
5,A Gênese,targeted-staging-reconstruction,a-genese:group:baeccbc9efe2994c,baeccbc9efe2994c,group,Dupla vista,a-genese:chapter:b40691f78ebdfee6,93,missing-current-unit,[],0,{}
5,A Gênese,targeted-staging-reconstruction,a-genese:section:c7cf5ffb3cb3188b,c7cf5ffb3cb3188b,section,Entrada de Jesus em Jerusalém,a-genese:group:baeccbc9efe2994c,94,covered,[4999],1,"{""keep"": 1}"
5,A Gênese,targeted-staging-reconstruction,a-genese:section:cd85c68eb2262bf9,cd85c68eb2262bf9,section,Beijo de Judas,a-genese:group:baeccbc9efe2994c,95,covered,[5000],1,"{""keep"": 1}"
5,A Gênese,targeted-staging-reconstruction,a-genese:section:a85c0816e8f68a12,a85c0816e8f68a12,section,Pesca milagrosa,a-genese:group:baeccbc9efe2994c,96,covered,[5001],1,"{""keep"": 1}"
5,A Gênese,targeted-staging-reconstruction,a-genese:section:4f4cf31e97acbd93,4f4cf31e97acbd93,section,"Vocação de Pedro, André, Tiago, João e Mateus",a-genese:group:baeccbc9efe2994c,97,covered,[5002],1,"{""keep"": 1}"
5,A Gênese,targeted-staging-reconstruction,a-genese:group:7da9c3e4c6db7dc9,7da9c3e4c6db7dc9,group,Curas,a-genese:chapter:b40691f78ebdfee6,98,missing-current-unit,[],0,{}
5,A Gênese,targeted-staging-reconstruction,a-genese:section:d2dec5911463f0e2,d2dec5911463f0e2,section,Perda de sangue,a-genese:group:7da9c3e4c6db7dc9,99,covered,[5003],1,"{""keep"": 1}"
5,A Gênese,targeted-staging-reconstruction,a-genese:section:3cd1246688c9ba8c,3cd1246688c9ba8c,section,Cego de Betsaida,a-genese:group:7da9c3e4c6db7dc9,100,covered,[5004],1,"{""keep"": 1}"
5,A Gênese,targeted-staging-reconstruction,a-genese:section:6fa7de66077f89e9,6fa7de66077f89e9,section,Paralítico,a-genese:group:7da9c3e4c6db7dc9,101,covered,[5005],1,"{""keep"": 1}"
5,A Gênese,targeted-staging-reconstruction,a-genese:section:d08a4639e310654b,d08a4639e310654b,section,Os dez leprosos,a-genese:group:7da9c3e4c6db7dc9,102,covered,[5006],1,"{""keep"": 1}"
5,A Gênese,targeted-staging-reconstruction,a-genese:section:0a3bb35cc3bcf470,0a3bb35cc3bcf470,section,Mão seca,a-genese:group:7da9c3e4c6db7dc9,103,covered,[5007],1,"{""keep"": 1}"
5,A Gênese,targeted-staging-reconstruction,a-genese:section:d2d73f978eec0bfc,d2d73f978eec0bfc,section,A mulher curvada,a-genese:group:7da9c3e4c6db7dc9,104,covered,[5008],1,"{""keep"": 1}"
5,A Gênese,targeted-staging-reconstruction,a-genese:section:2fed683d6cf78f7b,2fed683d6cf78f7b,section,O paralítico da piscina,a-genese:group:7da9c3e4c6db7dc9,105,covered,[5009],1,"{""keep"": 1}"
5,A Gênese,targeted-staging-reconstruction,a-genese:section:5600647ce64e19ab,5600647ce64e19ab,section,Cego de nascença,a-genese:group:7da9c3e4c6db7dc9,106,covered,[5010],1,"{""keep"": 1}"
5,A Gênese,targeted-staging-reconstruction,a-genese:section:eefd323f5810215d,eefd323f5810215d,section,Numerosas curas operadas por Jesus,a-genese:group:7da9c3e4c6db7dc9,107,covered,[5011],1,"{""keep"": 1}"
5,A Gênese,targeted-staging-reconstruction,a-genese:section:6ab7af16ca97b195,6ab7af16ca97b195,section,Possessos,a-genese:chapter:b40691f78ebdfee6,108,covered,[5012],1,"{""keep"": 1}"
5,A Gênese,targeted-staging-reconstruction,a-genese:group:0e91f2a2746faf3d,0e91f2a2746faf3d,group,Ressurreições,a-genese:chapter:b40691f78ebdfee6,109,missing-current-unit,[],0,{}
5,A Gênese,targeted-staging-reconstruction,a-genese:section:0bb783dc777c3db0,0bb783dc777c3db0,section,A filha de Jairo,a-genese:group:0e91f2a2746faf3d,110,covered,[5013],1,"{""keep"": 1}"
5,A Gênese,targeted-staging-reconstruction,a-genese:section:7cf60f3bfebb6f7a,7cf60f3bfebb6f7a,section,O filho da viúva de Naim,a-genese:group:0e91f2a2746faf3d,111,covered,[5014],1,"{""keep"": 1}"
5,A Gênese,targeted-staging-reconstruction,a-genese:section:03599811358d3112,03599811358d3112,section,Jesus caminha sobre a água,a-genese:chapter:b40691f78ebdfee6,112,covered,[5015],1,"{""keep"": 1}"
5,A Gênese,targeted-staging-reconstruction,a-genese:section:e685619111a28451,e685619111a28451,section,Transfiguração,a-genese:chapter:b40691f78ebdfee6,113,covered,[5016],1,"{""keep"": 1}"
5,A Gênese,targeted-staging-reconstruction,a-genese:section:358638f98cef5859,358638f98cef5859,section,Tempestade aplacada,a-genese:chapter:b40691f78ebdfee6,114,covered,[5017],1,"{""keep"": 1}"
5,A Gênese,targeted-staging-reconstruction,a-genese:section:8f59906cb58239ad,8f59906cb58239ad,section,Bodas de Caná,a-genese:chapter:b40691f78ebdfee6,115,covered,[5018],1,"{""keep"": 1}"
5,A Gênese,targeted-staging-reconstruction,a-genese:group:4988e6678cbe7757,4988e6678cbe7757,group,Multiplicação dos pães,a-genese:chapter:b40691f78ebdfee6,116,covered,[5019],1,"{""keep"": 1}"
5,A Gênese,targeted-staging-reconstruction,a-genese:section:c165b29614e1b147,c165b29614e1b147,section,O fermento dos fariseus,a-genese:group:4988e6678cbe7757,117,covered,[5020],1,"{""keep"": 1}"
5,A Gênese,targeted-staging-reconstruction,a-genese:section:5591375472e3f0b2,5591375472e3f0b2,section,O pão do céu,a-genese:group:4988e6678cbe7757,118,covered,[5021],1,"{""keep"": 1}"
5,A Gênese,targeted-staging-reconstruction,a-genese:section:2053f2faf93a3a13,2053f2faf93a3a13,section,Tentação de Jesus,a-genese:chapter:b40691f78ebdfee6,119,covered,[5022],1,"{""keep"": 1}"
5,A Gênese,targeted-staging-reconstruction,a-genese:section:662ad53ce60d3732,662ad53ce60d3732,section,Prodígios por ocasião da morte de Jesus,a-genese:chapter:b40691f78ebdfee6,120,covered,[5023],1,"{""keep"": 1}"
5,A Gênese,targeted-staging-reconstruction,a-genese:section:571992d8e2e200a2,571992d8e2e200a2,section,Aparição de Jesus após sua morte,a-genese:chapter:b40691f78ebdfee6,121,covered,[5024],1,"{""keep"": 1}"
5,A Gênese,targeted-staging-reconstruction,a-genese:section:786a01f3863fcb3a,786a01f3863fcb3a,section,Desaparecimento do corpo de Jesus,a-genese:chapter:b40691f78ebdfee6,122,covered,[5025],1,"{""keep"": 1}"
5,A Gênese,targeted-staging-reconstruction,a-genese:division:5ef1e2b43c045863,5ef1e2b43c045863,division,As predições segundo o Espiritismo,,123,missing-current-unit,[],0,{}
5,A Gênese,targeted-staging-reconstruction,a-genese:chapter:7c0495505da74005,7c0495505da74005,chapter,Teoria da presciência,a-genese:division:5ef1e2b43c045863,124,multiple-current-records,"[5028, 5029]",2,"{""keep"": 1, ""split"": 1}"
5,A Gênese,targeted-staging-reconstruction,a-genese:chapter:1e0437074e7bfda7,1e0437074e7bfda7,chapter,Predições do Evangelho,a-genese:division:5ef1e2b43c045863,125,covered,[5030],1,"{""keep"": 1}"
5,A Gênese,targeted-staging-reconstruction,a-genese:section:a2f6c0226e8ddb4d,a2f6c0226e8ddb4d,section,Ninguém é profeta em sua terra,a-genese:chapter:1e0437074e7bfda7,126,covered,[5031],1,"{""keep"": 1}"
5,A Gênese,targeted-staging-reconstruction,a-genese:section:2ef83aeba52d44ca,2ef83aeba52d44ca,section,Morte e paixão de Jesus,a-genese:chapter:1e0437074e7bfda7,127,covered,[5032],1,"{""keep"": 1}"
5,A Gênese,targeted-staging-reconstruction,a-genese:section:8548ec2cd72724af,8548ec2cd72724af,section,Perseguição aos apóstolos,a-genese:chapter:1e0437074e7bfda7,128,covered,[5033],1,"{""keep"": 1}"
5,A Gênese,targeted-staging-reconstruction,a-genese:section:c6e762b20f963639,c6e762b20f963639,section,Cidades impenitentes,a-genese:chapter:1e0437074e7bfda7,129,covered,[5034],1,"{""keep"": 1}"
5,A Gênese,targeted-staging-reconstruction,a-genese:section:c301b9930af2a76c,c301b9930af2a76c,section,Ruína do Templo e de Jerusalém,a-genese:chapter:1e0437074e7bfda7,130,covered,[5035],1,"{""keep"": 1}"
5,A Gênese,targeted-staging-reconstruction,a-genese:section:f5fa9d2bd204571c,f5fa9d2bd204571c,section,Maldição contra os fariseus,a-genese:chapter:1e0437074e7bfda7,131,covered,[5036],1,"{""keep"": 1}"
5,A Gênese,targeted-staging-reconstruction,a-genese:section:1e22622f60c0b15f,1e22622f60c0b15f,section,Minhas palavras não passarão,a-genese:chapter:1e0437074e7bfda7,132,covered,[5037],1,"{""keep"": 1}"
5,A Gênese,targeted-staging-reconstruction,a-genese:section:cef857c6b86fb169,cef857c6b86fb169,section,A pedra angular,a-genese:chapter:1e0437074e7bfda7,133,covered,[5038],1,"{""keep"": 1}"
5,A Gênese,targeted-staging-reconstruction,a-genese:section:29d0ac724fb21e9b,29d0ac724fb21e9b,section,Parábola dos vinhateiros homicidas,a-genese:chapter:1e0437074e7bfda7,134,covered,[5039],1,"{""keep"": 1}"
5,A Gênese,targeted-staging-reconstruction,a-genese:section:c532cc0f51097b55,c532cc0f51097b55,section,Um só rebanho e um só pastor,a-genese:chapter:1e0437074e7bfda7,135,covered,[5040],1,"{""keep"": 1}"
5,A Gênese,targeted-staging-reconstruction,a-genese:section:eaf010e15ee2cfe1,eaf010e15ee2cfe1,section,Advento de Elias,a-genese:chapter:1e0437074e7bfda7,136,covered,[5041],1,"{""keep"": 1}"
5,A Gênese,targeted-staging-reconstruction,a-genese:section:7f32e6b3db1a84c5,7f32e6b3db1a84c5,section,Anunciação do Consolador,a-genese:chapter:1e0437074e7bfda7,137,covered,[5042],1,"{""keep"": 1}"
5,A Gênese,targeted-staging-reconstruction,a-genese:section:3c46bd51d333964d,3c46bd51d333964d,section,Segundo advento do Cristo,a-genese:chapter:1e0437074e7bfda7,138,covered,[5043],1,"{""keep"": 1}"
5,A Gênese,targeted-staging-reconstruction,a-genese:section:59a81ce051e6aa04,59a81ce051e6aa04,section,Sinais precursores,a-genese:chapter:1e0437074e7bfda7,139,covered,[5044],1,"{""keep"": 1}"
5,A Gênese,targeted-staging-reconstruction,a-genese:section:2ea119dfa4da1abc,2ea119dfa4da1abc,section,Vossos filhos e vossas filhas profetizarão,a-genese:chapter:1e0437074e7bfda7,140,covered,[5045],1,"{""keep"": 1}"
5,A Gênese,targeted-staging-reconstruction,a-genese:section:9e3553a3f9843730,9e3553a3f9843730,section,Juízo final,a-genese:chapter:1e0437074e7bfda7,141,covered,[5046],1,"{""keep"": 1}"
5,A Gênese,targeted-staging-reconstruction,a-genese:chapter:d24c2b7cab43629a,d24c2b7cab43629a,chapter,São chegados os tempos,a-genese:division:5ef1e2b43c045863,142,multiple-current-records,"[5047, 5050]",2,"{""keep"": 1, ""split"": 1}"
5,A Gênese,targeted-staging-reconstruction,a-genese:section:f608d1718b990475,f608d1718b990475,section,Sinais dos tempos,a-genese:chapter:d24c2b7cab43629a,143,covered,[5048],1,"{""keep"": 1}"
5,A Gênese,targeted-staging-reconstruction,a-genese:section:ff53a190ca79c2b0,ff53a190ca79c2b0,section,A geração nova,a-genese:chapter:d24c2b7cab43629a,144,covered,[5049],1,"{""keep"": 1}"
5,A Gênese,targeted-staging-reconstruction,a-genese:back_matter:b8dfb61bbd1a474c,b8dfb61bbd1a474c,back_matter,Nota Explicativa,,145,missing-current-unit,[],0,{}
5,A Gênese,targeted-staging-reconstruction,a-genese:back_matter:a6a04a974c09f91b,a6a04a974c09f91b,back_matter,Índice Geral,,146,missing-current-unit,[],0,{}
